$ npm run test:e2e-smoke

> my-module@0.2.0 test:e2e-smoke
> node --test --test-force-exit 'domains/**/tests/smoke/**/*.test.js' 'src/tests/smoke/**/*.test.js'

TAP version 13
# Subtest: [billing smoke] 인보이스 목록 조회 성공
ok 1 - [billing smoke] 인보이스 목록 조회 성공
  ---
  duration_ms: 2.411563
  type: 'test'
  ...
# Subtest: [billing smoke] 권한 없는 인보이스 생성 거부
ok 2 - [billing smoke] 권한 없는 인보이스 생성 거부
  ---
  duration_ms: 0.411357
  type: 'test'
  ...
# Subtest: [billing smoke] 존재하지 않는 결제 조회는 404
ok 3 - [billing smoke] 존재하지 않는 결제 조회는 404
  ---
  duration_ms: 0.365581
  type: 'test'
  ...
# Subtest: [task-management smoke] 생성 후 상세 조회 성공
ok 4 - [task-management smoke] 생성 후 상세 조회 성공
  ---
  duration_ms: 1.683185
  type: 'test'
  ...
# Subtest: [task-management smoke] 권한 없는 목록 조회 거부
ok 5 - [task-management smoke] 권한 없는 목록 조회 거부
  ---
  duration_ms: 0.38102
  type: 'test'
  ...
# Subtest: [task-management smoke] 존재하지 않는 작업 조회는 404
ok 6 - [task-management smoke] 존재하지 않는 작업 조회는 404
  ---
  duration_ms: 0.193375
  type: 'test'
  ...
# Subtest: [adaptive starter] learned preset memory is promoted into starter defaults
ok 7 - [adaptive starter] learned preset memory is promoted into starter defaults
  ---
  duration_ms: 267.431598
  type: 'test'
  ...
# Subtest: [apply checkpoint] pre-apply review artifact is generated from decision and promotion state
ok 8 - [apply checkpoint] pre-apply review artifact is generated from decision and promotion state
  ---
  duration_ms: 820.394626
  type: 'test'
  ...
# Subtest: [execution packet apply] exported packet can be applied to current-wp and next-actions
ok 9 - [execution packet apply] exported packet can be applied to current-wp and next-actions
  ---
  duration_ms: 51.740382
  type: 'test'
  ...
# Subtest: [apply outcome scorecard] apply history and token efficiency are summarized
ok 10 - [apply outcome scorecard] apply history and token efficiency are summarized
  ---
  duration_ms: 671.509991
  type: 'test'
  ...
# Subtest: [apply timeline] recent decision/apply history is summarized
ok 11 - [apply timeline] recent decision/apply history is summarized
  ---
  duration_ms: 887.381969
  type: 'test'
  ...
# Subtest: [architecture fitness smoke] boundary guardrails pass for current domains
ok 12 - [architecture fitness smoke] boundary guardrails pass for current domains
  ---
  duration_ms: 44.514863
  type: 'test'
  ...
# Subtest: [benchmark pack] goal-specific benchmark action pack is generated
ok 13 - [benchmark pack] goal-specific benchmark action pack is generated
  ---
  duration_ms: 83.589788
  type: 'test'
  ...
# (node:22100) ExperimentalWarning: SQLite is an experimental feature and might change at any time
# (Use `node --trace-warnings ...` to show where the warning was created)
# {"timestamp":"2026-04-22T14:40:33.457Z","level":"warn","service":"my-module","event":"server.draining","reason":"manual","drain_started_at":"2026-04-22T14:40:33.457Z"}
# Subtest: [billing video event wiring smoke] POST /invoices → InvoiceCreated 이벤트가 ring buffer에 기록된다
ok 14 - [billing video event wiring smoke] POST /invoices → InvoiceCreated 이벤트가 ring buffer에 기록된다
  ---
  duration_ms: 20.345997
  type: 'test'
  ...
# {"timestamp":"2026-04-22T14:40:33.463Z","level":"warn","service":"my-module","event":"server.draining","reason":"manual","drain_started_at":"2026-04-22T14:40:33.463Z"}
# Subtest: [billing video event wiring smoke] POST /videos → VideoUploaded 이벤트가 ring buffer에 기록된다
ok 15 - [billing video event wiring smoke] POST /videos → VideoUploaded 이벤트가 ring buffer에 기록된다
  ---
  duration_ms: 5.571182
  type: 'test'
  ...
# {"timestamp":"2026-04-22T14:40:33.466Z","level":"info","service":"my-module","event":"metric.counter","name":"http_requests_total","delta":1,"total":1,"attributes":{"route":"/health","method":"GET"}}
# {"timestamp":"2026-04-22T14:40:33.466Z","level":"info","service":"my-module","event":"span.end","trace_id":"46ace15936a34048878a5ef930138efa","span_id":"955ff1e4ca0c4daa","parent_span_id":null,"name":"http.GET /health","duration_ms":0,"status":"ok","attributes":{"http.method":"GET","http.route":"/health"}}
# {"timestamp":"2026-04-22T14:40:33.470Z","level":"info","service":"my-module","event":"metric.counter","name":"http_requests_total","delta":1,"total":2,"attributes":{"route":"/health","method":"GET"}}
# {"timestamp":"2026-04-22T14:40:33.470Z","level":"info","service":"my-module","event":"span.end","trace_id":"bb0e1455b7d34c5084e13b6eab5a1dda","span_id":"f28e2f0efcfe437f","parent_span_id":null,"name":"http.GET /health","duration_ms":0,"status":"ok","attributes":{"http.method":"GET","http.route":"/health"}}
# {"timestamp":"2026-04-22T14:40:33.471Z","level":"warn","service":"my-module","event":"server.draining","reason":"manual","drain_started_at":"2026-04-22T14:40:33.471Z"}
# Subtest: [billing video event wiring smoke] EventBus getStats().publishCount가 billing+video 액션 후 증가한다
ok 16 - [billing video event wiring smoke] EventBus getStats().publishCount가 billing+video 액션 후 증가한다
  ---
  duration_ms: 7.279867
  type: 'test'
  ...
# Subtest: [blueprint launch] blueprint start deck is generated for the current goal
ok 17 - [blueprint launch] blueprint start deck is generated for the current goal
  ---
  duration_ms: 110.748588
  type: 'test'
  ...
# Subtest: [branch bootstrap smoke] current packet maps to a branch recommendation and commit template
ok 18 - [branch bootstrap smoke] current packet maps to a branch recommendation and commit template
  ---
  duration_ms: 75.946383
  type: 'test'
  ...
# Subtest: [capability brief] current capability summary joins hierarchy, planning mode, and benchmark focus
ok 19 - [capability brief] current capability summary joins hierarchy, planning mode, and benchmark focus
  ---
  duration_ms: 159.262899
  type: 'test'
  ...
# Subtest: [capability seed] capability-specific planning seed sections are generated
ok 20 - [capability seed] capability-specific planning seed sections are generated
  ---
  duration_ms: 165.28252
  type: 'test'
  ...
# Subtest: [capability seed tuning] mapped planning sections are generated from seed and feedback
ok 21 - [capability seed tuning] mapped planning sections are generated from seed and feedback
  ---
  duration_ms: 177.293495
  type: 'test'
  ...
# Subtest: [planning fit] constraint and adapter fit report is generated from current state
ok 22 - [planning fit] constraint and adapter fit report is generated from current state
  ---
  duration_ms: 61.634927
  type: 'test'
  ...
# Subtest: [handoff bundle] context, fit, and replay are composed into one artifact
ok 23 - [handoff bundle] context, fit, and replay are composed into one artifact
  ---
  duration_ms: 75.893568
  type: 'test'
  ...
# Subtest: [context drift] changed and missing files are surfaced from a lock manifest
ok 24 - [context drift] changed and missing files are surfaced from a lock manifest
  ---
  duration_ms: 42.540776
  type: 'test'
  ...
# Subtest: [context exception] bounded extra-read ledger is generated from remaining headroom
ok 25 - [context exception] bounded extra-read ledger is generated from remaining headroom
  ---
  duration_ms: 59.103557
  type: 'test'
  ...
# Subtest: [contract drift smoke] requirement-defined contracts validate cleanly
not ok 26 - [contract drift smoke] requirement-defined contracts validate cleanly
  ---
  duration_ms: 324.324963
  type: 'test'
  location: '/root/workspace/my-module/src/tests/smoke/contractDrift.smoke.test.js:11:1'
  failureType: 'testCodeFailure'
  error: |-
    Command failed: python3 scripts/validate_contract_drift.py
    
  code: 1
  stack: |-
    genericNodeError (node:internal/errors:983:15)
    wrappedFn (node:internal/errors:537:14)
    ChildProcess.exithandler (node:child_process:417:12)
    ChildProcess.emit (node:events:519:28)
    maybeClose (node:internal/child_process:1101:16)
    ChildProcess._handle.onexit (node:internal/child_process:304:5)
  ...
# Subtest: [contract drift smoke] ui shell control api contract stays aligned with frontend and runtime endpoints
ok 27 - [contract drift smoke] ui shell control api contract stays aligned with frontend and runtime endpoints
  ---
  duration_ms: 100.079576
  type: 'test'
  ...
# (node:22251) ExperimentalWarning: SQLite is an experimental feature and might change at any time
# (Use `node --trace-warnings ...` to show where the warning was created)
# {"timestamp":"2026-04-22T14:40:33.849Z","level":"info","service":"my-module","event":"metric.counter","name":"control_center_prompt_recommendations_total","delta":1,"total":1,"attributes":{"route":"/api/automation/optimize-prompt","method":"GET"}}
# {"timestamp":"2026-04-22T14:40:33.849Z","level":"info","service":"my-module","event":"span.end","trace_id":"f835ea1cf25745308c1a9287ca05ca1f","span_id":"df7b84233ab145f7","parent_span_id":"59b7d278ef3a44d7","name":"control_center.optimize_prompt","duration_ms":161,"status":"ok","attributes":{"http.route":"/api/automation/optimize-prompt","http.request.method":"GET","code.function":"createAppHandler","control_center.operation.duration_ms":161,"control_center.prompt.source":"planning-studio-snapshot","control_center.snapshot.ok":true}}
# {"timestamp":"2026-04-22T14:40:33.850Z","level":"info","service":"my-module","event":"metric.histogram","name":"control_center_operation_duration_ms","value":161,"unit":"ms","attributes":{"operation":"control_center.optimize_prompt","route":"/api/automation/optimize-prompt","method":"GET"}}
# {"timestamp":"2026-04-22T14:40:33.850Z","level":"info","service":"my-module","event":"control_center.operation","trace_id":"f835ea1cf25745308c1a9287ca05ca1f","parent_span_id":"59b7d278ef3a44d7","span_id":"df7b84233ab145f7","correlation_id":"f1a96d42-27cf-4b70-8c93-439188451e09","request_id":"f1a96d42-27cf-4b70-8c93-439188451e09","operation":"control_center.optimize_prompt","route":"/api/automation/optimize-prompt","method":"GET","duration_ms":161,"message":"ok","control_center.prompt.source":"planning-studio-snapshot","control_center.snapshot.ok":true}
# {"timestamp":"2026-04-22T14:40:33.860Z","level":"info","service":"my-module","event":"metric.counter","name":"pty_bridge_sessions_read_total","delta":1,"total":1,"attributes":{"route":"/api/pty/sessions","method":"GET"}}
# {"timestamp":"2026-04-22T14:40:33.860Z","level":"info","service":"my-module","event":"span.end","trace_id":"24b0cded499f48f9a7db29dbc5cae497","span_id":"fc4eb9cb5bb74dcf","parent_span_id":"b01a8deca5a149b9","name":"pty.bridge.sessions","duration_ms":0,"status":"ok","attributes":{"http.route":"/api/pty/sessions","http.request.method":"GET","code.function":"createAppHandler","control_center.operation.duration_ms":0,"pty.session.count":1}}
# {"timestamp":"2026-04-22T14:40:33.860Z","level":"info","service":"my-module","event":"metric.histogram","name":"control_center_operation_duration_ms","value":0,"unit":"ms","attributes":{"operation":"pty.bridge.sessions","route":"/api/pty/sessions","method":"GET"}}
# {"timestamp":"2026-04-22T14:40:33.860Z","level":"info","service":"my-module","event":"control_center.operation","trace_id":"24b0cded499f48f9a7db29dbc5cae497","parent_span_id":"b01a8deca5a149b9","span_id":"fc4eb9cb5bb74dcf","correlation_id":"539d754f-a4e8-4ec0-8146-8dbee542758a","request_id":"539d754f-a4e8-4ec0-8146-8dbee542758a","operation":"pty.bridge.sessions","route":"/api/pty/sessions","method":"GET","duration_ms":0,"message":"ok","pty.session.count":1}
# {"timestamp":"2026-04-22T14:40:33.866Z","level":"info","service":"my-module","event":"metric.counter","name":"pty_bridge_send_total","delta":1,"total":1,"attributes":{"route":"/api/pty/send","method":"POST","action":"prompt"}}
# {"timestamp":"2026-04-22T14:40:33.866Z","level":"info","service":"my-module","event":"span.end","trace_id":"d6cc1af6a9d94571bb82dba24b99bcf4","span_id":"5b79fd5561974043","parent_span_id":"2673a5692d0740ad","name":"pty.bridge.send","duration_ms":0,"status":"ok","attributes":{"http.route":"/api/pty/send","http.request.method":"POST","code.function":"createAppHandler","control_center.operation.duration_ms":0,"pty.session.pts":"node-control-center","pty.send.action":"prompt","pty.packet.id":"WP-OBS-1"}}
# {"timestamp":"2026-04-22T14:40:33.867Z","level":"info","service":"my-module","event":"metric.histogram","name":"control_center_operation_duration_ms","value":0,"unit":"ms","attributes":{"operation":"pty.bridge.send","route":"/api/pty/send","method":"POST"}}
# {"timestamp":"2026-04-22T14:40:33.867Z","level":"info","service":"my-module","event":"control_center.operation","trace_id":"d6cc1af6a9d94571bb82dba24b99bcf4","parent_span_id":"2673a5692d0740ad","span_id":"5b79fd5561974043","correlation_id":"49633184-e8fd-4921-8213-e89787192886","request_id":"49633184-e8fd-4921-8213-e89787192886","operation":"pty.bridge.send","route":"/api/pty/send","method":"POST","duration_ms":0,"message":"ok","pty.session.pts":"node-control-center","pty.send.action":"prompt","pty.packet.id":"WP-OBS-1"}
# {"timestamp":"2026-04-22T14:40:33.869Z","level":"info","service":"my-module","event":"metric.counter","name":"pty_bridge_failures_total","delta":1,"total":1,"attributes":{"route":"/api/pty/send","method":"POST","reason":"missing_pts"}}
# {"timestamp":"2026-04-22T14:40:33.869Z","level":"info","service":"my-module","event":"span.end","trace_id":"3edfc19eef084865adf9db7cc279448c","span_id":"67898750c3b34894","parent_span_id":"66a7834f5b744426","name":"pty.bridge.send","duration_ms":0,"status":"error","attributes":{"http.route":"/api/pty/send","http.request.method":"POST","code.function":"createAppHandler","exception.type":"Error","exception.message":"pts required","control_center.operation.duration_ms":0,"pty.send.reason":"missing_pts"}}
# {"timestamp":"2026-04-22T14:40:33.870Z","level":"info","service":"my-module","event":"metric.histogram","name":"control_center_operation_duration_ms","value":0,"unit":"ms","attributes":{"operation":"pty.bridge.send","route":"/api/pty/send","method":"POST","error":true}}
# {"timestamp":"2026-04-22T14:40:33.870Z","level":"info","service":"my-module","event":"control_center.operation.failed","trace_id":"3edfc19eef084865adf9db7cc279448c","parent_span_id":"66a7834f5b744426","span_id":"67898750c3b34894","correlation_id":"f8b84698-21bf-442f-b6e4-a72b636339b5","request_id":"f8b84698-21bf-442f-b6e4-a72b636339b5","operation":"pty.bridge.send","route":"/api/pty/send","method":"POST","duration_ms":0,"error_message":"pts required","pty.send.reason":"missing_pts"}
# {"timestamp":"2026-04-22T14:40:33.871Z","level":"info","service":"my-module","event":"metric.counter","name":"pty_scheduler_status_read_total","delta":1,"total":1,"attributes":{"route":"/api/pty/scheduler/status","method":"GET"}}
# {"timestamp":"2026-04-22T14:40:33.871Z","level":"info","service":"my-module","event":"span.end","trace_id":"4ea2e9e40e1b4f7297ee41796068af07","span_id":"8afd54e0ee9347e4","parent_span_id":"666efe06a57447b8","name":"pty.scheduler.status","duration_ms":0,"status":"ok","attributes":{"http.route":"/api/pty/scheduler/status","http.request.method":"GET","code.function":"createAppHandler","control_center.operation.duration_ms":0,"pty.scheduler.running":false,"pty.scheduler.worker_count":0}}
# {"timestamp":"2026-04-22T14:40:33.871Z","level":"info","service":"my-module","event":"metric.histogram","name":"control_center_operation_duration_ms","value":0,"unit":"ms","attributes":{"operation":"pty.scheduler.status","route":"/api/pty/scheduler/status","method":"GET"}}
# {"timestamp":"2026-04-22T14:40:33.871Z","level":"info","service":"my-module","event":"control_center.operation","trace_id":"4ea2e9e40e1b4f7297ee41796068af07","parent_span_id":"666efe06a57447b8","span_id":"8afd54e0ee9347e4","correlation_id":"0454c4c8-d3ec-437d-a824-67ffedabf585","request_id":"0454c4c8-d3ec-437d-a824-67ffedabf585","operation":"pty.scheduler.status","route":"/api/pty/scheduler/status","method":"GET","duration_ms":0,"message":"ok","pty.scheduler.running":false,"pty.scheduler.worker_count":0}
# {"timestamp":"2026-04-22T14:40:33.874Z","level":"info","service":"my-module","event":"metric.counter","name":"pty_scheduler_start_total","delta":1,"total":1,"attributes":{"route":"/api/pty/scheduler/start","method":"POST"}}
# {"timestamp":"2026-04-22T14:40:33.874Z","level":"info","service":"my-module","event":"span.end","trace_id":"8888d3dc635a488e9dd275713f43d532","span_id":"13466b88694f4a0e","parent_span_id":"af3e6ca29fa94325","name":"pty.scheduler.start","duration_ms":1,"status":"ok","attributes":{"http.route":"/api/pty/scheduler/start","http.request.method":"POST","code.function":"createAppHandler","control_center.operation.duration_ms":1,"pty.scheduler.worker_count":1}}
# {"timestamp":"2026-04-22T14:40:33.874Z","level":"info","service":"my-module","event":"metric.histogram","name":"control_center_operation_duration_ms","value":1,"unit":"ms","attributes":{"operation":"pty.scheduler.start","route":"/api/pty/scheduler/start","method":"POST"}}
# {"timestamp":"2026-04-22T14:40:33.874Z","level":"info","service":"my-module","event":"control_center.operation","trace_id":"8888d3dc635a488e9dd275713f43d532","parent_span_id":"af3e6ca29fa94325","span_id":"13466b88694f4a0e","correlation_id":"b5f95561-40d5-4bc2-8b4a-d05c0f1347e9","request_id":"b5f95561-40d5-4bc2-8b4a-d05c0f1347e9","operation":"pty.scheduler.start","route":"/api/pty/scheduler/start","method":"POST","duration_ms":1,"message":"ok","pty.scheduler.worker_count":1}
# {"timestamp":"2026-04-22T14:40:33.875Z","level":"info","service":"my-module","event":"metric.counter","name":"pty_scheduler_status_read_total","delta":1,"total":2,"attributes":{"route":"/api/pty/scheduler/status","method":"GET"}}
# {"timestamp":"2026-04-22T14:40:33.875Z","level":"info","service":"my-module","event":"span.end","trace_id":"075f938cc000495ebe514aca09d76dbd","span_id":"34eedcd3c23f4866","parent_span_id":"d79132e2e70d4a37","name":"pty.scheduler.status","duration_ms":0,"status":"ok","attributes":{"http.route":"/api/pty/scheduler/status","http.request.method":"GET","code.function":"createAppHandler","control_center.operation.duration_ms":0,"pty.scheduler.running":true,"pty.scheduler.worker_count":1}}
# {"timestamp":"2026-04-22T14:40:33.875Z","level":"info","service":"my-module","event":"metric.histogram","name":"control_center_operation_duration_ms","value":0,"unit":"ms","attributes":{"operation":"pty.scheduler.status","route":"/api/pty/scheduler/status","method":"GET"}}
# {"timestamp":"2026-04-22T14:40:33.875Z","level":"info","service":"my-module","event":"control_center.operation","trace_id":"075f938cc000495ebe514aca09d76dbd","parent_span_id":"d79132e2e70d4a37","span_id":"34eedcd3c23f4866","correlation_id":"266beebb-56e3-4d77-ad8c-a3ece54e7893","request_id":"266beebb-56e3-4d77-ad8c-a3ece54e7893","operation":"pty.scheduler.status","route":"/api/pty/scheduler/status","method":"GET","duration_ms":0,"message":"ok","pty.scheduler.running":true,"pty.scheduler.worker_count":1}
# {"timestamp":"2026-04-22T14:40:33.877Z","level":"info","service":"my-module","event":"metric.counter","name":"pty_scheduler_stop_total","delta":1,"total":1,"attributes":{"route":"/api/pty/scheduler/stop","method":"POST"}}
# {"timestamp":"2026-04-22T14:40:33.878Z","level":"info","service":"my-module","event":"span.end","trace_id":"2695c28ac519454eb5bd6e9e46566b37","span_id":"931fd4b6809948c1","parent_span_id":"7151f64718454613","name":"pty.scheduler.stop","duration_ms":1,"status":"ok","attributes":{"http.route":"/api/pty/scheduler/stop","http.request.method":"POST","code.function":"createAppHandler","control_center.operation.duration_ms":1,"pty.scheduler.worker_count":1}}
# {"timestamp":"2026-04-22T14:40:33.878Z","level":"info","service":"my-module","event":"metric.histogram","name":"control_center_operation_duration_ms","value":1,"unit":"ms","attributes":{"operation":"pty.scheduler.stop","route":"/api/pty/scheduler/stop","method":"POST"}}
# {"timestamp":"2026-04-22T14:40:33.878Z","level":"info","service":"my-module","event":"control_center.operation","trace_id":"2695c28ac519454eb5bd6e9e46566b37","parent_span_id":"7151f64718454613","span_id":"931fd4b6809948c1","correlation_id":"c015ad89-abfc-444c-ae5c-7a1e5a98e98e","request_id":"c015ad89-abfc-444c-ae5c-7a1e5a98e98e","operation":"pty.scheduler.stop","route":"/api/pty/scheduler/stop","method":"POST","duration_ms":1,"message":"ok","pty.scheduler.worker_count":1}
# {"timestamp":"2026-04-22T14:40:34.263Z","level":"info","service":"my-module","event":"span.end","trace_id":"cf7e85b469034d1d9841e0298d6c758c","span_id":"ce28653445c74515","parent_span_id":"84b60937c3fa4749","name":"planning_studio.stage_run","duration_ms":383,"status":"ok","attributes":{"http.route":"/api/planning-studio/stage-run","http.request.method":"POST","code.function":"createAppHandler","control_center.operation.duration_ms":383,"stage_run.stage":"D","stage_run.module":"task-management","stage_run.mode":"dry-run","stage_run.status":"ready","stage_run.report_saved":true,"stage_run.release_evidence.generated":false}}
# {"timestamp":"2026-04-22T14:40:34.263Z","level":"info","service":"my-module","event":"metric.histogram","name":"control_center_operation_duration_ms","value":383,"unit":"ms","attributes":{"operation":"planning_studio.stage_run","route":"/api/planning-studio/stage-run","method":"POST"}}
# {"timestamp":"2026-04-22T14:40:34.263Z","level":"info","service":"my-module","event":"control_center.operation","trace_id":"cf7e85b469034d1d9841e0298d6c758c","parent_span_id":"84b60937c3fa4749","span_id":"ce28653445c74515","correlation_id":"358727ae-7b1e-498b-ab8c-bb7dea7c5c4c","request_id":"358727ae-7b1e-498b-ab8c-bb7dea7c5c4c","operation":"planning_studio.stage_run","route":"/api/planning-studio/stage-run","method":"POST","duration_ms":383,"message":"ok","stage_run.stage":"D","stage_run.module":"task-management","stage_run.mode":"dry-run","stage_run.status":"ready","stage_run.report_saved":true,"stage_run.release_evidence.generated":false}
# {"timestamp":"2026-04-22T14:40:34.263Z","level":"info","service":"my-module","event":"metric.counter","name":"stage_run_report_saved_total","delta":1,"total":1,"attributes":{"route":"/api/planning-studio/stage-run","method":"POST","stage":"D","module":"task-management","mode":"dry-run"}}
# {"timestamp":"2026-04-22T14:40:34.263Z","level":"info","service":"my-module","event":"stage_run.save_ok","correlation_id":"358727ae-7b1e-498b-ab8c-bb7dea7c5c4c","request_id":"358727ae-7b1e-498b-ab8c-bb7dea7c5c4c","stage":"D","module":"task-management"}
# {"timestamp":"2026-04-22T14:40:34.266Z","level":"warn","service":"my-module","event":"server.draining","reason":"test","drain_started_at":"2026-04-22T14:40:34.266Z"}
# Subtest: [control center observability smoke] node bridge emits control-center metrics
ok 28 - [control center observability smoke] node bridge emits control-center metrics
  ---
  duration_ms: 611.10697
  type: 'test'
  ...
# {"timestamp":"2026-04-22T14:40:34.273Z","level":"info","service":"my-module","event":"metric.counter","name":"http_requests_total","delta":1,"total":1,"attributes":{"route":"/flags","method":"GET"}}
# {"timestamp":"2026-04-22T14:40:34.273Z","level":"info","service":"my-module","event":"span.end","trace_id":"48b8016d87cc44b98484f8773273665d","span_id":"8a6d02832ed94d96","parent_span_id":null,"name":"http.GET /flags","duration_ms":0,"status":"ok","attributes":{"http.method":"GET","http.route":"/flags"}}
# {"timestamp":"2026-04-22T14:40:34.275Z","level":"warn","service":"my-module","event":"server.draining","reason":"test","drain_started_at":"2026-04-22T14:40:34.275Z"}
# Subtest: [control center observability smoke] GET /flags returns full flag state with env-override visibility
ok 29 - [control center observability smoke] GET /flags returns full flag state with env-override visibility
  ---
  duration_ms: 7.981201
  type: 'test'
  ...
# {"timestamp":"2026-04-22T14:40:34.278Z","level":"info","service":"my-module","event":"metric.counter","name":"http_requests_total","delta":1,"total":2,"attributes":{"route":"/readyz","method":"GET","status":200}}
# {"timestamp":"2026-04-22T14:40:34.278Z","level":"info","service":"my-module","event":"span.end","trace_id":"c6081b5a02274ea696e9e7313d07ab15","span_id":"540101e0428c40d6","parent_span_id":null,"name":"http.GET /readyz","duration_ms":0,"status":"ok","attributes":{"http.method":"GET","http.route":"/readyz","http.status_code":200}}
# {"timestamp":"2026-04-22T14:40:34.279Z","level":"warn","service":"my-module","event":"server.draining","reason":"test","drain_started_at":"2026-04-22T14:40:34.279Z"}
# Subtest: [control center observability smoke] GET /readyz includes env_overridden_flags and enabled_flags
ok 30 - [control center observability smoke] GET /readyz includes env_overridden_flags and enabled_flags
  ---
  duration_ms: 3.899197
  type: 'test'
  ...
# Subtest: [decision apply] promotion decision can bridge directly to apply flow
ok 31 - [decision apply] promotion decision can bridge directly to apply flow
  ---
  duration_ms: 994.760692
  type: 'test'
  ...
# Subtest: [deployment ingress failure] unreachable target produces FAIL artifact with failure recorded
ok 32 - [deployment ingress failure] unreachable target produces FAIL artifact with failure recorded
  ---
  duration_ms: 50.008331
  type: 'test'
  ...
# Subtest: [deployment ingress failure] --require-https with HTTP target fails with ingress-https step and rollback_trigger
ok 33 - [deployment ingress failure] --require-https with HTTP target fails with ingress-https step and rollback_trigger
  ---
  duration_ms: 21.241608
  type: 'test'
  ...
# Subtest: [deployment ingress failure] --require-https with HTTPS base-url passes the ingress gate (regression check)
ok 34 - [deployment ingress failure] --require-https with HTTPS base-url passes the ingress gate (regression check)
  ---
  duration_ms: 40.124839
  type: 'test'
  ...
# (node:22282) ExperimentalWarning: SQLite is an experimental feature and might change at any time
# (Use `node --trace-warnings ...` to show where the warning was created)
# Subtest: [domain event bus smoke] InMemoryEventPublisher observer pattern
    # Subtest: onPublish callback fires for each published event
    ok 1 - onPublish callback fires for each published event
      ---
      duration_ms: 0.59524
      type: 'test'
      ...
    # Subtest: multiple subscribers all receive the same event
    ok 2 - multiple subscribers all receive the same event
      ---
      duration_ms: 1.139725
      type: 'test'
      ...
    # Subtest: subscriber error does not break subsequent subscribers or publisher
    ok 3 - subscriber error does not break subsequent subscribers or publisher
      ---
      duration_ms: 0.953788
      type: 'test'
      ...
    # Subtest: published events still accumulate in .published array
    ok 4 - published events still accumulate in .published array
      ---
      duration_ms: 0.181746
      type: 'test'
      ...
    # Subtest: toCloudEvent wraps domain event in CloudEvents v1.0 envelope
    ok 5 - toCloudEvent wraps domain event in CloudEvents v1.0 envelope
      ---
      duration_ms: 0.706735
      type: 'test'
      ...
    # Subtest: single event (non-array) published via onPublish fires callback once
    ok 6 - single event (non-array) published via onPublish fires callback once
      ---
      duration_ms: 0.172121
      type: 'test'
      ...
    1..6
ok 35 - [domain event bus smoke] InMemoryEventPublisher observer pattern
  ---
  duration_ms: 4.823678
  type: 'suite'
  ...
# {"timestamp":"2026-04-22T14:40:33.719Z","level":"warn","service":"my-module","event":"server.draining","reason":"manual","drain_started_at":"2026-04-22T14:40:33.719Z"}
# Subtest: [domain event bus smoke] GET /api/v1/domain-events — ring buffer observable
    # Subtest: domain events from POST /tasks appear at GET /api/v1/domain-events
    ok 1 - domain events from POST /tasks appear at GET /api/v1/domain-events
      ---
      duration_ms: 23.887496
      type: 'test'
      ...
    1..1
ok 36 - [domain event bus smoke] GET /api/v1/domain-events — ring buffer observable
  ---
  duration_ms: 25.645815
  type: 'suite'
  ...
# (node:22297) ExperimentalWarning: SQLite is an experimental feature and might change at any time
# (Use `node --trace-warnings ...` to show where the warning was created)
# {"timestamp":"2026-04-22T14:40:41.126Z","level":"info","service":"my-module","event":"metric.counter","name":"control_center_prompt_recommendations_total","delta":1,"total":1,"attributes":{"route":"/api/automation/optimize-prompt","method":"GET"}}
# {"timestamp":"2026-04-22T14:40:41.126Z","level":"info","service":"my-module","event":"span.end","trace_id":"40bcc1ce1d7b4c159b5a81002add6a58","span_id":"58b5b5f76c084c3e","parent_span_id":"e5286b3d66224725","name":"control_center.optimize_prompt","duration_ms":142,"status":"ok","attributes":{"http.route":"/api/automation/optimize-prompt","http.request.method":"GET","code.function":"createAppHandler","control_center.operation.duration_ms":142,"control_center.prompt.source":"planning-studio-snapshot","control_center.snapshot.ok":true}}
# {"timestamp":"2026-04-22T14:40:41.126Z","level":"info","service":"my-module","event":"metric.histogram","name":"control_center_operation_duration_ms","value":142,"unit":"ms","attributes":{"operation":"control_center.optimize_prompt","route":"/api/automation/optimize-prompt","method":"GET"}}
# {"timestamp":"2026-04-22T14:40:41.126Z","level":"info","service":"my-module","event":"control_center.operation","trace_id":"40bcc1ce1d7b4c159b5a81002add6a58","parent_span_id":"e5286b3d66224725","span_id":"58b5b5f76c084c3e","correlation_id":"6ac32747-ae0e-4d8c-987c-114b0fd4babc","request_id":"6ac32747-ae0e-4d8c-987c-114b0fd4babc","operation":"control_center.optimize_prompt","route":"/api/automation/optimize-prompt","method":"GET","duration_ms":142,"message":"ok","control_center.prompt.source":"planning-studio-snapshot","control_center.snapshot.ok":true}
# {"timestamp":"2026-04-22T14:40:41.130Z","level":"info","service":"my-module","event":"metric.counter","name":"pty_bridge_sessions_read_total","delta":1,"total":1,"attributes":{"route":"/api/pty/sessions","method":"GET"}}
# {"timestamp":"2026-04-22T14:40:41.130Z","level":"info","service":"my-module","event":"span.end","trace_id":"9c0b8c4c04494898a09d9dd8a0ae9e84","span_id":"1dc8d3bc404d477d","parent_span_id":"734c8c903f1b4eb0","name":"pty.bridge.sessions","duration_ms":0,"status":"ok","attributes":{"http.route":"/api/pty/sessions","http.request.method":"GET","code.function":"createAppHandler","control_center.operation.duration_ms":0,"pty.session.count":1}}
# {"timestamp":"2026-04-22T14:40:41.130Z","level":"info","service":"my-module","event":"metric.histogram","name":"control_center_operation_duration_ms","value":0,"unit":"ms","attributes":{"operation":"pty.bridge.sessions","route":"/api/pty/sessions","method":"GET"}}
# {"timestamp":"2026-04-22T14:40:41.130Z","level":"info","service":"my-module","event":"control_center.operation","trace_id":"9c0b8c4c04494898a09d9dd8a0ae9e84","parent_span_id":"734c8c903f1b4eb0","span_id":"1dc8d3bc404d477d","correlation_id":"66ce88e6-2ff3-4851-ae46-50538393cda1","request_id":"66ce88e6-2ff3-4851-ae46-50538393cda1","operation":"pty.bridge.sessions","route":"/api/pty/sessions","method":"GET","duration_ms":0,"message":"ok","pty.session.count":1}
# {"timestamp":"2026-04-22T14:40:41.135Z","level":"info","service":"my-module","event":"metric.counter","name":"pty_bridge_send_total","delta":1,"total":1,"attributes":{"route":"/api/pty/send","method":"POST","action":"prompt"}}
# {"timestamp":"2026-04-22T14:40:41.135Z","level":"info","service":"my-module","event":"span.end","trace_id":"969cd8f12b3c4d73a30fcaf62a47bbb2","span_id":"d4a873d4014542ab","parent_span_id":"480da4952e3c4005","name":"pty.bridge.send","duration_ms":0,"status":"ok","attributes":{"http.route":"/api/pty/send","http.request.method":"POST","code.function":"createAppHandler","control_center.operation.duration_ms":0,"pty.session.pts":"node-control-center","pty.send.action":"prompt","pty.packet.id":"WP-SMOKE"}}
# {"timestamp":"2026-04-22T14:40:41.135Z","level":"info","service":"my-module","event":"metric.histogram","name":"control_center_operation_duration_ms","value":0,"unit":"ms","attributes":{"operation":"pty.bridge.send","route":"/api/pty/send","method":"POST"}}
# {"timestamp":"2026-04-22T14:40:41.135Z","level":"info","service":"my-module","event":"control_center.operation","trace_id":"969cd8f12b3c4d73a30fcaf62a47bbb2","parent_span_id":"480da4952e3c4005","span_id":"d4a873d4014542ab","correlation_id":"d773809b-789c-4eef-9700-f30167cfe05f","request_id":"d773809b-789c-4eef-9700-f30167cfe05f","operation":"pty.bridge.send","route":"/api/pty/send","method":"POST","duration_ms":0,"message":"ok","pty.session.pts":"node-control-center","pty.send.action":"prompt","pty.packet.id":"WP-SMOKE"}
# {"timestamp":"2026-04-22T14:40:44.730Z","level":"info","service":"my-module","event":"metric.counter","name":"pty_scheduler_status_read_total","delta":1,"total":1,"attributes":{"route":"/api/pty/scheduler/status","method":"GET"}}
# {"timestamp":"2026-04-22T14:40:44.730Z","level":"info","service":"my-module","event":"span.end","trace_id":"2f96eed7c214469287ad903b68ad84b9","span_id":"335396fe76f64260","parent_span_id":"273d7368702543c7","name":"pty.scheduler.status","duration_ms":0,"status":"ok","attributes":{"http.route":"/api/pty/scheduler/status","http.request.method":"GET","code.function":"createAppHandler","control_center.operation.duration_ms":0,"pty.scheduler.running":false,"pty.scheduler.worker_count":0}}
# {"timestamp":"2026-04-22T14:40:44.730Z","level":"info","service":"my-module","event":"metric.histogram","name":"control_center_operation_duration_ms","value":0,"unit":"ms","attributes":{"operation":"pty.scheduler.status","route":"/api/pty/scheduler/status","method":"GET"}}
# {"timestamp":"2026-04-22T14:40:44.730Z","level":"info","service":"my-module","event":"control_center.operation","trace_id":"2f96eed7c214469287ad903b68ad84b9","parent_span_id":"273d7368702543c7","span_id":"335396fe76f64260","correlation_id":"67d51ff1-e223-401e-b2fd-1790a6286d66","request_id":"67d51ff1-e223-401e-b2fd-1790a6286d66","operation":"pty.scheduler.status","route":"/api/pty/scheduler/status","method":"GET","duration_ms":0,"message":"ok","pty.scheduler.running":false,"pty.scheduler.worker_count":0}
# {"timestamp":"2026-04-22T14:40:44.731Z","level":"info","service":"my-module","event":"metric.counter","name":"pty_scheduler_start_total","delta":1,"total":1,"attributes":{"route":"/api/pty/scheduler/start","method":"POST"}}
# {"timestamp":"2026-04-22T14:40:44.731Z","level":"info","service":"my-module","event":"span.end","trace_id":"70c5b1857446478d9b5a56842f4fd49b","span_id":"d5a3f037c969434d","parent_span_id":"28738702b1f44828","name":"pty.scheduler.start","duration_ms":0,"status":"ok","attributes":{"http.route":"/api/pty/scheduler/start","http.request.method":"POST","code.function":"createAppHandler","control_center.operation.duration_ms":0,"pty.scheduler.worker_count":1}}
# {"timestamp":"2026-04-22T14:40:44.732Z","level":"info","service":"my-module","event":"metric.histogram","name":"control_center_operation_duration_ms","value":0,"unit":"ms","attributes":{"operation":"pty.scheduler.start","route":"/api/pty/scheduler/start","method":"POST"}}
# {"timestamp":"2026-04-22T14:40:44.732Z","level":"info","service":"my-module","event":"control_center.operation","trace_id":"70c5b1857446478d9b5a56842f4fd49b","parent_span_id":"28738702b1f44828","span_id":"d5a3f037c969434d","correlation_id":"436bb9c9-4530-4bd5-82dc-0a304ca0a831","request_id":"436bb9c9-4530-4bd5-82dc-0a304ca0a831","operation":"pty.scheduler.start","route":"/api/pty/scheduler/start","method":"POST","duration_ms":0,"message":"ok","pty.scheduler.worker_count":1}
# {"timestamp":"2026-04-22T14:40:44.735Z","level":"info","service":"my-module","event":"metric.counter","name":"pty_scheduler_status_read_total","delta":1,"total":2,"attributes":{"route":"/api/pty/scheduler/status","method":"GET"}}
# {"timestamp":"2026-04-22T14:40:44.735Z","level":"info","service":"my-module","event":"span.end","trace_id":"ae729ab60b6e4a7ab0316154b844fe1b","span_id":"65f7a01381664695","parent_span_id":"81746e87d2bb4f3c","name":"pty.scheduler.status","duration_ms":0,"status":"ok","attributes":{"http.route":"/api/pty/scheduler/status","http.request.method":"GET","code.function":"createAppHandler","control_center.operation.duration_ms":0,"pty.scheduler.running":true,"pty.scheduler.worker_count":1}}
# {"timestamp":"2026-04-22T14:40:44.735Z","level":"info","service":"my-module","event":"metric.histogram","name":"control_center_operation_duration_ms","value":0,"unit":"ms","attributes":{"operation":"pty.scheduler.status","route":"/api/pty/scheduler/status","method":"GET"}}
# {"timestamp":"2026-04-22T14:40:44.735Z","level":"info","service":"my-module","event":"control_center.operation","trace_id":"ae729ab60b6e4a7ab0316154b844fe1b","parent_span_id":"81746e87d2bb4f3c","span_id":"65f7a01381664695","correlation_id":"250d3a18-1b90-413c-913a-237f4459325f","request_id":"250d3a18-1b90-413c-913a-237f4459325f","operation":"pty.scheduler.status","route":"/api/pty/scheduler/status","method":"GET","duration_ms":0,"message":"ok","pty.scheduler.running":true,"pty.scheduler.worker_count":1}
# {"timestamp":"2026-04-22T14:40:44.736Z","level":"info","service":"my-module","event":"metric.counter","name":"pty_bridge_send_total","delta":1,"total":2,"attributes":{"route":"/api/pty/send-now","method":"POST","action":"prompt"}}
# {"timestamp":"2026-04-22T14:40:46.991Z","level":"info","service":"my-module","event":"metric.counter","name":"pty_bridge_send_total","delta":1,"total":3,"attributes":{"route":"/api/pty/enter-now","method":"POST","action":"enter"}}
# {"timestamp":"2026-04-22T14:40:46.992Z","level":"info","service":"my-module","event":"metric.counter","name":"pty_scheduler_stop_total","delta":1,"total":1,"attributes":{"route":"/api/pty/scheduler/stop","method":"POST"}}
# {"timestamp":"2026-04-22T14:40:46.992Z","level":"info","service":"my-module","event":"span.end","trace_id":"5e7c0fba6c914c009f69dbb8706b58a9","span_id":"76f6ea8ec539492e","parent_span_id":"eb04eab4e634490f","name":"pty.scheduler.stop","duration_ms":0,"status":"ok","attributes":{"http.route":"/api/pty/scheduler/stop","http.request.method":"POST","code.function":"createAppHandler","control_center.operation.duration_ms":0,"pty.scheduler.worker_count":1}}
# {"timestamp":"2026-04-22T14:40:46.992Z","level":"info","service":"my-module","event":"metric.histogram","name":"control_center_operation_duration_ms","value":0,"unit":"ms","attributes":{"operation":"pty.scheduler.stop","route":"/api/pty/scheduler/stop","method":"POST"}}
# {"timestamp":"2026-04-22T14:40:46.992Z","level":"info","service":"my-module","event":"control_center.operation","trace_id":"5e7c0fba6c914c009f69dbb8706b58a9","parent_span_id":"eb04eab4e634490f","span_id":"76f6ea8ec539492e","correlation_id":"16f82913-632e-423b-b136-735412fed28c","request_id":"16f82913-632e-423b-b136-735412fed28c","operation":"pty.scheduler.stop","route":"/api/pty/scheduler/stop","method":"POST","duration_ms":0,"message":"ok","pty.scheduler.worker_count":1}
# {"timestamp":"2026-04-22T14:40:46.994Z","level":"info","service":"my-module","event":"metric.counter","name":"pty_scheduler_status_read_total","delta":1,"total":3,"attributes":{"route":"/api/pty/scheduler/status","method":"GET"}}
# {"timestamp":"2026-04-22T14:40:46.994Z","level":"info","service":"my-module","event":"span.end","trace_id":"e4ef99b6fb8e448e861829c1a6641836","span_id":"2e383a5f2b5f44d1","parent_span_id":"5f52d009746a4b6b","name":"pty.scheduler.status","duration_ms":0,"status":"ok","attributes":{"http.route":"/api/pty/scheduler/status","http.request.method":"GET","code.function":"createAppHandler","control_center.operation.duration_ms":0,"pty.scheduler.running":false,"pty.scheduler.worker_count":1}}
# {"timestamp":"2026-04-22T14:40:46.994Z","level":"info","service":"my-module","event":"metric.histogram","name":"control_center_operation_duration_ms","value":0,"unit":"ms","attributes":{"operation":"pty.scheduler.status","route":"/api/pty/scheduler/status","method":"GET"}}
# {"timestamp":"2026-04-22T14:40:46.994Z","level":"info","service":"my-module","event":"control_center.operation","trace_id":"e4ef99b6fb8e448e861829c1a6641836","parent_span_id":"5f52d009746a4b6b","span_id":"2e383a5f2b5f44d1","correlation_id":"e2bcbb49-a1f3-440b-af72-8f4b49280b6d","request_id":"e2bcbb49-a1f3-440b-af72-8f4b49280b6d","operation":"pty.scheduler.status","route":"/api/pty/scheduler/status","method":"GET","duration_ms":0,"message":"ok","pty.scheduler.running":false,"pty.scheduler.worker_count":1}
# {"timestamp":"2026-04-22T14:40:46.995Z","level":"warn","service":"my-module","event":"server.draining","reason":"test","drain_started_at":"2026-04-22T14:40:46.995Z"}
# Subtest: [dynamic frontend server smoke] node server renders dynamic frontend surfaces and keeps planning api alive
ok 37 - [dynamic frontend server smoke] node server renders dynamic frontend surfaces and keeps planning api alive
  ---
  duration_ms: 12234.835347
  type: 'test'
  ...
# {"timestamp":"2026-04-22T14:40:46.999Z","level":"info","service":"my-module","event":"metric.counter","name":"pty_bridge_failures_total","delta":1,"total":1,"attributes":{"route":"/api/pty/send","method":"POST","reason":"missing_pts"}}
# {"timestamp":"2026-04-22T14:40:46.999Z","level":"info","service":"my-module","event":"span.end","trace_id":"70831f30b9e54df1a61b62c113c61584","span_id":"9ec74097b3d74693","parent_span_id":"d81d200ed5554dc4","name":"pty.bridge.send","duration_ms":0,"status":"error","attributes":{"http.route":"/api/pty/send","http.request.method":"POST","code.function":"createAppHandler","exception.type":"Error","exception.message":"pts required","control_center.operation.duration_ms":0,"pty.send.reason":"missing_pts"}}
# {"timestamp":"2026-04-22T14:40:46.999Z","level":"info","service":"my-module","event":"metric.histogram","name":"control_center_operation_duration_ms","value":0,"unit":"ms","attributes":{"operation":"pty.bridge.send","route":"/api/pty/send","method":"POST","error":true}}
# {"timestamp":"2026-04-22T14:40:46.999Z","level":"info","service":"my-module","event":"control_center.operation.failed","trace_id":"70831f30b9e54df1a61b62c113c61584","parent_span_id":"d81d200ed5554dc4","span_id":"9ec74097b3d74693","correlation_id":"7e5671b5-0d7f-4fca-8ef9-538245b3473f","request_id":"7e5671b5-0d7f-4fca-8ef9-538245b3473f","operation":"pty.bridge.send","route":"/api/pty/send","method":"POST","duration_ms":0,"error_message":"pts required","pty.send.reason":"missing_pts"}
# {"timestamp":"2026-04-22T14:40:48.202Z","level":"info","service":"my-module","event":"metric.counter","name":"pty_bridge_failures_total","delta":1,"total":2,"attributes":{"route":"/api/pty/send","method":"POST","reason":"unknown_pts"}}
# {"timestamp":"2026-04-22T14:40:48.202Z","level":"info","service":"my-module","event":"span.end","trace_id":"1e8e242f9f6044f6b502f68302a676b5","span_id":"f9f9300fec864229","parent_span_id":"b1a27c8508ab475b","name":"pty.bridge.send","duration_ms":0,"status":"error","attributes":{"http.route":"/api/pty/send","http.request.method":"POST","code.function":"createAppHandler","exception.type":"Error","exception.message":"unknown pts","control_center.operation.duration_ms":0,"pty.send.reason":"unknown_pts","pty.session.pts":"/dev/pts/99999"}}
# {"timestamp":"2026-04-22T14:40:48.202Z","level":"info","service":"my-module","event":"metric.histogram","name":"control_center_operation_duration_ms","value":0,"unit":"ms","attributes":{"operation":"pty.bridge.send","route":"/api/pty/send","method":"POST","error":true}}
# {"timestamp":"2026-04-22T14:40:48.202Z","level":"info","service":"my-module","event":"control_center.operation.failed","trace_id":"1e8e242f9f6044f6b502f68302a676b5","parent_span_id":"b1a27c8508ab475b","span_id":"f9f9300fec864229","correlation_id":"2d39e7ce-f024-4209-a98e-63b64048915d","request_id":"2d39e7ce-f024-4209-a98e-63b64048915d","operation":"pty.bridge.send","route":"/api/pty/send","method":"POST","duration_ms":0,"error_message":"unknown pts","pty.send.reason":"unknown_pts","pty.session.pts":"/dev/pts/99999"}
# {"timestamp":"2026-04-22T14:40:49.299Z","level":"warn","service":"my-module","event":"server.draining","reason":"test","drain_started_at":"2026-04-22T14:40:49.299Z"}
# Subtest: [dynamic frontend server smoke] PTY send errors return RFC 7807 Problem Details
ok 38 - [dynamic frontend server smoke] PTY send errors return RFC 7807 Problem Details
  ---
  duration_ms: 2302.812507
  type: 'test'
  ...
# Subtest: [env-init] --dry-run outputs scaffold without writing file
ok 39 - [env-init] --dry-run outputs scaffold without writing file
  ---
  duration_ms: 23.188239
  type: 'test'
  ...
# Subtest: [env-init] generates .env scaffold in empty temp directory
ok 40 - [env-init] generates .env scaffold in empty temp directory
  ---
  duration_ms: 26.351421
  type: 'test'
  ...
# Subtest: [env-init] preserves existing active settings on incremental add
ok 41 - [env-init] preserves existing active settings on incremental add
  ---
  duration_ms: 23.17393
  type: 'test'
  ...
# Subtest: [env-init] groups flags into released/internal sections when metadata.json is present
ok 42 - [env-init] groups flags into released/internal sections when metadata.json is present
  ---
  duration_ms: 28.306007
  type: 'test'
  ...
# Subtest: [env-init] --force rewrites .env and creates .env.bak
ok 43 - [env-init] --force rewrites .env and creates .env.bak
  ---
  duration_ms: 34.160494
  type: 'test'
  ...
# (node:22314) ExperimentalWarning: SQLite is an experimental feature and might change at any time
# (Use `node --trace-warnings ...` to show where the warning was created)
# {"timestamp":"2026-04-22T14:40:33.750Z","level":"warn","service":"my-module","event":"server.draining","reason":"manual","drain_started_at":"2026-04-22T14:40:33.750Z"}
# {"timestamp":"2026-04-22T14:40:33.752Z","level":"warn","service":"my-module","event":"server.draining","reason":"manual","drain_started_at":"2026-04-22T14:40:33.752Z"}
# Subtest: [eventbus wiring smoke] task 생성 후 domain-events ring buffer에 이벤트가 기록된다
ok 44 - [eventbus wiring smoke] task 생성 후 domain-events ring buffer에 이벤트가 기록된다
  ---
  duration_ms: 21.706657
  type: 'test'
  ...
# Subtest: [eventbus wiring smoke] EventBus.getInstance()는 서버 시작 후 항상 동일 인스턴스
ok 45 - [eventbus wiring smoke] EventBus.getInstance()는 서버 시작 후 항상 동일 인스턴스
  ---
  duration_ms: 1.722571
  type: 'test'
  ...
# Subtest: [exception packet] bounded extra context becomes a packet draft
ok 46 - [exception packet] bounded extra context becomes a packet draft
  ---
  duration_ms: 57.422904
  type: 'test'
  ...
# Subtest: [exception replay] allowed exception context is summarized for study and next actions
ok 47 - [exception replay] allowed exception context is summarized for study and next actions
  ---
  duration_ms: 52.38722
  type: 'test'
  ...
# Subtest: [exception routing] exception replay becomes routing patch suggestions
ok 48 - [exception routing] exception replay becomes routing patch suggestions
  ---
  duration_ms: 55.12809
  type: 'test'
  ...
# Subtest: [context bundle export] current-wp and routing profile become a minimal read bundle
ok 49 - [context bundle export] current-wp and routing profile become a minimal read bundle
  ---
  duration_ms: 56.702812
  type: 'test'
  ...
# Subtest: [context lock] exact file manifest is exported for minimal read tiers
ok 50 - [context lock] exact file manifest is exported for minimal read tiers
  ---
  duration_ms: 63.457294
  type: 'test'
  ...
# [FeatureFlagProvider] ENV override: billing.enabled=true (via WOS_FLAG_BILLING_ENABLED) — rollout bypassed
# [FeatureFlagProvider] ENV override: enable_task_management=true (via WOS_FLAG_ENABLE_TASK_MANAGEMENT) — rollout bypassed
# [FeatureFlagProvider] ENV override: enable_debug_mode=false (via WOS_FLAG_ENABLE_DEBUG_MODE) — rollout bypassed
# [FeatureFlagProvider] ENV override: my_feature=true (via WOS_FLAG_MY_FEATURE) — rollout bypassed
# Subtest: [feature flags] evaluates metadata, targeting, hooks, and stale state
ok 51 - [feature flags] evaluates metadata, targeting, hooks, and stale state
  ---
  duration_ms: 4.833843
  type: 'test'
  ...
# Subtest: [feature flags] WOS_FLAG_ env override activates declared flags without creating phantom flags
ok 52 - [feature flags] WOS_FLAG_ env override activates declared flags without creating phantom flags
  ---
  duration_ms: 1.656848
  type: 'test'
  ...
# Subtest: [feature flags] WOS_FLAG_ env override can also disable a yaml-enabled flag
ok 53 - [feature flags] WOS_FLAG_ env override can also disable a yaml-enabled flag
  ---
  duration_ms: 2.136337
  type: 'test'
  ...
# Subtest: [feature flags] WOS_FLAG_ env override bypasses rollout percentage — full env activation
ok 54 - [feature flags] WOS_FLAG_ env override bypasses rollout percentage — full env activation
  ---
  duration_ms: 0.621871
  type: 'test'
  ...
# Subtest: [harness contract smoke] provider adapter contract baseline validates
ok 55 - [harness contract smoke] provider adapter contract baseline validates
  ---
  duration_ms: 126.684009
  type: 'test'
  ...
# Subtest: [harness evals smoke] offline harness eval runner emits a report artifact
ok 56 - [harness evals smoke] offline harness eval runner emits a report artifact
  ---
  duration_ms: 28.18646
  type: 'test'
  ...
# (node:22495) ExperimentalWarning: SQLite is an experimental feature and might change at any time
# (Use `node --trace-warnings ...` to show where the warning was created)
# Subtest: [harness live provider] HARNESS_PROVIDER=openai selects openai-responses chain
ok 57 - [harness live provider] HARNESS_PROVIDER=openai selects openai-responses chain
  ---
  duration_ms: 0.994341
  type: 'test'
  ...
# Subtest: [harness live provider] no HARNESS_PROVIDER uses null fallback chain
ok 58 - [harness live provider] no HARNESS_PROVIDER uses null fallback chain
  ---
  duration_ms: 0.211294
  type: 'test'
  ...
# {"timestamp":"2026-04-22T14:40:34.015Z","level":"info","service":"my-module","event":"span.end","trace_id":"dcc5288b7a2d4fae83fecb706d1b99d3","span_id":"e15bcc90715b4d6d","parent_span_id":null,"name":"harness.provider.route","duration_ms":0,"status":"ok","attributes":{"harness.route.id":"mini-build","harness.route.mode":"Build","harness.route.tier":"mini"}}
# {"timestamp":"2026-04-22T14:40:34.015Z","level":"info","service":"my-module","event":"span.end","trace_id":"c3b8d5b926804999b4c8c59b6094d394","span_id":"3b3a6f3798cc4116","parent_span_id":null,"name":"harness.provider.invoke","duration_ms":0,"status":"error","attributes":{"harness.provider.id":"openai-responses","harness.route.id":"mini-build","harness.route.mode":"Build","exception.type":"Error","exception.message":"OpenAI provider requester or API key is not configured"}}
# {"timestamp":"2026-04-22T14:40:34.015Z","level":"warn","service":"my-module","event":"harness.provider.invoke_failed","correlation_id":"fb4b03a1-359f-4ac3-91bc-865b27b2c48e","request_id":"fb4b03a1-359f-4ac3-91bc-865b27b2c48e","provider_id":"openai-responses","route_id":"mini-build","error_code":"PROVIDER_NOT_CONFIGURED","error_message":"OpenAI provider requester or API key is not configured"}
# {"timestamp":"2026-04-22T14:40:34.015Z","level":"info","service":"my-module","event":"span.end","trace_id":"b23d5559080b4e8fb68319e19e381ee0","span_id":"9edee84be26a4bfa","parent_span_id":null,"name":"harness.provider.fallback","duration_ms":0,"status":"ok","attributes":{"harness.provider.from":"openai-responses","harness.provider.to":"null-harness-provider","harness.provider.reason":"PROVIDER_NOT_CONFIGURED"}}
# {"timestamp":"2026-04-22T14:40:34.016Z","level":"info","service":"my-module","event":"metric.histogram","name":"gen_ai_client_operation_duration_ms","value":0,"unit":"ms","attributes":{"provider_id":"null-harness-provider","route_id":"mini-build","mode":"Build"}}
# {"timestamp":"2026-04-22T14:40:34.016Z","level":"info","service":"my-module","event":"metric.counter","name":"gen_ai_client_input_tokens","delta":20,"total":20,"attributes":{"provider_id":"null-harness-provider","route_id":"mini-build","mode":"Build"}}
# {"timestamp":"2026-04-22T14:40:34.016Z","level":"info","service":"my-module","event":"metric.counter","name":"gen_ai_client_output_tokens","delta":1,"total":1,"attributes":{"provider_id":"null-harness-provider","route_id":"mini-build","mode":"Build"}}
# {"timestamp":"2026-04-22T14:40:34.016Z","level":"info","service":"my-module","event":"span.end","trace_id":"8264ea21704b49e0a7fba43efe57f497","span_id":"e035ce012eae41d7","parent_span_id":null,"name":"harness.provider.invoke","duration_ms":1,"status":"ok","attributes":{"harness.provider.id":"null-harness-provider","harness.route.id":"mini-build","harness.route.mode":"Build","harness.provider.fallback_applied":true,"harness.provider.model":"null-mini"}}
# {"timestamp":"2026-04-22T14:40:34.016Z","level":"info","service":"my-module","event":"harness.provider.invoke","correlation_id":"fb4b03a1-359f-4ac3-91bc-865b27b2c48e","request_id":"fb4b03a1-359f-4ac3-91bc-865b27b2c48e","provider_id":"null-harness-provider","model":"null-mini","route_id":"mini-build","reasoning_effort":"medium","prompt_version":"0.2.0","retry_count":0,"fallback_applied":true,"latency_ms":0,"input_tokens":20,"output_tokens":1}
# {"timestamp":"2026-04-22T14:40:34.016Z","level":"info","service":"my-module","event":"metric.counter","name":"control_center_prompt_recommendations_total","delta":1,"total":1,"attributes":{}}
# {"timestamp":"2026-04-22T14:40:34.016Z","level":"info","service":"my-module","event":"span.end","trace_id":"0cdccc35420043cbbc42931753d39804","span_id":"306c973c89fb4ffb","parent_span_id":"7559e88de61147d7","name":"harness.prompt_recommendation","duration_ms":2,"status":"ok","attributes":{"http.route":"/api/harness/prompt-recommendation","http.request.method":"POST","code.function":"createAppHandler","control_center.operation.duration_ms":2,"harness.mode":"Build","harness.route_id":"mini-build","harness.provider_id":"null-harness-provider","harness.fallback_applied":"true"}}
# {"timestamp":"2026-04-22T14:40:34.016Z","level":"info","service":"my-module","event":"metric.histogram","name":"control_center_operation_duration_ms","value":2,"unit":"ms","attributes":{"operation":"harness.prompt_recommendation","route":"/api/harness/prompt-recommendation","method":"POST"}}
# {"timestamp":"2026-04-22T14:40:34.016Z","level":"info","service":"my-module","event":"control_center.operation","trace_id":"0cdccc35420043cbbc42931753d39804","parent_span_id":"7559e88de61147d7","span_id":"306c973c89fb4ffb","correlation_id":"fb4b03a1-359f-4ac3-91bc-865b27b2c48e","request_id":"fb4b03a1-359f-4ac3-91bc-865b27b2c48e","operation":"harness.prompt_recommendation","route":"/api/harness/prompt-recommendation","method":"POST","duration_ms":2,"message":"ok","harness.mode":"Build","harness.route_id":"mini-build","harness.provider_id":"null-harness-provider","harness.fallback_applied":"true"}
# {"timestamp":"2026-04-22T14:40:34.022Z","level":"warn","service":"my-module","event":"server.draining","reason":"test","drain_started_at":"2026-04-22T14:40:34.022Z"}
# Subtest: [harness live provider] HARNESS_PROVIDER=openai with no key returns null fallback on HTTP surface
ok 59 - [harness live provider] HARNESS_PROVIDER=openai with no key returns null fallback on HTTP surface
  ---
  duration_ms: 44.671746
  type: 'test'
  ...
# (node:22516) ExperimentalWarning: SQLite is an experimental feature and might change at any time
# (Use `node --trace-warnings ...` to show where the warning was created)
# {"timestamp":"2026-04-22T14:40:34.033Z","level":"info","service":"my-module","event":"span.end","trace_id":"35486c6503b840d2a6f4ab84905be184","span_id":"706bf887602a4561","parent_span_id":null,"name":"harness.provider.route","duration_ms":0,"status":"ok","attributes":{"harness.route.id":"mini-build","harness.route.mode":"Build","harness.route.tier":"mini"}}
# {"timestamp":"2026-04-22T14:40:34.033Z","level":"info","service":"my-module","event":"span.end","trace_id":"b87c5027f81c4a97884689deb78f4c5a","span_id":"86e15e29f6f04145","parent_span_id":null,"name":"harness.provider.invoke","duration_ms":0,"status":"error","attributes":{"harness.provider.id":"openai-responses","harness.route.id":"mini-build","harness.route.mode":"Build","exception.type":"Error","exception.message":"OpenAI provider requester or API key is not configured"}}
# {"timestamp":"2026-04-22T14:40:34.033Z","level":"warn","service":"my-module","event":"harness.provider.invoke_failed","correlation_id":"11b64ba2-4fd3-4e11-9c85-5e2eed126cff","request_id":"11b64ba2-4fd3-4e11-9c85-5e2eed126cff","provider_id":"openai-responses","route_id":"mini-build","error_code":"PROVIDER_NOT_CONFIGURED","error_message":"OpenAI provider requester or API key is not configured"}
# {"timestamp":"2026-04-22T14:40:34.034Z","level":"info","service":"my-module","event":"span.end","trace_id":"86df27db24674f9082835234ab3d1094","span_id":"d05caddff9234f12","parent_span_id":null,"name":"harness.provider.fallback","duration_ms":0,"status":"ok","attributes":{"harness.provider.from":"openai-responses","harness.provider.to":"null-harness-provider","harness.provider.reason":"PROVIDER_NOT_CONFIGURED"}}
# {"timestamp":"2026-04-22T14:40:34.034Z","level":"info","service":"my-module","event":"metric.histogram","name":"gen_ai_client_operation_duration_ms","value":0,"unit":"ms","attributes":{"provider_id":"null-harness-provider","route_id":"mini-build","mode":"Build"}}
# {"timestamp":"2026-04-22T14:40:34.034Z","level":"info","service":"my-module","event":"metric.counter","name":"gen_ai_client_input_tokens","delta":20,"total":20,"attributes":{"provider_id":"null-harness-provider","route_id":"mini-build","mode":"Build"}}
# {"timestamp":"2026-04-22T14:40:34.034Z","level":"info","service":"my-module","event":"metric.counter","name":"gen_ai_client_output_tokens","delta":1,"total":1,"attributes":{"provider_id":"null-harness-provider","route_id":"mini-build","mode":"Build"}}
# {"timestamp":"2026-04-22T14:40:34.034Z","level":"info","service":"my-module","event":"span.end","trace_id":"1e7d485188a44571b1a2f145614e9878","span_id":"53ad085bada8404b","parent_span_id":null,"name":"harness.provider.invoke","duration_ms":0,"status":"ok","attributes":{"harness.provider.id":"null-harness-provider","harness.route.id":"mini-build","harness.route.mode":"Build","harness.provider.fallback_applied":true,"harness.provider.model":"null-mini"}}
# {"timestamp":"2026-04-22T14:40:34.034Z","level":"info","service":"my-module","event":"harness.provider.invoke","correlation_id":"11b64ba2-4fd3-4e11-9c85-5e2eed126cff","request_id":"11b64ba2-4fd3-4e11-9c85-5e2eed126cff","provider_id":"null-harness-provider","model":"null-mini","route_id":"mini-build","reasoning_effort":"medium","prompt_version":"0.2.0","retry_count":0,"fallback_applied":true,"latency_ms":0,"input_tokens":20,"output_tokens":1}
# {"timestamp":"2026-04-22T14:40:34.034Z","level":"info","service":"my-module","event":"metric.counter","name":"control_center_prompt_recommendations_total","delta":1,"total":1,"attributes":{}}
# {"timestamp":"2026-04-22T14:40:34.034Z","level":"info","service":"my-module","event":"span.end","trace_id":"2b01f2d1fd5a4332a11554a19adb9169","span_id":"8b5277b3693f4ffd","parent_span_id":"257f05fa7e8b4cb8","name":"harness.prompt_recommendation","duration_ms":1,"status":"ok","attributes":{"http.route":"/api/harness/prompt-recommendation","http.request.method":"POST","code.function":"createAppHandler","control_center.operation.duration_ms":1,"harness.mode":"Build","harness.route_id":"mini-build","harness.provider_id":"null-harness-provider","harness.fallback_applied":"true"}}
# {"timestamp":"2026-04-22T14:40:34.034Z","level":"info","service":"my-module","event":"metric.histogram","name":"control_center_operation_duration_ms","value":1,"unit":"ms","attributes":{"operation":"harness.prompt_recommendation","route":"/api/harness/prompt-recommendation","method":"POST"}}
# {"timestamp":"2026-04-22T14:40:34.034Z","level":"info","service":"my-module","event":"control_center.operation","trace_id":"2b01f2d1fd5a4332a11554a19adb9169","parent_span_id":"257f05fa7e8b4cb8","span_id":"8b5277b3693f4ffd","correlation_id":"11b64ba2-4fd3-4e11-9c85-5e2eed126cff","request_id":"11b64ba2-4fd3-4e11-9c85-5e2eed126cff","operation":"harness.prompt_recommendation","route":"/api/harness/prompt-recommendation","method":"POST","duration_ms":1,"message":"ok","harness.mode":"Build","harness.route_id":"mini-build","harness.provider_id":"null-harness-provider","harness.fallback_applied":"true"}
# {"timestamp":"2026-04-22T14:40:34.040Z","level":"warn","service":"my-module","event":"server.draining","reason":"test","drain_started_at":"2026-04-22T14:40:34.040Z"}
# Subtest: [harness provider failure smoke] no-secret openai preference falls back to null provider on HTTP surface
ok 60 - [harness provider failure smoke] no-secret openai preference falls back to null provider on HTTP surface
  ---
  duration_ms: 46.807788
  type: 'test'
  ...
# {"timestamp":"2026-04-22T14:40:34.048Z","level":"info","service":"my-module","event":"span.end","trace_id":"7a347282587040ceab72aad0a00c8e5a","span_id":"deec308ba3ea4afd","parent_span_id":null,"name":"harness.provider.route","duration_ms":0,"status":"ok","attributes":{"harness.route.id":"mini-build","harness.route.mode":"Build","harness.route.tier":"mini"}}
# {"timestamp":"2026-04-22T14:40:34.049Z","level":"info","service":"my-module","event":"span.end","trace_id":"5043b4f7beee447997c900d161072cf9","span_id":"5d7faf551e0c4871","parent_span_id":null,"name":"harness.provider.invoke","duration_ms":0,"status":"error","attributes":{"harness.provider.id":"throwing-PROVIDER_SCHEMA_MISMATCH","harness.route.id":"mini-build","harness.route.mode":"Build","exception.type":"Error","exception.message":"provider payload invalid"}}
# {"timestamp":"2026-04-22T14:40:34.049Z","level":"warn","service":"my-module","event":"harness.provider.invoke_failed","correlation_id":"8047622e-a38d-4963-9b4e-ffa387eac9d7","request_id":"8047622e-a38d-4963-9b4e-ffa387eac9d7","provider_id":"throwing-PROVIDER_SCHEMA_MISMATCH","route_id":"mini-build","error_code":"PROVIDER_SCHEMA_MISMATCH","error_message":"provider payload invalid"}
# {"timestamp":"2026-04-22T14:40:34.049Z","level":"info","service":"my-module","event":"span.end","trace_id":"9b8b4ea5997345c29e7952701eb186b9","span_id":"5862dd97677544f4","parent_span_id":"84f5198fc71941da","name":"harness.prompt_recommendation","duration_ms":1,"status":"error","attributes":{"http.route":"/api/harness/prompt-recommendation","http.request.method":"POST","code.function":"createAppHandler","exception.type":"Error","exception.message":"provider payload invalid","control_center.operation.duration_ms":1,"harness.mode":"Build"}}
# {"timestamp":"2026-04-22T14:40:34.049Z","level":"info","service":"my-module","event":"metric.histogram","name":"control_center_operation_duration_ms","value":1,"unit":"ms","attributes":{"operation":"harness.prompt_recommendation","route":"/api/harness/prompt-recommendation","method":"POST","error":true}}
# {"timestamp":"2026-04-22T14:40:34.049Z","level":"info","service":"my-module","event":"control_center.operation.failed","trace_id":"9b8b4ea5997345c29e7952701eb186b9","parent_span_id":"84f5198fc71941da","span_id":"5862dd97677544f4","correlation_id":"8047622e-a38d-4963-9b4e-ffa387eac9d7","request_id":"8047622e-a38d-4963-9b4e-ffa387eac9d7","operation":"harness.prompt_recommendation","route":"/api/harness/prompt-recommendation","method":"POST","duration_ms":1,"error_message":"provider payload invalid","harness.mode":"Build"}
# {"timestamp":"2026-04-22T14:40:34.050Z","level":"warn","service":"my-module","event":"server.draining","reason":"test","drain_started_at":"2026-04-22T14:40:34.050Z"}
# Subtest: [harness provider failure smoke] schema mismatch returns structured 500 without null fallback
ok 61 - [harness provider failure smoke] schema mismatch returns structured 500 without null fallback
  ---
  duration_ms: 8.454119
  type: 'test'
  ...
# {"timestamp":"2026-04-22T14:40:34.055Z","level":"info","service":"my-module","event":"span.end","trace_id":"346f9671744c4f3986205f287504a619","span_id":"d07a755310a74c9c","parent_span_id":null,"name":"harness.provider.route","duration_ms":0,"status":"ok","attributes":{"harness.route.id":"mini-build","harness.route.mode":"Build","harness.route.tier":"mini"}}
# {"timestamp":"2026-04-22T14:40:34.055Z","level":"info","service":"my-module","event":"span.end","trace_id":"677f1debe3e2499ca3cc4ba76b6a4a07","span_id":"659b846dbbc041ed","parent_span_id":null,"name":"harness.provider.invoke","duration_ms":0,"status":"error","attributes":{"harness.provider.id":"throwing-PROVIDER_UNAVAILABLE","harness.route.id":"mini-build","harness.route.mode":"Build","exception.type":"Error","exception.message":"provider outage"}}
# {"timestamp":"2026-04-22T14:40:34.055Z","level":"warn","service":"my-module","event":"harness.provider.invoke_failed","correlation_id":"1c345905-6dc6-4755-b54b-d20906b9a8cf","request_id":"1c345905-6dc6-4755-b54b-d20906b9a8cf","provider_id":"throwing-PROVIDER_UNAVAILABLE","route_id":"mini-build","error_code":"PROVIDER_UNAVAILABLE","error_message":"provider outage"}
# {"timestamp":"2026-04-22T14:40:34.055Z","level":"info","service":"my-module","event":"span.end","trace_id":"83c50762b99549c6afea7ffd8742aeef","span_id":"e008184b29d2481d","parent_span_id":null,"name":"harness.provider.fallback","duration_ms":0,"status":"ok","attributes":{"harness.provider.from":"throwing-PROVIDER_UNAVAILABLE","harness.provider.to":"throwing-PROVIDER_UNAVAILABLE","harness.provider.reason":"PROVIDER_UNAVAILABLE"}}
# {"timestamp":"2026-04-22T14:40:34.055Z","level":"info","service":"my-module","event":"span.end","trace_id":"8e0dce79f1044d0d9597d270e28a1e8f","span_id":"53352e4a5d164031","parent_span_id":null,"name":"harness.provider.invoke","duration_ms":0,"status":"error","attributes":{"harness.provider.id":"throwing-PROVIDER_UNAVAILABLE","harness.route.id":"mini-build","harness.route.mode":"Build","exception.type":"Error","exception.message":"provider outage"}}
# {"timestamp":"2026-04-22T14:40:34.055Z","level":"warn","service":"my-module","event":"harness.provider.invoke_failed","correlation_id":"1c345905-6dc6-4755-b54b-d20906b9a8cf","request_id":"1c345905-6dc6-4755-b54b-d20906b9a8cf","provider_id":"throwing-PROVIDER_UNAVAILABLE","route_id":"mini-build","error_code":"PROVIDER_UNAVAILABLE","error_message":"provider outage"}
# {"timestamp":"2026-04-22T14:40:34.055Z","level":"info","service":"my-module","event":"span.end","trace_id":"d7364d2949834193a539014f01226e92","span_id":"e924f634bed7488c","parent_span_id":"902769512dca4aba","name":"harness.prompt_recommendation","duration_ms":1,"status":"error","attributes":{"http.route":"/api/harness/prompt-recommendation","http.request.method":"POST","code.function":"createAppHandler","exception.type":"Error","exception.message":"provider outage","control_center.operation.duration_ms":1,"harness.mode":"Build"}}
# {"timestamp":"2026-04-22T14:40:34.055Z","level":"info","service":"my-module","event":"metric.histogram","name":"control_center_operation_duration_ms","value":1,"unit":"ms","attributes":{"operation":"harness.prompt_recommendation","route":"/api/harness/prompt-recommendation","method":"POST","error":true}}
# {"timestamp":"2026-04-22T14:40:34.055Z","level":"info","service":"my-module","event":"control_center.operation.failed","trace_id":"d7364d2949834193a539014f01226e92","parent_span_id":"902769512dca4aba","span_id":"e924f634bed7488c","correlation_id":"1c345905-6dc6-4755-b54b-d20906b9a8cf","request_id":"1c345905-6dc6-4755-b54b-d20906b9a8cf","operation":"harness.prompt_recommendation","route":"/api/harness/prompt-recommendation","method":"POST","duration_ms":1,"error_message":"provider outage","harness.mode":"Build"}
# {"timestamp":"2026-04-22T14:40:34.057Z","level":"warn","service":"my-module","event":"server.draining","reason":"test","drain_started_at":"2026-04-22T14:40:34.057Z"}
# Subtest: [harness provider failure smoke] provider outage returns structured 503
ok 62 - [harness provider failure smoke] provider outage returns structured 503
  ---
  duration_ms: 6.490083
  type: 'test'
  ...
# Subtest: [harness release smoke] release evidence includes prompt version and rollback metadata
ok 63 - [harness release smoke] release evidence includes prompt version and rollback metadata
  ---
  duration_ms: 225.357606
  type: 'test'
  ...
# Subtest: [harness routing smoke] cost and latency routing baseline validates
ok 64 - [harness routing smoke] cost and latency routing baseline validates
  ---
  duration_ms: 28.498517
  type: 'test'
  ...
# Subtest: [harness security smoke] trust-boundary and red-team baseline validate
ok 65 - [harness security smoke] trust-boundary and red-team baseline validate
  ---
  duration_ms: 24.174358
  type: 'test'
  ...
# Subtest: [kickoff evidence] kickoff surfaces are bundled into one evidence artifact
ok 66 - [kickoff evidence] kickoff surfaces are bundled into one evidence artifact
  ---
  duration_ms: 1172.133158
  type: 'test'
  ...
# Subtest: [kickoff ready gate] kickoff evidence becomes a single ready review blocked signal
ok 67 - [kickoff ready gate] kickoff evidence becomes a single ready review blocked signal
  ---
  duration_ms: 1152.556454
  type: 'test'
  ...
# Subtest: [launch brief autopilot] kickoff and starter evidence become one launch recommendation
ok 68 - [launch brief autopilot] kickoff and starter evidence become one launch recommendation
  ---
  duration_ms: 1449.935645
  type: 'test'
  ...
# Subtest: [learned preset memory] decision/apply history becomes reusable preset memory
ok 69 - [learned preset memory] decision/apply history becomes reusable preset memory
  ---
  duration_ms: 990.480346
  type: 'test'
  ...
# Subtest: [master planner] bundles per-screen UI guides for operators and planners
ok 70 - [master planner] bundles per-screen UI guides for operators and planners
  ---
  duration_ms: 404.81553
  type: 'test'
  ...
# Subtest: [master shell smoke] benchmark catalog and planner composition validate together
ok 71 - [master shell smoke] benchmark catalog and planner composition validate together
  ---
  duration_ms: 278.262327
  type: 'test'
  ...
# Subtest: [mindmap control center smoke] integrated control center is generated with plan board and module workbench
ok 72 - [mindmap control center smoke] integrated control center is generated with plan board and module workbench
  ---
  duration_ms: 919.145073
  type: 'test'
  ...
# (node:22701) ExperimentalWarning: SQLite is an experimental feature and might change at any time
# (Use `node --trace-warnings ...` to show where the warning was created)
# {"timestamp":"2026-04-22T14:40:34.399Z","level":"info","service":"my-module","event":"metric.counter","name":"pty_bridge_sessions_read_total","delta":1,"total":1,"attributes":{"route":"/api/pty/sessions","method":"GET"}}
# {"timestamp":"2026-04-22T14:40:34.399Z","level":"info","service":"my-module","event":"span.end","trace_id":"27760484b6df4500a3f79f58745916c4","span_id":"f6166ee20af44561","parent_span_id":"6cc2df155722443b","name":"pty.bridge.sessions","duration_ms":1,"status":"ok","attributes":{"http.route":"/api/pty/sessions","http.request.method":"GET","code.function":"createAppHandler","control_center.operation.duration_ms":1,"pty.session.count":1}}
# {"timestamp":"2026-04-22T14:40:34.399Z","level":"info","service":"my-module","event":"metric.histogram","name":"control_center_operation_duration_ms","value":1,"unit":"ms","attributes":{"operation":"pty.bridge.sessions","route":"/api/pty/sessions","method":"GET"}}
# {"timestamp":"2026-04-22T14:40:34.399Z","level":"info","service":"my-module","event":"control_center.operation","trace_id":"27760484b6df4500a3f79f58745916c4","parent_span_id":"6cc2df155722443b","span_id":"f6166ee20af44561","correlation_id":"21bdcc5a-758d-44d6-bcfa-4e1759c04e13","request_id":"21bdcc5a-758d-44d6-bcfa-4e1759c04e13","operation":"pty.bridge.sessions","route":"/api/pty/sessions","method":"GET","duration_ms":1,"message":"ok","pty.session.count":1}
# {"timestamp":"2026-04-22T14:40:34.405Z","level":"info","service":"my-module","event":"metric.counter","name":"pty_scheduler_start_total","delta":1,"total":1,"attributes":{"route":"/api/pty/scheduler/start","method":"POST"}}
# {"timestamp":"2026-04-22T14:40:34.405Z","level":"info","service":"my-module","event":"span.end","trace_id":"e843ff825c884829a92e505c93aced8b","span_id":"ca64184c83064d6d","parent_span_id":"552caf2877f04078","name":"pty.scheduler.start","duration_ms":0,"status":"ok","attributes":{"http.route":"/api/pty/scheduler/start","http.request.method":"POST","code.function":"createAppHandler","control_center.operation.duration_ms":0,"pty.scheduler.worker_count":2}}
# {"timestamp":"2026-04-22T14:40:34.405Z","level":"info","service":"my-module","event":"metric.histogram","name":"control_center_operation_duration_ms","value":0,"unit":"ms","attributes":{"operation":"pty.scheduler.start","route":"/api/pty/scheduler/start","method":"POST"}}
# {"timestamp":"2026-04-22T14:40:34.405Z","level":"info","service":"my-module","event":"control_center.operation","trace_id":"e843ff825c884829a92e505c93aced8b","parent_span_id":"552caf2877f04078","span_id":"ca64184c83064d6d","correlation_id":"c2cafbad-bbf0-4f82-a8e1-abf0c7138706","request_id":"c2cafbad-bbf0-4f82-a8e1-abf0c7138706","operation":"pty.scheduler.start","route":"/api/pty/scheduler/start","method":"POST","duration_ms":0,"message":"ok","pty.scheduler.worker_count":2}
# {"timestamp":"2026-04-22T14:40:36.167Z","level":"info","service":"my-module","event":"metric.counter","name":"pty_bridge_send_total","delta":1,"total":1,"attributes":{"route":"/api/pty/send-now","method":"POST","action":"prompt"}}
# {"timestamp":"2026-04-22T14:40:37.980Z","level":"warn","service":"my-module","event":"server.draining","reason":"test","drain_started_at":"2026-04-22T14:40:37.980Z"}
# Subtest: [mindmap control center browser interaction smoke] selected worker wiring reaches send-now runtime path
ok 73 - [mindmap control center browser interaction smoke] selected worker wiring reaches send-now runtime path
  ---
  duration_ms: 3635.174216
  type: 'test'
  ...
# {"timestamp":"2026-04-22T14:40:37.995Z","level":"info","service":"my-module","event":"metric.counter","name":"pty_bridge_sessions_read_total","delta":1,"total":2,"attributes":{"route":"/api/pty/sessions","method":"GET"}}
# {"timestamp":"2026-04-22T14:40:37.996Z","level":"info","service":"my-module","event":"span.end","trace_id":"64b205c8593347d3b13788f09f0a371b","span_id":"2c78faa85cb34ee2","parent_span_id":"b4fd2404c5dc4cc2","name":"pty.bridge.sessions","duration_ms":1,"status":"ok","attributes":{"http.route":"/api/pty/sessions","http.request.method":"GET","code.function":"createAppHandler","control_center.operation.duration_ms":0,"pty.session.count":1}}
# {"timestamp":"2026-04-22T14:40:37.996Z","level":"info","service":"my-module","event":"metric.histogram","name":"control_center_operation_duration_ms","value":0,"unit":"ms","attributes":{"operation":"pty.bridge.sessions","route":"/api/pty/sessions","method":"GET"}}
# {"timestamp":"2026-04-22T14:40:37.996Z","level":"info","service":"my-module","event":"control_center.operation","trace_id":"64b205c8593347d3b13788f09f0a371b","parent_span_id":"b4fd2404c5dc4cc2","span_id":"2c78faa85cb34ee2","correlation_id":"cf4f4a3f-f4bc-4183-8048-6d96c1e2f271","request_id":"cf4f4a3f-f4bc-4183-8048-6d96c1e2f271","operation":"pty.bridge.sessions","route":"/api/pty/sessions","method":"GET","duration_ms":0,"message":"ok","pty.session.count":1}
# {"timestamp":"2026-04-22T14:40:37.998Z","level":"info","service":"my-module","event":"metric.counter","name":"pty_scheduler_start_total","delta":1,"total":2,"attributes":{"route":"/api/pty/scheduler/start","method":"POST"}}
# {"timestamp":"2026-04-22T14:40:37.998Z","level":"info","service":"my-module","event":"span.end","trace_id":"d3815f8f5fd84082a0ee8f3758632f78","span_id":"38504bd37a764f98","parent_span_id":"13652fbc939d47db","name":"pty.scheduler.start","duration_ms":0,"status":"ok","attributes":{"http.route":"/api/pty/scheduler/start","http.request.method":"POST","code.function":"createAppHandler","control_center.operation.duration_ms":0,"pty.scheduler.worker_count":2}}
# {"timestamp":"2026-04-22T14:40:37.998Z","level":"info","service":"my-module","event":"metric.histogram","name":"control_center_operation_duration_ms","value":0,"unit":"ms","attributes":{"operation":"pty.scheduler.start","route":"/api/pty/scheduler/start","method":"POST"}}
# {"timestamp":"2026-04-22T14:40:37.998Z","level":"info","service":"my-module","event":"control_center.operation","trace_id":"d3815f8f5fd84082a0ee8f3758632f78","parent_span_id":"13652fbc939d47db","span_id":"38504bd37a764f98","correlation_id":"2f760652-c7fd-48b1-a6de-13eb5627bc6a","request_id":"2f760652-c7fd-48b1-a6de-13eb5627bc6a","operation":"pty.scheduler.start","route":"/api/pty/scheduler/start","method":"POST","duration_ms":0,"message":"ok","pty.scheduler.worker_count":2}
# {"timestamp":"2026-04-22T14:40:38.001Z","level":"info","service":"my-module","event":"metric.counter","name":"pty_bridge_send_total","delta":1,"total":2,"attributes":{"route":"/api/pty/send-now","method":"POST","action":"prompt"}}
# {"timestamp":"2026-04-22T14:40:38.003Z","level":"info","service":"my-module","event":"metric.counter","name":"pty_bridge_failures_total","delta":1,"total":1,"attributes":{"route":"/api/pty/send-now","method":"POST","reason":"scheduler_send_now_failed"}}
# {"timestamp":"2026-04-22T14:40:39.761Z","level":"warn","service":"my-module","event":"server.draining","reason":"test","drain_started_at":"2026-04-22T14:40:39.761Z"}
# Subtest: [mindmap control center browser interaction smoke] selected failing worker propagates runtime error details
ok 74 - [mindmap control center browser interaction smoke] selected failing worker propagates runtime error details
  ---
  duration_ms: 1779.19012
  type: 'test'
  ...
# {"timestamp":"2026-04-22T14:40:39.764Z","level":"info","service":"my-module","event":"metric.counter","name":"pty_bridge_sessions_read_total","delta":1,"total":3,"attributes":{"route":"/api/pty/sessions","method":"GET"}}
# {"timestamp":"2026-04-22T14:40:39.764Z","level":"info","service":"my-module","event":"span.end","trace_id":"9351a88c0255410ba653ef77ca0fe87a","span_id":"a3f80ccbaafe4f79","parent_span_id":"46fdba9ac12042b4","name":"pty.bridge.sessions","duration_ms":0,"status":"ok","attributes":{"http.route":"/api/pty/sessions","http.request.method":"GET","code.function":"createAppHandler","control_center.operation.duration_ms":0,"pty.session.count":1}}
# {"timestamp":"2026-04-22T14:40:39.764Z","level":"info","service":"my-module","event":"metric.histogram","name":"control_center_operation_duration_ms","value":0,"unit":"ms","attributes":{"operation":"pty.bridge.sessions","route":"/api/pty/sessions","method":"GET"}}
# {"timestamp":"2026-04-22T14:40:39.764Z","level":"info","service":"my-module","event":"control_center.operation","trace_id":"9351a88c0255410ba653ef77ca0fe87a","parent_span_id":"46fdba9ac12042b4","span_id":"a3f80ccbaafe4f79","correlation_id":"baffdc51-33b1-4b76-8deb-a4f751c8f90c","request_id":"baffdc51-33b1-4b76-8deb-a4f751c8f90c","operation":"pty.bridge.sessions","route":"/api/pty/sessions","method":"GET","duration_ms":0,"message":"ok","pty.session.count":1}
# {"timestamp":"2026-04-22T14:40:39.767Z","level":"info","service":"my-module","event":"metric.counter","name":"pty_scheduler_start_total","delta":1,"total":3,"attributes":{"route":"/api/pty/scheduler/start","method":"POST"}}
# {"timestamp":"2026-04-22T14:40:39.767Z","level":"info","service":"my-module","event":"span.end","trace_id":"992930580b2b42fbafacdf906e564c75","span_id":"98c8f62854a54fa5","parent_span_id":"5c2f4338f5504b52","name":"pty.scheduler.start","duration_ms":0,"status":"ok","attributes":{"http.route":"/api/pty/scheduler/start","http.request.method":"POST","code.function":"createAppHandler","control_center.operation.duration_ms":0,"pty.scheduler.worker_count":1}}
# {"timestamp":"2026-04-22T14:40:39.767Z","level":"info","service":"my-module","event":"metric.histogram","name":"control_center_operation_duration_ms","value":0,"unit":"ms","attributes":{"operation":"pty.scheduler.start","route":"/api/pty/scheduler/start","method":"POST"}}
# {"timestamp":"2026-04-22T14:40:39.767Z","level":"info","service":"my-module","event":"control_center.operation","trace_id":"992930580b2b42fbafacdf906e564c75","parent_span_id":"5c2f4338f5504b52","span_id":"98c8f62854a54fa5","correlation_id":"e7dea269-70a8-416a-9865-3782526f1706","request_id":"e7dea269-70a8-416a-9865-3782526f1706","operation":"pty.scheduler.start","route":"/api/pty/scheduler/start","method":"POST","duration_ms":0,"message":"ok","pty.scheduler.worker_count":1}
# {"timestamp":"2026-04-22T14:40:39.770Z","level":"info","service":"my-module","event":"metric.counter","name":"pty_bridge_send_total","delta":1,"total":3,"attributes":{"route":"/api/pty/send-now","method":"POST","action":"prompt"}}
# {"timestamp":"2026-04-22T14:40:39.772Z","level":"warn","service":"my-module","event":"server.draining","reason":"test","drain_started_at":"2026-04-22T14:40:39.772Z"}
# Subtest: [mindmap control center browser interaction smoke] send-now idempotency key replays completed response
ok 75 - [mindmap control center browser interaction smoke] send-now idempotency key replays completed response
  ---
  duration_ms: 11.214949
  type: 'test'
  ...
# {"timestamp":"2026-04-22T14:40:39.775Z","level":"info","service":"my-module","event":"metric.counter","name":"pty_bridge_sessions_read_total","delta":1,"total":4,"attributes":{"route":"/api/pty/sessions","method":"GET"}}
# {"timestamp":"2026-04-22T14:40:39.775Z","level":"info","service":"my-module","event":"span.end","trace_id":"195e7d515d9c4ea0b03e5b0eb641dbe7","span_id":"2f01d4c2dbea4064","parent_span_id":"345ba8b597c2420d","name":"pty.bridge.sessions","duration_ms":0,"status":"ok","attributes":{"http.route":"/api/pty/sessions","http.request.method":"GET","code.function":"createAppHandler","control_center.operation.duration_ms":0,"pty.session.count":1}}
# {"timestamp":"2026-04-22T14:40:39.775Z","level":"info","service":"my-module","event":"metric.histogram","name":"control_center_operation_duration_ms","value":0,"unit":"ms","attributes":{"operation":"pty.bridge.sessions","route":"/api/pty/sessions","method":"GET"}}
# {"timestamp":"2026-04-22T14:40:39.775Z","level":"info","service":"my-module","event":"control_center.operation","trace_id":"195e7d515d9c4ea0b03e5b0eb641dbe7","parent_span_id":"345ba8b597c2420d","span_id":"2f01d4c2dbea4064","correlation_id":"7acd9efe-a82c-4fd4-b870-21ae633e2188","request_id":"7acd9efe-a82c-4fd4-b870-21ae633e2188","operation":"pty.bridge.sessions","route":"/api/pty/sessions","method":"GET","duration_ms":0,"message":"ok","pty.session.count":1}
# {"timestamp":"2026-04-22T14:40:39.778Z","level":"info","service":"my-module","event":"metric.counter","name":"pty_scheduler_start_total","delta":1,"total":4,"attributes":{"route":"/api/pty/scheduler/start","method":"POST"}}
# {"timestamp":"2026-04-22T14:40:39.778Z","level":"info","service":"my-module","event":"span.end","trace_id":"e4ec09703ca64d9cb2ab937caa53fac5","span_id":"a8b62716dc2e461f","parent_span_id":"deb062062a8d4d7b","name":"pty.scheduler.start","duration_ms":0,"status":"ok","attributes":{"http.route":"/api/pty/scheduler/start","http.request.method":"POST","code.function":"createAppHandler","control_center.operation.duration_ms":0,"pty.scheduler.worker_count":2}}
# {"timestamp":"2026-04-22T14:40:39.778Z","level":"info","service":"my-module","event":"metric.histogram","name":"control_center_operation_duration_ms","value":0,"unit":"ms","attributes":{"operation":"pty.scheduler.start","route":"/api/pty/scheduler/start","method":"POST"}}
# {"timestamp":"2026-04-22T14:40:39.778Z","level":"info","service":"my-module","event":"control_center.operation","trace_id":"e4ec09703ca64d9cb2ab937caa53fac5","parent_span_id":"deb062062a8d4d7b","span_id":"a8b62716dc2e461f","correlation_id":"fa913835-94c9-4d9b-acb3-f1665d736a30","request_id":"fa913835-94c9-4d9b-acb3-f1665d736a30","operation":"pty.scheduler.start","route":"/api/pty/scheduler/start","method":"POST","duration_ms":0,"message":"ok","pty.scheduler.worker_count":2}
# {"timestamp":"2026-04-22T14:40:39.779Z","level":"info","service":"my-module","event":"metric.counter","name":"pty_bridge_send_total","delta":1,"total":4,"attributes":{"route":"/api/pty/enter-now","method":"POST","action":"enter"}}
# {"timestamp":"2026-04-22T14:40:39.780Z","level":"info","service":"my-module","event":"metric.counter","name":"pty_bridge_send_total","delta":1,"total":5,"attributes":{"route":"/api/pty/enter-now","method":"POST","action":"enter"}}
# {"timestamp":"2026-04-22T14:40:39.781Z","level":"info","service":"my-module","event":"metric.counter","name":"pty_bridge_send_total","delta":1,"total":6,"attributes":{"route":"/api/pty/enter-now","method":"POST","action":"enter"}}
# {"timestamp":"2026-04-22T14:40:41.408Z","level":"warn","service":"my-module","event":"server.draining","reason":"test","drain_started_at":"2026-04-22T14:40:41.408Z"}
# Subtest: [mindmap control center browser interaction smoke] enter-now worker_index targets single worker
ok 76 - [mindmap control center browser interaction smoke] enter-now worker_index targets single worker
  ---
  duration_ms: 1635.965567
  type: 'test'
  ...
# Subtest: [mindmap control center interaction smoke] worker selection is wired to immediate dispatch controls
ok 77 - [mindmap control center interaction smoke] worker selection is wired to immediate dispatch controls
  ---
  duration_ms: 917.001437
  type: 'test'
  ...
# (node:22751) ExperimentalWarning: SQLite is an experimental feature and might change at any time
# (Use `node --trace-warnings ...` to show where the warning was created)
# Subtest: [mindmap rebuild smoke] generateMindmapWorker.js 파일이 존재한다
ok 78 - [mindmap rebuild smoke] generateMindmapWorker.js 파일이 존재한다
  ---
  duration_ms: 0.803579
  type: 'test'
  ...
# Subtest: [mindmap rebuild smoke] POST /api/mindmap/rebuild — 200 + ok:true + durationMs
ok 79 - [mindmap rebuild smoke] POST /api/mindmap/rebuild — 200 + ok:true + durationMs
  ---
  duration_ms: 86.166599
  type: 'test'
  ...
# Subtest: [mindmap rebuild smoke] 재생성 후 artifacts/mindmap/index.html 존재
ok 80 - [mindmap rebuild smoke] 재생성 후 artifacts/mindmap/index.html 존재
  ---
  duration_ms: 0.304014
  type: 'test'
  ...
# Subtest: [mindmap stage trace action smoke] trace query helper includes request and correlation ids
ok 81 - [mindmap stage trace action smoke] trace query helper includes request and correlation ids
  ---
  duration_ms: 929.331009
  type: 'test'
  ...
# Subtest: [mindmap stage trace action smoke] copy action stores current stage trace query and updates status
ok 82 - [mindmap stage trace action smoke] copy action stores current stage trace query and updates status
  ---
  duration_ms: 959.73151
  type: 'test'
  ...
# Subtest: [mindmap stage trace action smoke] copy action can target history entry and warns when no report exists
ok 83 - [mindmap stage trace action smoke] copy action can target history entry and warns when no report exists
  ---
  duration_ms: 1886.148097
  type: 'test'
  ...
# Subtest: [mindmap stage trace action smoke] load action stores trace query into execution prompt and updates status
ok 84 - [mindmap stage trace action smoke] load action stores trace query into execution prompt and updates status
  ---
  duration_ms: 893.910692
  type: 'test'
  ...
# Subtest: [mindmap stage trace action smoke] load action can target history entry and warns when no report exists
ok 85 - [mindmap stage trace action smoke] load action can target history entry and warns when no report exists
  ---
  duration_ms: 1756.005393
  type: 'test'
  ...
# Subtest: [mindmap stage trace action smoke] send action fills prompt and forwards to send-now helper
ok 86 - [mindmap stage trace action smoke] send action fills prompt and forwards to send-now helper
  ---
  duration_ms: 823.101701
  type: 'test'
  ...
# Subtest: [mindmap stage trace action smoke] send action does not forward when no report exists
ok 87 - [mindmap stage trace action smoke] send action does not forward when no report exists
  ---
  duration_ms: 746.734858
  type: 'test'
  ...
# Subtest: [mindmap stage trace action smoke] contract recovery load action stores recovery prompt into execution prompt
ok 88 - [mindmap stage trace action smoke] contract recovery load action stores recovery prompt into execution prompt
  ---
  duration_ms: 696.294523
  type: 'test'
  ...
# Subtest: [mindmap stage trace action smoke] contract recovery send action loads prompt and forwards to send-now helper
ok 89 - [mindmap stage trace action smoke] contract recovery send action loads prompt and forwards to send-now helper
  ---
  duration_ms: 621.371616
  type: 'test'
  ...
# Subtest: [mindmap stage trace action smoke] contract refresh action rehydrates snapshot and reports result
ok 90 - [mindmap stage trace action smoke] contract refresh action rehydrates snapshot and reports result
  ---
  duration_ms: 1229.113241
  type: 'test'
  ...
# (node:22788) ExperimentalWarning: SQLite is an experimental feature and might change at any time
# (Use `node --trace-warnings ...` to show where the warning was created)
# Subtest: [mpo runtime smoke] in-process /api/v1/mpo/plan auto-approves and completes representative flow
ok 91 - [mpo runtime smoke] in-process /api/v1/mpo/plan auto-approves and completes representative flow
  ---
  duration_ms: 8613.116714
  type: 'test'
  ...
# Subtest: [mpo runtime smoke] approval-required plan waits, then executes after explicit approve
ok 92 - [mpo runtime smoke] approval-required plan waits, then executes after explicit approve
  ---
  duration_ms: 3847.21692
  type: 'test'
  ...
# Subtest: [mpo runtime smoke] auto-replanned execution surfaces completed_with_replan session status
ok 93 - [mpo runtime smoke] auto-replanned execution surfaces completed_with_replan session status
  ---
  duration_ms: 5412.448203
  type: 'test'
  ...
# Subtest: [mpo runtime smoke] /api/v1/system/events streams mpo.* events over SSE
ok 94 - [mpo runtime smoke] /api/v1/system/events streams mpo.* events over SSE
  ---
  duration_ms: 54.919616
  type: 'test'
  ...
# Subtest: [operations baseline smoke] observability and rollback validations pass for requirement portfolio
ok 95 - [operations baseline smoke] observability and rollback validations pass for requirement portfolio
  ---
  duration_ms: 105.049313
  type: 'test'
  ...
# Subtest: [operator cockpit smoke] session, branch, and commit readiness collapse into one operator summary
ok 96 - [operator cockpit smoke] session, branch, and commit readiness collapse into one operator summary
  ---
  duration_ms: 863.237886
  type: 'test'
  ...
# (node:22979) ExperimentalWarning: SQLite is an experimental feature and might change at any time
# (Use `node --trace-warnings ...` to show where the warning was created)
# {"timestamp":"2026-04-22T14:40:35.200Z","level":"warn","service":"my-module","event":"server.draining","reason":"manual","drain_started_at":"2026-04-22T14:40:35.200Z"}
# Subtest: [optimistic lock http smoke] 선행 전이 후 stale 전이는 HTTP 409를 반환한다
ok 97 - [optimistic lock http smoke] 선행 전이 후 stale 전이는 HTTP 409를 반환한다
  ---
  duration_ms: 21.543635
  type: 'test'
  ...
# Subtest: [optimistic lock http smoke] ProblemDetails가 OPTIMISTIC_LOCK_CONFLICT → 409로 매핑된다
ok 98 - [optimistic lock http smoke] ProblemDetails가 OPTIMISTIC_LOCK_CONFLICT → 409로 매핑된다
  ---
  duration_ms: 0.362199
  type: 'test'
  ...
# (node:22994) ExperimentalWarning: SQLite is an experimental feature and might change at any time
# (Use `node --trace-warnings ...` to show where the warning was created)
# {"timestamp":"2026-04-22T14:40:35.246Z","level":"warn","service":"my-module","event":"server.draining","reason":"manual","drain_started_at":"2026-04-22T14:40:35.246Z"}
# {"timestamp":"2026-04-22T14:40:35.249Z","level":"warn","service":"my-module","event":"server.draining","reason":"manual","drain_started_at":"2026-04-22T14:40:35.249Z"}
# Subtest: [outbox poller wiring smoke] 서버 기동 후 OutboxPoller가 실행 중이다
ok 99 - [outbox poller wiring smoke] 서버 기동 후 OutboxPoller가 실행 중이다
  ---
  duration_ms: 20.879125
  type: 'test'
  ...
# Subtest: [outbox poller wiring smoke] 서버 shutdown 후 OutboxPoller가 정지된다
ok 100 - [outbox poller wiring smoke] 서버 shutdown 후 OutboxPoller가 정지된다
  ---
  duration_ms: 1.92416
  type: 'test'
  ...
# {"timestamp":"2026-04-22T14:40:35.252Z","level":"info","service":"my-module","event":"metric.counter","name":"http_requests_total","delta":1,"total":1,"attributes":{"route":"/health","method":"GET"}}
# {"timestamp":"2026-04-22T14:40:35.252Z","level":"info","service":"my-module","event":"span.end","trace_id":"806b09a682104858a98f1af377aebbef","span_id":"86015a883b3c4a67","parent_span_id":null,"name":"http.GET /health","duration_ms":0,"status":"ok","attributes":{"http.method":"GET","http.route":"/health"}}
# {"timestamp":"2026-04-22T14:40:35.253Z","level":"warn","service":"my-module","event":"server.draining","reason":"manual","drain_started_at":"2026-04-22T14:40:35.253Z"}
# Subtest: [outbox poller wiring smoke] /health 엔드포인트가 observability 데이터를 포함한다
ok 101 - [outbox poller wiring smoke] /health 엔드포인트가 observability 데이터를 포함한다
  ---
  duration_ms: 4.158045
  type: 'test'
  ...
# {"timestamp":"2026-04-22T14:40:35.256Z","level":"warn","service":"my-module","event":"server.draining","reason":"manual","drain_started_at":"2026-04-22T14:40:35.256Z"}
# Subtest: [outbox poller wiring smoke] /api/v1/domain-events/dlq 엔드포인트가 응답한다
ok 102 - [outbox poller wiring smoke] /api/v1/domain-events/dlq 엔드포인트가 응답한다
  ---
  duration_ms: 2.433443
  type: 'test'
  ...
# Subtest: [packet hierarchy] capability-scoped packet progress and next packets are exported
ok 103 - [packet hierarchy] capability-scoped packet progress and next packets are exported
  ---
  duration_ms: 108.464982
  type: 'test'
  ...
# (node:23030) ExperimentalWarning: SQLite is an experimental feature and might change at any time
# (Use `node --trace-warnings ...` to show where the warning was created)
# {"timestamp":"2026-04-22T14:40:35.300Z","level":"info","service":"my-module","event":"metric.counter","name":"http_errors_total","delta":1,"total":1,"attributes":{"route":"/billing/payments","method":"POST","status":500}}
# {"timestamp":"2026-04-22T14:40:35.300Z","level":"info","service":"my-module","event":"metric.histogram","name":"http_duration_ms","value":1,"unit":"ms","attributes":{"route":"/billing/payments","error":true}}
# {"timestamp":"2026-04-22T14:40:35.300Z","level":"info","service":"my-module","event":"span.end","trace_id":"d3decb21894b492aae8fe7b561d9ae80","span_id":"d50ddfbb2fe44772","parent_span_id":null,"name":"http.POST /billing/payments","duration_ms":1,"status":"error","attributes":{"http.method":"POST","http.route":"/billing/payments","http.status_code":500,"exception.type":"TypeError","exception.message":"req.on is not a function"}}
# {"timestamp":"2026-04-22T14:40:35.300Z","level":"error","service":"my-module","event":"http.error","trace_id":"d3decb21894b492aae8fe7b561d9ae80","correlation_id":"14a9e315-d070-4609-a2ab-a3a62d9fc45d","route":"/billing/payments","status":500,"message":"req.on is not a function"}
# {"timestamp":"2026-04-22T14:40:35.301Z","level":"info","service":"my-module","event":"metric.counter","name":"http_errors_total","delta":1,"total":2,"attributes":{"route":"/billing/payments","method":"POST","status":500}}
# {"timestamp":"2026-04-22T14:40:35.301Z","level":"info","service":"my-module","event":"metric.histogram","name":"http_duration_ms","value":0,"unit":"ms","attributes":{"route":"/billing/payments","error":true}}
# {"timestamp":"2026-04-22T14:40:35.301Z","level":"info","service":"my-module","event":"span.end","trace_id":"c2045aebb3934b2b92501925eb870ac7","span_id":"8cdb722ae71f404e","parent_span_id":null,"name":"http.POST /billing/payments","duration_ms":0,"status":"error","attributes":{"http.method":"POST","http.route":"/billing/payments","http.status_code":500,"exception.type":"TypeError","exception.message":"req.on is not a function"}}
# {"timestamp":"2026-04-22T14:40:35.301Z","level":"error","service":"my-module","event":"http.error","trace_id":"c2045aebb3934b2b92501925eb870ac7","correlation_id":"2a2701d0-dadf-460b-ae1b-586569ac80e1","route":"/billing/payments","status":500,"message":"req.on is not a function"}
# {"timestamp":"2026-04-22T14:40:35.301Z","level":"info","service":"my-module","event":"metric.counter","name":"http_errors_total","delta":1,"total":3,"attributes":{"route":"/billing/payments","method":"POST","status":500}}
# {"timestamp":"2026-04-22T14:40:35.301Z","level":"info","service":"my-module","event":"metric.histogram","name":"http_duration_ms","value":0,"unit":"ms","attributes":{"route":"/billing/payments","error":true}}
# {"timestamp":"2026-04-22T14:40:35.301Z","level":"info","service":"my-module","event":"span.end","trace_id":"26f49e9bdd4c49cc931caa630b238884","span_id":"8dd65155953441e3","parent_span_id":null,"name":"http.POST /billing/payments","duration_ms":0,"status":"error","attributes":{"http.method":"POST","http.route":"/billing/payments","http.status_code":500,"exception.type":"TypeError","exception.message":"req.on is not a function"}}
# {"timestamp":"2026-04-22T14:40:35.301Z","level":"error","service":"my-module","event":"http.error","trace_id":"26f49e9bdd4c49cc931caa630b238884","correlation_id":"1050d07a-c23d-4630-a59f-ba6b5be6711b","route":"/billing/payments","status":500,"message":"req.on is not a function"}
# {"timestamp":"2026-04-22T14:40:35.301Z","level":"info","service":"my-module","event":"metric.counter","name":"http_errors_total","delta":1,"total":4,"attributes":{"route":"/billing/payments","method":"POST","status":429}}
# {"timestamp":"2026-04-22T14:40:35.301Z","level":"info","service":"my-module","event":"metric.histogram","name":"http_duration_ms","value":0,"unit":"ms","attributes":{"route":"/billing/payments","error":true}}
# {"timestamp":"2026-04-22T14:40:35.301Z","level":"info","service":"my-module","event":"span.end","trace_id":"7cfae64577ad4f27b62b3118f4eb513c","span_id":"7ac680766323456f","parent_span_id":null,"name":"http.POST /billing/payments","duration_ms":0,"status":"error","attributes":{"http.method":"POST","http.route":"/billing/payments","http.status_code":429,"exception.type":"Error","exception.message":"Rate limit exceeded for route POST:/billing/payments"}}
# {"timestamp":"2026-04-22T14:40:35.301Z","level":"error","service":"my-module","event":"http.error","trace_id":"7cfae64577ad4f27b62b3118f4eb513c","correlation_id":"604321b0-0703-48d6-aec8-bd7f6b2b97e2","route":"/billing/payments","status":429,"message":"Rate limit exceeded for route POST:/billing/payments"}
# {"timestamp":"2026-04-22T14:40:35.302Z","level":"info","service":"my-module","event":"metric.counter","name":"http_errors_total","delta":1,"total":5,"attributes":{"route":"/video/videos","method":"POST","status":500}}
# {"timestamp":"2026-04-22T14:40:35.302Z","level":"info","service":"my-module","event":"metric.histogram","name":"http_duration_ms","value":0,"unit":"ms","attributes":{"route":"/video/videos","error":true}}
# {"timestamp":"2026-04-22T14:40:35.302Z","level":"info","service":"my-module","event":"span.end","trace_id":"5b15284f06c7408994fcbc95e38e5e64","span_id":"ee8e161d38a84c93","parent_span_id":null,"name":"http.POST /video/videos","duration_ms":0,"status":"error","attributes":{"http.method":"POST","http.route":"/video/videos","http.status_code":500,"exception.type":"TypeError","exception.message":"req.on is not a function"}}
# {"timestamp":"2026-04-22T14:40:35.302Z","level":"error","service":"my-module","event":"http.error","trace_id":"5b15284f06c7408994fcbc95e38e5e64","correlation_id":"2c61ffad-9fdb-4631-bbf2-ffe0d9782749","route":"/video/videos","status":500,"message":"req.on is not a function"}
# {"timestamp":"2026-04-22T14:40:35.303Z","level":"info","service":"my-module","event":"metric.counter","name":"http_errors_total","delta":1,"total":6,"attributes":{"route":"/video/videos","method":"POST","status":500}}
# {"timestamp":"2026-04-22T14:40:35.303Z","level":"info","service":"my-module","event":"metric.histogram","name":"http_duration_ms","value":1,"unit":"ms","attributes":{"route":"/video/videos","error":true}}
# {"timestamp":"2026-04-22T14:40:35.303Z","level":"info","service":"my-module","event":"span.end","trace_id":"7514b18bdbae46e99b3efba4f594bce0","span_id":"0a4a409cae854f75","parent_span_id":null,"name":"http.POST /video/videos","duration_ms":1,"status":"error","attributes":{"http.method":"POST","http.route":"/video/videos","http.status_code":500,"exception.type":"TypeError","exception.message":"req.on is not a function"}}
# {"timestamp":"2026-04-22T14:40:35.303Z","level":"error","service":"my-module","event":"http.error","trace_id":"7514b18bdbae46e99b3efba4f594bce0","correlation_id":"6146d4b4-0463-47ac-bf37-0999ff067be9","route":"/video/videos","status":500,"message":"req.on is not a function"}
# {"timestamp":"2026-04-22T14:40:35.303Z","level":"info","service":"my-module","event":"metric.counter","name":"http_errors_total","delta":1,"total":7,"attributes":{"route":"/video/videos","method":"POST","status":429}}
# {"timestamp":"2026-04-22T14:40:35.303Z","level":"info","service":"my-module","event":"metric.histogram","name":"http_duration_ms","value":0,"unit":"ms","attributes":{"route":"/video/videos","error":true}}
# {"timestamp":"2026-04-22T14:40:35.303Z","level":"info","service":"my-module","event":"span.end","trace_id":"19c40496c94642aa9bca6b981285d1d3","span_id":"54f58328b2b14d6e","parent_span_id":null,"name":"http.POST /video/videos","duration_ms":0,"status":"error","attributes":{"http.method":"POST","http.route":"/video/videos","http.status_code":429,"exception.type":"Error","exception.message":"Rate limit exceeded for route POST:/video/videos"}}
# {"timestamp":"2026-04-22T14:40:35.303Z","level":"error","service":"my-module","event":"http.error","trace_id":"19c40496c94642aa9bca6b981285d1d3","correlation_id":"3301ebb3-f96e-4d1b-b4e9-308a965bd191","route":"/video/videos","status":429,"message":"Rate limit exceeded for route POST:/video/videos"}
# {"timestamp":"2026-04-22T14:40:35.303Z","level":"info","service":"my-module","event":"metric.counter","name":"http_requests_total","delta":1,"total":1,"attributes":{"route":"/livez","method":"GET"}}
# {"timestamp":"2026-04-22T14:40:35.303Z","level":"info","service":"my-module","event":"span.end","trace_id":"f440bf58fd224f9f989cac50021b3ad1","span_id":"e93dc7ed00914e29","parent_span_id":null,"name":"http.GET /livez","duration_ms":0,"status":"ok","attributes":{"http.method":"GET","http.route":"/livez"}}
# {"timestamp":"2026-04-22T14:40:35.304Z","level":"info","service":"my-module","event":"metric.counter","name":"http_requests_total","delta":1,"total":2,"attributes":{"route":"/livez","method":"GET"}}
# {"timestamp":"2026-04-22T14:40:35.304Z","level":"info","service":"my-module","event":"span.end","trace_id":"927645b15ee54d5bbaa0f2951db44c0c","span_id":"313499aebb504666","parent_span_id":null,"name":"http.GET /livez","duration_ms":0,"status":"ok","attributes":{"http.method":"GET","http.route":"/livez"}}
# {"timestamp":"2026-04-22T14:40:35.304Z","level":"info","service":"my-module","event":"metric.counter","name":"http_requests_total","delta":1,"total":3,"attributes":{"route":"/livez","method":"GET"}}
# {"timestamp":"2026-04-22T14:40:35.304Z","level":"info","service":"my-module","event":"span.end","trace_id":"6ca71c4fac344305963f354fa0710f1e","span_id":"6a4c8afc75d249ef","parent_span_id":null,"name":"http.GET /livez","duration_ms":0,"status":"ok","attributes":{"http.method":"GET","http.route":"/livez"}}
# {"timestamp":"2026-04-22T14:40:35.305Z","level":"info","service":"my-module","event":"metric.counter","name":"http_requests_total","delta":1,"total":4,"attributes":{"route":"/livez","method":"GET"}}
# {"timestamp":"2026-04-22T14:40:35.305Z","level":"info","service":"my-module","event":"span.end","trace_id":"baa966f33d3d41ff826cf9687c24ac80","span_id":"86f200d9ae7e422f","parent_span_id":null,"name":"http.GET /livez","duration_ms":0,"status":"ok","attributes":{"http.method":"GET","http.route":"/livez"}}
# {"timestamp":"2026-04-22T14:40:35.305Z","level":"info","service":"my-module","event":"metric.counter","name":"http_requests_total","delta":1,"total":5,"attributes":{"route":"/livez","method":"GET"}}
# {"timestamp":"2026-04-22T14:40:35.305Z","level":"info","service":"my-module","event":"span.end","trace_id":"d4ab7bdf443446c0bb845934f5c4d1ec","span_id":"28e92f93c6d14360","parent_span_id":null,"name":"http.GET /livez","duration_ms":0,"status":"ok","attributes":{"http.method":"GET","http.route":"/livez"}}
# {"timestamp":"2026-04-22T14:40:35.305Z","level":"info","service":"my-module","event":"metric.counter","name":"http_requests_total","delta":1,"total":6,"attributes":{"route":"/livez","method":"GET"}}
# {"timestamp":"2026-04-22T14:40:35.305Z","level":"info","service":"my-module","event":"span.end","trace_id":"ba244b35fa0f4ac4838d09854f795f96","span_id":"b0bb20651d7f4d11","parent_span_id":null,"name":"http.GET /livez","duration_ms":0,"status":"ok","attributes":{"http.method":"GET","http.route":"/livez"}}
# {"timestamp":"2026-04-22T14:40:35.305Z","level":"info","service":"my-module","event":"metric.counter","name":"http_requests_total","delta":1,"total":7,"attributes":{"route":"/livez","method":"GET"}}
# {"timestamp":"2026-04-22T14:40:35.305Z","level":"info","service":"my-module","event":"span.end","trace_id":"124e3ac31de84b7195e14e15c7481d28","span_id":"c4d78e38fec14fee","parent_span_id":null,"name":"http.GET /livez","duration_ms":0,"status":"ok","attributes":{"http.method":"GET","http.route":"/livez"}}
# {"timestamp":"2026-04-22T14:40:35.305Z","level":"info","service":"my-module","event":"metric.counter","name":"http_requests_total","delta":1,"total":8,"attributes":{"route":"/livez","method":"GET"}}
# {"timestamp":"2026-04-22T14:40:35.305Z","level":"info","service":"my-module","event":"span.end","trace_id":"684078fb5fc44525b137a94ed91d34cf","span_id":"1e97ffa88f5e4bf9","parent_span_id":null,"name":"http.GET /livez","duration_ms":0,"status":"ok","attributes":{"http.method":"GET","http.route":"/livez"}}
# {"timestamp":"2026-04-22T14:40:35.305Z","level":"info","service":"my-module","event":"metric.counter","name":"http_requests_total","delta":1,"total":9,"attributes":{"route":"/livez","method":"GET"}}
# {"timestamp":"2026-04-22T14:40:35.305Z","level":"info","service":"my-module","event":"span.end","trace_id":"ebec9343256241e6ad5521489c80995b","span_id":"10e7d5f644ab4b95","parent_span_id":null,"name":"http.GET /livez","duration_ms":0,"status":"ok","attributes":{"http.method":"GET","http.route":"/livez"}}
# {"timestamp":"2026-04-22T14:40:35.305Z","level":"info","service":"my-module","event":"metric.counter","name":"http_requests_total","delta":1,"total":10,"attributes":{"route":"/livez","method":"GET"}}
# {"timestamp":"2026-04-22T14:40:35.305Z","level":"info","service":"my-module","event":"span.end","trace_id":"f7959eda197c4f4d9c32519b90848c14","span_id":"0263bf15cce4478c","parent_span_id":null,"name":"http.GET /livez","duration_ms":0,"status":"ok","attributes":{"http.method":"GET","http.route":"/livez"}}
# Subtest: [per-route rate-limit smoke] POST /billing/payments enforces stricter 10/min limit
ok 104 - [per-route rate-limit smoke] POST /billing/payments enforces stricter 10/min limit
  ---
  duration_ms: 6.015278
  type: 'test'
  ...
# Subtest: [per-route rate-limit smoke] POST /video/videos enforces stricter 5/min limit
ok 105 - [per-route rate-limit smoke] POST /video/videos enforces stricter 5/min limit
  ---
  duration_ms: 0.890485
  type: 'test'
  ...
# Subtest: [per-route rate-limit smoke] routes without stricter policy use global limit only
ok 106 - [per-route rate-limit smoke] routes without stricter policy use global limit only
  ---
  duration_ms: 2.565523
  type: 'test'
  ...
# Subtest: [planning studio stage-run migration smoke] snapshot backfills legacy stage-run storage with release evidence observability
ok 107 - [planning studio stage-run migration smoke] snapshot backfills legacy stage-run storage with release evidence observability
  ---
  duration_ms: 355.779152
  type: 'test'
  ...
# Subtest: [project status smoke] next_wp는 canonical wp-queue 기준으로 계산된다
ok 108 - [project status smoke] next_wp는 canonical wp-queue 기준으로 계산된다
  ---
  duration_ms: 570.605358
  type: 'test'
  ...
# Subtest: [promote packet] validated promotion can write next execution packet
ok 109 - [promote packet] validated promotion can write next execution packet
  ---
  duration_ms: 102.143341
  type: 'test'
  ...
# Subtest: [promotion decision] readiness, fit, and reread state become a single gate
ok 110 - [promotion decision] readiness, fit, and reread state become a single gate
  ---
  duration_ms: 842.140392
  type: 'test'
  ...
# Subtest: [promotion pipeline] artifacts and optional apply are orchestrated together
ok 111 - [promotion pipeline] artifacts and optional apply are orchestrated together
  ---
  duration_ms: 162.39929
  type: 'test'
  ...
# Subtest: [proven kickoff] blueprint, learned preset, and token budget are bundled together
ok 112 - [proven kickoff] blueprint, learned preset, and token budget are bundled together
  ---
  duration_ms: 280.246561
  type: 'test'
  ...
# Subtest: [readiness brief] promotion, scheduler, reread, benchmark state are summarized together
ok 113 - [readiness brief] promotion, scheduler, reread, benchmark state are summarized together
  ---
  duration_ms: 813.630352
  type: 'test'
  ...
# Subtest: [release evidence smoke] sbom, provenance, and release evidence are regenerated with artifact digests
ok 114 - [release evidence smoke] sbom, provenance, and release evidence are regenerated with artifact digests
  ---
  duration_ms: 297.426918
  type: 'test'
  ...
# Subtest: [replay packet] logs and replay lenses produce a next packet draft
ok 115 - [replay packet] logs and replay lenses produce a next packet draft
  ---
  duration_ms: 70.595049
  type: 'test'
  ...
# Subtest: [requirements validation smoke] baseline requirements file passes
ok 116 - [requirements validation smoke] baseline requirements file passes
  ---
  duration_ms: 125.823001
  type: 'test'
  ...
# Subtest: [requirements validation smoke] --all mode validates all domain requirements files
ok 117 - [requirements validation smoke] --all mode validates all domain requirements files
  ---
  duration_ms: 205.566853
  type: 'test'
  ...
# Subtest: [requirements validation smoke] missing module.id is rejected
ok 118 - [requirements validation smoke] missing module.id is rejected
  ---
  duration_ms: 134.118744
  type: 'test'
  ...
# Subtest: [requirements validation smoke] invalid NFR latency is rejected
ok 119 - [requirements validation smoke] invalid NFR latency is rejected
  ---
  duration_ms: 139.968583
  type: 'test'
  ...
# Subtest: [requirements validation smoke] schema-enforced uniqueItems rejects duplicate dependencies
ok 120 - [requirements validation smoke] schema-enforced uniqueItems rejects duplicate dependencies
  ---
  duration_ms: 117.501147
  type: 'test'
  ...
# Subtest: [requirements validation smoke] schema-enforced uniqueItems rejects duplicate provided contracts
ok 121 - [requirements validation smoke] schema-enforced uniqueItems rejects duplicate provided contracts
  ---
  duration_ms: 119.28775
  type: 'test'
  ...
# Subtest: [reread queue] context drift candidates are exported in priority order
ok 122 - [reread queue] context drift candidates are exported in priority order
  ---
  duration_ms: 210.868722
  type: 'test'
  ...
# Subtest: [routing learning] exception and ROI signals merge into canonical routing memory
ok 123 - [routing learning] exception and ROI signals merge into canonical routing memory
  ---
  duration_ms: 290.841846
  type: 'test'
  ...
# (node:23327) ExperimentalWarning: SQLite is an experimental feature and might change at any time
# (Use `node --trace-warnings ...` to show where the warning was created)
# {"timestamp":"2026-04-22T14:40:35.973Z","level":"info","service":"my-module","event":"metric.counter","name":"http_requests_total","delta":1,"total":1,"attributes":{"route":"/livez","method":"GET"}}
# {"timestamp":"2026-04-22T14:40:35.973Z","level":"info","service":"my-module","event":"span.end","trace_id":"964399e71a844ff6bb35dd20d83aa9a0","span_id":"3b41a24feb1e4705","parent_span_id":null,"name":"http.GET /livez","duration_ms":0,"status":"ok","attributes":{"http.method":"GET","http.route":"/livez"}}
# {"timestamp":"2026-04-22T14:40:35.982Z","level":"info","service":"my-module","event":"metric.counter","name":"http_requests_total","delta":1,"total":2,"attributes":{"route":"/startupz","method":"GET"}}
# {"timestamp":"2026-04-22T14:40:35.982Z","level":"info","service":"my-module","event":"span.end","trace_id":"f698ba8cda054cfc879d594f8591b7de","span_id":"4fde750f850547e5","parent_span_id":null,"name":"http.GET /startupz","duration_ms":0,"status":"ok","attributes":{"http.method":"GET","http.route":"/startupz"}}
# {"timestamp":"2026-04-22T14:40:35.986Z","level":"info","service":"my-module","event":"metric.counter","name":"http_requests_total","delta":1,"total":3,"attributes":{"route":"/readyz","method":"GET","status":200}}
# {"timestamp":"2026-04-22T14:40:35.986Z","level":"info","service":"my-module","event":"span.end","trace_id":"bf9a7b7672fc43ed9f9769886de86d75","span_id":"c988a81b65694118","parent_span_id":null,"name":"http.GET /readyz","duration_ms":0,"status":"ok","attributes":{"http.method":"GET","http.route":"/readyz","http.status_code":200}}
# {"timestamp":"2026-04-22T14:40:35.989Z","level":"info","service":"my-module","event":"metric.counter","name":"http_requests_total","delta":1,"total":4,"attributes":{"route":"/health","method":"GET"}}
# {"timestamp":"2026-04-22T14:40:35.989Z","level":"info","service":"my-module","event":"span.end","trace_id":"e72e50d78fe1417d89a20df032109530","span_id":"d97b0a1dcc214849","parent_span_id":null,"name":"http.GET /health","duration_ms":0,"status":"ok","attributes":{"http.method":"GET","http.route":"/health"}}
# Subtest: [deployment smoke runner] executes the deployed-environment checklist and writes an artifact
ok 124 - [deployment smoke runner] executes the deployed-environment checklist and writes an artifact
  ---
  duration_ms: 143.752559
  type: 'test'
  ...
# (node:23347) ExperimentalWarning: SQLite is an experimental feature and might change at any time
# (Use `node --trace-warnings ...` to show where the warning was created)
# {"timestamp":"2026-04-22T14:40:35.975Z","level":"warn","service":"my-module","event":"server.draining","reason":"manual","drain_started_at":"2026-04-22T14:40:35.975Z"}
# Subtest: [scaffold smoke] POST /api/planning-studio/scaffold-preview returns 400 on missing domain
ok 125 - [scaffold smoke] POST /api/planning-studio/scaffold-preview returns 400 on missing domain
  ---
  duration_ms: 18.445045
  type: 'test'
  ...
# {"timestamp":"2026-04-22T14:40:36.028Z","level":"warn","service":"my-module","event":"server.draining","reason":"manual","drain_started_at":"2026-04-22T14:40:36.028Z"}
# Subtest: [scaffold smoke] POST /api/planning-studio/scaffold-preview with valid args returns 200 with preview
ok 126 - [scaffold smoke] POST /api/planning-studio/scaffold-preview with valid args returns 200 with preview
  ---
  duration_ms: 52.201546
  type: 'test'
  ...
# {"timestamp":"2026-04-22T14:40:36.032Z","level":"warn","service":"my-module","event":"server.draining","reason":"manual","drain_started_at":"2026-04-22T14:40:36.031Z"}
# Subtest: [scaffold smoke] POST /api/planning-studio/scaffold-create with missing blueprint returns 400
ok 127 - [scaffold smoke] POST /api/planning-studio/scaffold-create with missing blueprint returns 400
  ---
  duration_ms: 3.479755
  type: 'test'
  ...
# {"timestamp":"2026-04-22T14:40:36.066Z","level":"warn","service":"my-module","event":"server.draining","reason":"manual","drain_started_at":"2026-04-22T14:40:36.066Z"}
# Subtest: [scaffold smoke] scaffold-preview idempotency replay returns same 200 on second call
ok 128 - [scaffold smoke] scaffold-preview idempotency replay returns same 200 on second call
  ---
  duration_ms: 34.017797
  type: 'test'
  ...
# {"timestamp":"2026-04-22T14:40:36.220Z","level":"warn","service":"my-module","event":"server.draining","reason":"manual","drain_started_at":"2026-04-22T14:40:36.220Z"}
# Subtest: [scaffold smoke] scaffold-create auto-registers Stage C baselines in runtime root
ok 129 - [scaffold smoke] scaffold-create auto-registers Stage C baselines in runtime root
  ---
  duration_ms: 160.331591
  type: 'test'
  ...
# (node:23376) ExperimentalWarning: SQLite is an experimental feature and might change at any time
# (Use `node --trace-warnings ...` to show where the warning was created)
# {"timestamp":"2026-04-22T14:40:36.086Z","level":"info","service":"my-module","event":"metric.counter","name":"pty_bridge_sessions_read_total","delta":1,"total":1,"attributes":{"route":"/api/pty/sessions","method":"GET"}}
# {"timestamp":"2026-04-22T14:40:36.087Z","level":"info","service":"my-module","event":"span.end","trace_id":"12f478bbc95545dfaecb399d92317e7c","span_id":"3c8d46abef534f44","parent_span_id":"215fc77bb2cf4a0f","name":"pty.bridge.sessions","duration_ms":1,"status":"ok","attributes":{"http.route":"/api/pty/sessions","http.request.method":"GET","code.function":"createAppHandler","control_center.operation.duration_ms":1,"pty.session.count":1}}
# {"timestamp":"2026-04-22T14:40:36.087Z","level":"info","service":"my-module","event":"metric.histogram","name":"control_center_operation_duration_ms","value":1,"unit":"ms","attributes":{"operation":"pty.bridge.sessions","route":"/api/pty/sessions","method":"GET"}}
# {"timestamp":"2026-04-22T14:40:36.087Z","level":"info","service":"my-module","event":"control_center.operation","trace_id":"12f478bbc95545dfaecb399d92317e7c","parent_span_id":"215fc77bb2cf4a0f","span_id":"3c8d46abef534f44","correlation_id":"2cf199dd-bcf1-4de5-a66e-0f30ec53a8e8","request_id":"2cf199dd-bcf1-4de5-a66e-0f30ec53a8e8","operation":"pty.bridge.sessions","route":"/api/pty/sessions","method":"GET","duration_ms":1,"message":"ok","pty.session.count":1}
# {"timestamp":"2026-04-22T14:40:36.101Z","level":"info","service":"my-module","event":"metric.counter","name":"pty_scheduler_start_total","delta":1,"total":1,"attributes":{"route":"/api/pty/scheduler/start","method":"POST"}}
# {"timestamp":"2026-04-22T14:40:36.101Z","level":"info","service":"my-module","event":"span.end","trace_id":"e6c24a56e13f41e68774b7ea416f0911","span_id":"4b3a37acad0b44b1","parent_span_id":"4559cb71a93042b3","name":"pty.scheduler.start","duration_ms":1,"status":"ok","attributes":{"http.route":"/api/pty/scheduler/start","http.request.method":"POST","code.function":"createAppHandler","control_center.operation.duration_ms":1,"pty.scheduler.worker_count":2}}
# {"timestamp":"2026-04-22T14:40:36.101Z","level":"info","service":"my-module","event":"metric.histogram","name":"control_center_operation_duration_ms","value":1,"unit":"ms","attributes":{"operation":"pty.scheduler.start","route":"/api/pty/scheduler/start","method":"POST"}}
# {"timestamp":"2026-04-22T14:40:36.101Z","level":"info","service":"my-module","event":"control_center.operation","trace_id":"e6c24a56e13f41e68774b7ea416f0911","parent_span_id":"4559cb71a93042b3","span_id":"4b3a37acad0b44b1","correlation_id":"69429b1b-4234-4f1c-a092-b476a576f78d","request_id":"69429b1b-4234-4f1c-a092-b476a576f78d","operation":"pty.scheduler.start","route":"/api/pty/scheduler/start","method":"POST","duration_ms":1,"message":"ok","pty.scheduler.worker_count":2}
# {"timestamp":"2026-04-22T14:40:36.104Z","level":"info","service":"my-module","event":"metric.counter","name":"pty_bridge_send_total","delta":1,"total":1,"attributes":{"route":"/api/pty/enter-now","method":"POST","action":"enter"}}
# {"timestamp":"2026-04-22T14:40:36.106Z","level":"info","service":"my-module","event":"metric.counter","name":"pty_bridge_send_total","delta":1,"total":2,"attributes":{"route":"/api/pty/send-now","method":"POST","action":"prompt"}}
# {"timestamp":"2026-04-22T14:40:36.109Z","level":"info","service":"my-module","event":"metric.counter","name":"pty_bridge_send_total","delta":1,"total":3,"attributes":{"route":"/api/pty/send-now","method":"POST","action":"prompt"}}
# {"timestamp":"2026-04-22T14:40:37.930Z","level":"info","service":"my-module","event":"metric.counter","name":"pty_scheduler_stop_total","delta":1,"total":1,"attributes":{"route":"/api/pty/scheduler/stop","method":"POST"}}
# {"timestamp":"2026-04-22T14:40:37.930Z","level":"info","service":"my-module","event":"span.end","trace_id":"9760c3bc4f4d4d34a299c1f2ac6421bc","span_id":"e1d5ee423c1342b7","parent_span_id":"5bc043775a3c47c8","name":"pty.scheduler.stop","duration_ms":0,"status":"ok","attributes":{"http.route":"/api/pty/scheduler/stop","http.request.method":"POST","code.function":"createAppHandler","control_center.operation.duration_ms":0,"pty.scheduler.worker_count":2}}
# {"timestamp":"2026-04-22T14:40:37.930Z","level":"info","service":"my-module","event":"metric.histogram","name":"control_center_operation_duration_ms","value":0,"unit":"ms","attributes":{"operation":"pty.scheduler.stop","route":"/api/pty/scheduler/stop","method":"POST"}}
# {"timestamp":"2026-04-22T14:40:37.931Z","level":"info","service":"my-module","event":"control_center.operation","trace_id":"9760c3bc4f4d4d34a299c1f2ac6421bc","parent_span_id":"5bc043775a3c47c8","span_id":"e1d5ee423c1342b7","correlation_id":"33bfa969-8aee-4d4c-9c13-42ed817f3865","request_id":"33bfa969-8aee-4d4c-9c13-42ed817f3865","operation":"pty.scheduler.stop","route":"/api/pty/scheduler/stop","method":"POST","duration_ms":0,"message":"ok","pty.scheduler.worker_count":2}
# {"timestamp":"2026-04-22T14:40:37.937Z","level":"info","service":"my-module","event":"metric.counter","name":"pty_scheduler_start_total","delta":1,"total":2,"attributes":{"route":"/api/pty/scheduler/start","method":"POST"}}
# {"timestamp":"2026-04-22T14:40:37.938Z","level":"info","service":"my-module","event":"span.end","trace_id":"62cb908a957b4a1a8bd82e6fbd1524b5","span_id":"3e348b3c643443ee","parent_span_id":"59731817697d464f","name":"pty.scheduler.start","duration_ms":1,"status":"ok","attributes":{"http.route":"/api/pty/scheduler/start","http.request.method":"POST","code.function":"createAppHandler","control_center.operation.duration_ms":1,"pty.scheduler.worker_count":2}}
# {"timestamp":"2026-04-22T14:40:37.938Z","level":"info","service":"my-module","event":"metric.histogram","name":"control_center_operation_duration_ms","value":1,"unit":"ms","attributes":{"operation":"pty.scheduler.start","route":"/api/pty/scheduler/start","method":"POST"}}
# {"timestamp":"2026-04-22T14:40:37.939Z","level":"info","service":"my-module","event":"control_center.operation","trace_id":"62cb908a957b4a1a8bd82e6fbd1524b5","parent_span_id":"59731817697d464f","span_id":"3e348b3c643443ee","correlation_id":"fa427208-b150-4f58-990f-beb458427f93","request_id":"fa427208-b150-4f58-990f-beb458427f93","operation":"pty.scheduler.start","route":"/api/pty/scheduler/start","method":"POST","duration_ms":1,"message":"ok","pty.scheduler.worker_count":2}
# {"timestamp":"2026-04-22T14:40:37.942Z","level":"info","service":"my-module","event":"metric.counter","name":"pty_bridge_send_total","delta":1,"total":4,"attributes":{"route":"/api/pty/enter-now","method":"POST","action":"enter"}}
# {"timestamp":"2026-04-22T14:40:37.948Z","level":"info","service":"my-module","event":"metric.counter","name":"pty_bridge_send_total","delta":1,"total":5,"attributes":{"route":"/api/pty/send-now","method":"POST","action":"prompt"}}
# {"timestamp":"2026-04-22T14:40:39.711Z","level":"info","service":"my-module","event":"metric.counter","name":"pty_scheduler_stop_total","delta":1,"total":2,"attributes":{"route":"/api/pty/scheduler/stop","method":"POST"}}
# {"timestamp":"2026-04-22T14:40:39.711Z","level":"info","service":"my-module","event":"span.end","trace_id":"f72dce1267bd4cc1bfd91610bad9fa80","span_id":"ccc025145c8e4d77","parent_span_id":"f443927712bb4354","name":"pty.scheduler.stop","duration_ms":0,"status":"ok","attributes":{"http.route":"/api/pty/scheduler/stop","http.request.method":"POST","code.function":"createAppHandler","control_center.operation.duration_ms":0,"pty.scheduler.worker_count":2}}
# {"timestamp":"2026-04-22T14:40:39.711Z","level":"info","service":"my-module","event":"metric.histogram","name":"control_center_operation_duration_ms","value":0,"unit":"ms","attributes":{"operation":"pty.scheduler.stop","route":"/api/pty/scheduler/stop","method":"POST"}}
# {"timestamp":"2026-04-22T14:40:39.711Z","level":"info","service":"my-module","event":"control_center.operation","trace_id":"f72dce1267bd4cc1bfd91610bad9fa80","parent_span_id":"f443927712bb4354","span_id":"ccc025145c8e4d77","correlation_id":"65f9375f-6f02-4a41-89dd-58c089f6779e","request_id":"65f9375f-6f02-4a41-89dd-58c089f6779e","operation":"pty.scheduler.stop","route":"/api/pty/scheduler/stop","method":"POST","duration_ms":0,"message":"ok","pty.scheduler.worker_count":2}
# {"timestamp":"2026-04-22T14:40:39.714Z","level":"info","service":"my-module","event":"metric.counter","name":"pty_scheduler_start_total","delta":1,"total":3,"attributes":{"route":"/api/pty/scheduler/start","method":"POST"}}
# {"timestamp":"2026-04-22T14:40:39.714Z","level":"info","service":"my-module","event":"span.end","trace_id":"9475d62f05d6405ca72a0d1d8c377e15","span_id":"b5a99bf4a4004465","parent_span_id":"d6bd9c5e366b4ab9","name":"pty.scheduler.start","duration_ms":0,"status":"ok","attributes":{"http.route":"/api/pty/scheduler/start","http.request.method":"POST","code.function":"createAppHandler","control_center.operation.duration_ms":0,"pty.scheduler.worker_count":2}}
# {"timestamp":"2026-04-22T14:40:39.714Z","level":"info","service":"my-module","event":"metric.histogram","name":"control_center_operation_duration_ms","value":0,"unit":"ms","attributes":{"operation":"pty.scheduler.start","route":"/api/pty/scheduler/start","method":"POST"}}
# {"timestamp":"2026-04-22T14:40:39.714Z","level":"info","service":"my-module","event":"control_center.operation","trace_id":"9475d62f05d6405ca72a0d1d8c377e15","parent_span_id":"d6bd9c5e366b4ab9","span_id":"b5a99bf4a4004465","correlation_id":"23f9c28c-a408-4f64-bd1a-a1a07f8e748a","request_id":"23f9c28c-a408-4f64-bd1a-a1a07f8e748a","operation":"pty.scheduler.start","route":"/api/pty/scheduler/start","method":"POST","duration_ms":0,"message":"ok","pty.scheduler.worker_count":2}
# {"timestamp":"2026-04-22T14:40:39.716Z","level":"info","service":"my-module","event":"metric.counter","name":"pty_bridge_send_total","delta":1,"total":6,"attributes":{"route":"/api/pty/enter-now","method":"POST","action":"enter"}}
# {"timestamp":"2026-04-22T14:40:39.717Z","level":"info","service":"my-module","event":"metric.counter","name":"pty_bridge_send_total","delta":1,"total":7,"attributes":{"route":"/api/pty/enter-now","method":"POST","action":"enter"}}
# {"timestamp":"2026-04-22T14:40:39.719Z","level":"info","service":"my-module","event":"metric.counter","name":"pty_bridge_send_total","delta":1,"total":8,"attributes":{"route":"/api/pty/send-now","method":"POST","action":"prompt"}}
# {"timestamp":"2026-04-22T14:40:39.720Z","level":"info","service":"my-module","event":"metric.counter","name":"pty_bridge_send_total","delta":1,"total":9,"attributes":{"route":"/api/pty/enter-now","method":"POST","action":"enter"}}
# {"timestamp":"2026-04-22T14:40:41.354Z","level":"info","service":"my-module","event":"metric.counter","name":"pty_scheduler_stop_total","delta":1,"total":3,"attributes":{"route":"/api/pty/scheduler/stop","method":"POST"}}
# {"timestamp":"2026-04-22T14:40:41.354Z","level":"info","service":"my-module","event":"span.end","trace_id":"f42608fe2bf84c45ab6fea396b729e70","span_id":"df7c91511b2f4d1e","parent_span_id":"59a8bd5118a44fa5","name":"pty.scheduler.stop","duration_ms":0,"status":"ok","attributes":{"http.route":"/api/pty/scheduler/stop","http.request.method":"POST","code.function":"createAppHandler","control_center.operation.duration_ms":0,"pty.scheduler.worker_count":2}}
# {"timestamp":"2026-04-22T14:40:41.354Z","level":"info","service":"my-module","event":"metric.histogram","name":"control_center_operation_duration_ms","value":0,"unit":"ms","attributes":{"operation":"pty.scheduler.stop","route":"/api/pty/scheduler/stop","method":"POST"}}
# {"timestamp":"2026-04-22T14:40:41.354Z","level":"info","service":"my-module","event":"control_center.operation","trace_id":"f42608fe2bf84c45ab6fea396b729e70","parent_span_id":"59a8bd5118a44fa5","span_id":"df7c91511b2f4d1e","correlation_id":"28c6a947-2012-474d-ae06-99f0f17aacf9","request_id":"28c6a947-2012-474d-ae06-99f0f17aacf9","operation":"pty.scheduler.stop","route":"/api/pty/scheduler/stop","method":"POST","duration_ms":0,"message":"ok","pty.scheduler.worker_count":2}
# {"timestamp":"2026-04-22T14:40:41.356Z","level":"info","service":"my-module","event":"metric.counter","name":"pty_scheduler_start_total","delta":1,"total":4,"attributes":{"route":"/api/pty/scheduler/start","method":"POST"}}
# {"timestamp":"2026-04-22T14:40:41.356Z","level":"info","service":"my-module","event":"span.end","trace_id":"e7b7b86b975b4734a220154e353cf21b","span_id":"f71440c659c04f45","parent_span_id":"99f2d82a2ebf43c1","name":"pty.scheduler.start","duration_ms":0,"status":"ok","attributes":{"http.route":"/api/pty/scheduler/start","http.request.method":"POST","code.function":"createAppHandler","control_center.operation.duration_ms":0,"pty.scheduler.worker_count":2}}
# {"timestamp":"2026-04-22T14:40:41.356Z","level":"info","service":"my-module","event":"metric.histogram","name":"control_center_operation_duration_ms","value":0,"unit":"ms","attributes":{"operation":"pty.scheduler.start","route":"/api/pty/scheduler/start","method":"POST"}}
# {"timestamp":"2026-04-22T14:40:41.356Z","level":"info","service":"my-module","event":"control_center.operation","trace_id":"e7b7b86b975b4734a220154e353cf21b","parent_span_id":"99f2d82a2ebf43c1","span_id":"f71440c659c04f45","correlation_id":"252ed339-c5c2-4637-a7b5-84ccb5400ef7","request_id":"252ed339-c5c2-4637-a7b5-84ccb5400ef7","operation":"pty.scheduler.start","route":"/api/pty/scheduler/start","method":"POST","duration_ms":0,"message":"ok","pty.scheduler.worker_count":2}
# {"timestamp":"2026-04-22T14:40:41.357Z","level":"info","service":"my-module","event":"metric.counter","name":"pty_bridge_send_total","delta":1,"total":10,"attributes":{"route":"/api/pty/enter-now","method":"POST","action":"enter"}}
# {"timestamp":"2026-04-22T14:40:41.358Z","level":"info","service":"my-module","event":"metric.counter","name":"pty_bridge_send_total","delta":1,"total":11,"attributes":{"route":"/api/pty/enter-now","method":"POST","action":"enter"}}
# {"timestamp":"2026-04-22T14:40:41.360Z","level":"info","service":"my-module","event":"metric.counter","name":"pty_bridge_send_total","delta":1,"total":12,"attributes":{"route":"/api/pty/enter-now","method":"POST","action":"enter"}}
# {"timestamp":"2026-04-22T14:40:41.361Z","level":"info","service":"my-module","event":"metric.counter","name":"pty_bridge_send_total","delta":1,"total":13,"attributes":{"route":"/api/pty/send-now","method":"POST","action":"prompt"}}
# {"timestamp":"2026-04-22T14:40:42.789Z","level":"info","service":"my-module","event":"metric.counter","name":"pty_scheduler_stop_total","delta":1,"total":4,"attributes":{"route":"/api/pty/scheduler/stop","method":"POST"}}
# {"timestamp":"2026-04-22T14:40:42.789Z","level":"info","service":"my-module","event":"span.end","trace_id":"42f9b4d7c92841a49195e64d5af69bd7","span_id":"9736935ae2ea4900","parent_span_id":"47195af62f6744fe","name":"pty.scheduler.stop","duration_ms":0,"status":"ok","attributes":{"http.route":"/api/pty/scheduler/stop","http.request.method":"POST","code.function":"createAppHandler","control_center.operation.duration_ms":0,"pty.scheduler.worker_count":2}}
# {"timestamp":"2026-04-22T14:40:42.789Z","level":"info","service":"my-module","event":"metric.histogram","name":"control_center_operation_duration_ms","value":0,"unit":"ms","attributes":{"operation":"pty.scheduler.stop","route":"/api/pty/scheduler/stop","method":"POST"}}
# {"timestamp":"2026-04-22T14:40:42.789Z","level":"info","service":"my-module","event":"control_center.operation","trace_id":"42f9b4d7c92841a49195e64d5af69bd7","parent_span_id":"47195af62f6744fe","span_id":"9736935ae2ea4900","correlation_id":"26bdea21-8557-4ec0-bedb-4d48ce7a05d8","request_id":"26bdea21-8557-4ec0-bedb-4d48ce7a05d8","operation":"pty.scheduler.stop","route":"/api/pty/scheduler/stop","method":"POST","duration_ms":0,"message":"ok","pty.scheduler.worker_count":2}
# {"timestamp":"2026-04-22T14:40:42.790Z","level":"info","service":"my-module","event":"metric.counter","name":"pty_scheduler_start_total","delta":1,"total":5,"attributes":{"route":"/api/pty/scheduler/start","method":"POST"}}
# {"timestamp":"2026-04-22T14:40:42.790Z","level":"info","service":"my-module","event":"span.end","trace_id":"2bb67631447e4811818e881225640b6b","span_id":"c213e06ac4ef45a5","parent_span_id":"fa7f9294fab84ae2","name":"pty.scheduler.start","duration_ms":0,"status":"ok","attributes":{"http.route":"/api/pty/scheduler/start","http.request.method":"POST","code.function":"createAppHandler","control_center.operation.duration_ms":0,"pty.scheduler.worker_count":2}}
# {"timestamp":"2026-04-22T14:40:42.790Z","level":"info","service":"my-module","event":"metric.histogram","name":"control_center_operation_duration_ms","value":0,"unit":"ms","attributes":{"operation":"pty.scheduler.start","route":"/api/pty/scheduler/start","method":"POST"}}
# {"timestamp":"2026-04-22T14:40:42.790Z","level":"info","service":"my-module","event":"control_center.operation","trace_id":"2bb67631447e4811818e881225640b6b","parent_span_id":"fa7f9294fab84ae2","span_id":"c213e06ac4ef45a5","correlation_id":"c4344d3a-3ccd-4ad1-88c0-87a6269c845d","request_id":"c4344d3a-3ccd-4ad1-88c0-87a6269c845d","operation":"pty.scheduler.start","route":"/api/pty/scheduler/start","method":"POST","duration_ms":0,"message":"ok","pty.scheduler.worker_count":2}
# {"timestamp":"2026-04-22T14:40:42.791Z","level":"info","service":"my-module","event":"metric.counter","name":"pty_bridge_send_total","delta":1,"total":14,"attributes":{"route":"/api/pty/send-now","method":"POST","action":"prompt"}}
# {"timestamp":"2026-04-22T14:40:43.986Z","level":"info","service":"my-module","event":"metric.counter","name":"pty_scheduler_stop_total","delta":1,"total":5,"attributes":{"route":"/api/pty/scheduler/stop","method":"POST"}}
# {"timestamp":"2026-04-22T14:40:43.987Z","level":"info","service":"my-module","event":"span.end","trace_id":"f30f23a1ff264d0e8e2ff867b7d03bac","span_id":"fcda6cb4dff442ae","parent_span_id":"2e77f15359644b22","name":"pty.scheduler.stop","duration_ms":1,"status":"ok","attributes":{"http.route":"/api/pty/scheduler/stop","http.request.method":"POST","code.function":"createAppHandler","control_center.operation.duration_ms":1,"pty.scheduler.worker_count":2}}
# {"timestamp":"2026-04-22T14:40:43.987Z","level":"info","service":"my-module","event":"metric.histogram","name":"control_center_operation_duration_ms","value":1,"unit":"ms","attributes":{"operation":"pty.scheduler.stop","route":"/api/pty/scheduler/stop","method":"POST"}}
# {"timestamp":"2026-04-22T14:40:43.987Z","level":"info","service":"my-module","event":"control_center.operation","trace_id":"f30f23a1ff264d0e8e2ff867b7d03bac","parent_span_id":"2e77f15359644b22","span_id":"fcda6cb4dff442ae","correlation_id":"61ea6598-e5e5-4951-adf3-f4576dd6b80f","request_id":"61ea6598-e5e5-4951-adf3-f4576dd6b80f","operation":"pty.scheduler.stop","route":"/api/pty/scheduler/stop","method":"POST","duration_ms":1,"message":"ok","pty.scheduler.worker_count":2}
# {"timestamp":"2026-04-22T14:40:43.988Z","level":"info","service":"my-module","event":"metric.counter","name":"pty_scheduler_start_total","delta":1,"total":6,"attributes":{"route":"/api/pty/scheduler/start","method":"POST"}}
# {"timestamp":"2026-04-22T14:40:43.988Z","level":"info","service":"my-module","event":"span.end","trace_id":"42600ecbb9dc463a8f667b79bdb74428","span_id":"cddb7063098d498e","parent_span_id":"5858eecd50b1425f","name":"pty.scheduler.start","duration_ms":0,"status":"ok","attributes":{"http.route":"/api/pty/scheduler/start","http.request.method":"POST","code.function":"createAppHandler","control_center.operation.duration_ms":0,"pty.scheduler.worker_count":2}}
# {"timestamp":"2026-04-22T14:40:43.988Z","level":"info","service":"my-module","event":"metric.histogram","name":"control_center_operation_duration_ms","value":0,"unit":"ms","attributes":{"operation":"pty.scheduler.start","route":"/api/pty/scheduler/start","method":"POST"}}
# {"timestamp":"2026-04-22T14:40:43.988Z","level":"info","service":"my-module","event":"control_center.operation","trace_id":"42600ecbb9dc463a8f667b79bdb74428","parent_span_id":"5858eecd50b1425f","span_id":"cddb7063098d498e","correlation_id":"ad584a5a-f20a-49b7-9278-49d19263325a","request_id":"ad584a5a-f20a-49b7-9278-49d19263325a","operation":"pty.scheduler.start","route":"/api/pty/scheduler/start","method":"POST","duration_ms":0,"message":"ok","pty.scheduler.worker_count":2}
# {"timestamp":"2026-04-22T14:40:43.989Z","level":"info","service":"my-module","event":"metric.counter","name":"pty_bridge_send_total","delta":1,"total":15,"attributes":{"route":"/api/pty/send-now","method":"POST","action":"prompt"}}
# {"timestamp":"2026-04-22T14:40:45.174Z","level":"info","service":"my-module","event":"metric.counter","name":"pty_scheduler_stop_total","delta":1,"total":6,"attributes":{"route":"/api/pty/scheduler/stop","method":"POST"}}
# {"timestamp":"2026-04-22T14:40:45.174Z","level":"info","service":"my-module","event":"span.end","trace_id":"8424f7b7de324b1e9c7381a8cc93679d","span_id":"04b36aec5d814b2d","parent_span_id":"025afff4ceef4a19","name":"pty.scheduler.stop","duration_ms":0,"status":"ok","attributes":{"http.route":"/api/pty/scheduler/stop","http.request.method":"POST","code.function":"createAppHandler","control_center.operation.duration_ms":0,"pty.scheduler.worker_count":2}}
# {"timestamp":"2026-04-22T14:40:45.174Z","level":"info","service":"my-module","event":"metric.histogram","name":"control_center_operation_duration_ms","value":0,"unit":"ms","attributes":{"operation":"pty.scheduler.stop","route":"/api/pty/scheduler/stop","method":"POST"}}
# {"timestamp":"2026-04-22T14:40:45.174Z","level":"info","service":"my-module","event":"control_center.operation","trace_id":"8424f7b7de324b1e9c7381a8cc93679d","parent_span_id":"025afff4ceef4a19","span_id":"04b36aec5d814b2d","correlation_id":"60b24867-10f7-442a-bc73-b720e0b45f3f","request_id":"60b24867-10f7-442a-bc73-b720e0b45f3f","operation":"pty.scheduler.stop","route":"/api/pty/scheduler/stop","method":"POST","duration_ms":0,"message":"ok","pty.scheduler.worker_count":2}
# {"timestamp":"2026-04-22T14:40:45.175Z","level":"info","service":"my-module","event":"metric.counter","name":"pty_scheduler_start_total","delta":1,"total":7,"attributes":{"route":"/api/pty/scheduler/start","method":"POST"}}
# {"timestamp":"2026-04-22T14:40:45.175Z","level":"info","service":"my-module","event":"span.end","trace_id":"28617645841d41ceaf77575df907fce3","span_id":"5a0b87b32c9942f3","parent_span_id":"64ab7745dffe4404","name":"pty.scheduler.start","duration_ms":0,"status":"ok","attributes":{"http.route":"/api/pty/scheduler/start","http.request.method":"POST","code.function":"createAppHandler","control_center.operation.duration_ms":0,"pty.scheduler.worker_count":2}}
# {"timestamp":"2026-04-22T14:40:45.175Z","level":"info","service":"my-module","event":"metric.histogram","name":"control_center_operation_duration_ms","value":0,"unit":"ms","attributes":{"operation":"pty.scheduler.start","route":"/api/pty/scheduler/start","method":"POST"}}
# {"timestamp":"2026-04-22T14:40:45.175Z","level":"info","service":"my-module","event":"control_center.operation","trace_id":"28617645841d41ceaf77575df907fce3","parent_span_id":"64ab7745dffe4404","span_id":"5a0b87b32c9942f3","correlation_id":"c5c0200b-8827-487d-8300-c8b53007670c","request_id":"c5c0200b-8827-487d-8300-c8b53007670c","operation":"pty.scheduler.start","route":"/api/pty/scheduler/start","method":"POST","duration_ms":0,"message":"ok","pty.scheduler.worker_count":2}
# {"timestamp":"2026-04-22T14:40:45.176Z","level":"info","service":"my-module","event":"metric.counter","name":"pty_bridge_send_total","delta":1,"total":16,"attributes":{"route":"/api/pty/send-now","method":"POST","action":"prompt"}}
# {"timestamp":"2026-04-22T14:40:47.444Z","level":"info","service":"my-module","event":"metric.counter","name":"pty_scheduler_stop_total","delta":1,"total":7,"attributes":{"route":"/api/pty/scheduler/stop","method":"POST"}}
# {"timestamp":"2026-04-22T14:40:47.444Z","level":"info","service":"my-module","event":"span.end","trace_id":"6e80af6f1bda4905b1b677255c71f062","span_id":"786f21da5da94c3b","parent_span_id":"46c71aec4a864db5","name":"pty.scheduler.stop","duration_ms":0,"status":"ok","attributes":{"http.route":"/api/pty/scheduler/stop","http.request.method":"POST","code.function":"createAppHandler","control_center.operation.duration_ms":0,"pty.scheduler.worker_count":2}}
# {"timestamp":"2026-04-22T14:40:47.444Z","level":"info","service":"my-module","event":"metric.histogram","name":"control_center_operation_duration_ms","value":0,"unit":"ms","attributes":{"operation":"pty.scheduler.stop","route":"/api/pty/scheduler/stop","method":"POST"}}
# {"timestamp":"2026-04-22T14:40:47.444Z","level":"info","service":"my-module","event":"control_center.operation","trace_id":"6e80af6f1bda4905b1b677255c71f062","parent_span_id":"46c71aec4a864db5","span_id":"786f21da5da94c3b","correlation_id":"2d5cc3a4-341e-4d3b-afd4-35deb1328d5c","request_id":"2d5cc3a4-341e-4d3b-afd4-35deb1328d5c","operation":"pty.scheduler.stop","route":"/api/pty/scheduler/stop","method":"POST","duration_ms":0,"message":"ok","pty.scheduler.worker_count":2}
# {"timestamp":"2026-04-22T14:40:47.446Z","level":"info","service":"my-module","event":"metric.counter","name":"pty_scheduler_start_total","delta":1,"total":8,"attributes":{"route":"/api/pty/scheduler/start","method":"POST"}}
# {"timestamp":"2026-04-22T14:40:47.446Z","level":"info","service":"my-module","event":"span.end","trace_id":"9290417d97dd40f0b9d5ea2c33fcd6d3","span_id":"e409214e97114e15","parent_span_id":"6b5c0f076e7149f6","name":"pty.scheduler.start","duration_ms":1,"status":"ok","attributes":{"http.route":"/api/pty/scheduler/start","http.request.method":"POST","code.function":"createAppHandler","control_center.operation.duration_ms":1,"pty.scheduler.worker_count":2}}
# {"timestamp":"2026-04-22T14:40:47.446Z","level":"info","service":"my-module","event":"metric.histogram","name":"control_center_operation_duration_ms","value":1,"unit":"ms","attributes":{"operation":"pty.scheduler.start","route":"/api/pty/scheduler/start","method":"POST"}}
# {"timestamp":"2026-04-22T14:40:47.446Z","level":"info","service":"my-module","event":"control_center.operation","trace_id":"9290417d97dd40f0b9d5ea2c33fcd6d3","parent_span_id":"6b5c0f076e7149f6","span_id":"e409214e97114e15","correlation_id":"4ddf0581-2bd9-4dbe-bcf2-b01fbceadbd1","request_id":"4ddf0581-2bd9-4dbe-bcf2-b01fbceadbd1","operation":"pty.scheduler.start","route":"/api/pty/scheduler/start","method":"POST","duration_ms":1,"message":"ok","pty.scheduler.worker_count":2}
# {"timestamp":"2026-04-22T14:40:47.446Z","level":"info","service":"my-module","event":"metric.counter","name":"pty_bridge_send_total","delta":1,"total":17,"attributes":{"route":"/api/pty/enter-now","method":"POST","action":"enter"}}
# {"timestamp":"2026-04-22T14:40:47.447Z","level":"info","service":"my-module","event":"metric.counter","name":"pty_bridge_send_total","delta":1,"total":18,"attributes":{"route":"/api/pty/send-now","method":"POST","action":"prompt"}}
# {"timestamp":"2026-04-22T14:40:48.588Z","level":"info","service":"my-module","event":"metric.counter","name":"pty_scheduler_stop_total","delta":1,"total":8,"attributes":{"route":"/api/pty/scheduler/stop","method":"POST"}}
# {"timestamp":"2026-04-22T14:40:48.588Z","level":"info","service":"my-module","event":"span.end","trace_id":"3fa15713d40448e09c9db8c244e78c9c","span_id":"9e88ddb767724c89","parent_span_id":"5f1c51c8f7fe467b","name":"pty.scheduler.stop","duration_ms":0,"status":"ok","attributes":{"http.route":"/api/pty/scheduler/stop","http.request.method":"POST","code.function":"createAppHandler","control_center.operation.duration_ms":0,"pty.scheduler.worker_count":2}}
# {"timestamp":"2026-04-22T14:40:48.588Z","level":"info","service":"my-module","event":"metric.histogram","name":"control_center_operation_duration_ms","value":0,"unit":"ms","attributes":{"operation":"pty.scheduler.stop","route":"/api/pty/scheduler/stop","method":"POST"}}
# {"timestamp":"2026-04-22T14:40:48.588Z","level":"info","service":"my-module","event":"control_center.operation","trace_id":"3fa15713d40448e09c9db8c244e78c9c","parent_span_id":"5f1c51c8f7fe467b","span_id":"9e88ddb767724c89","correlation_id":"682c8d1a-f997-4443-b967-0b0f6471e79f","request_id":"682c8d1a-f997-4443-b967-0b0f6471e79f","operation":"pty.scheduler.stop","route":"/api/pty/scheduler/stop","method":"POST","duration_ms":0,"message":"ok","pty.scheduler.worker_count":2}
# {"timestamp":"2026-04-22T14:40:48.589Z","level":"info","service":"my-module","event":"metric.counter","name":"pty_scheduler_start_total","delta":1,"total":9,"attributes":{"route":"/api/pty/scheduler/start","method":"POST"}}
# {"timestamp":"2026-04-22T14:40:48.589Z","level":"info","service":"my-module","event":"span.end","trace_id":"77b391b34bd34ac083ce35d420e75ab3","span_id":"75bcaa2178c24c87","parent_span_id":"4dc499585d344e5b","name":"pty.scheduler.start","duration_ms":0,"status":"ok","attributes":{"http.route":"/api/pty/scheduler/start","http.request.method":"POST","code.function":"createAppHandler","control_center.operation.duration_ms":0,"pty.scheduler.worker_count":2}}
# {"timestamp":"2026-04-22T14:40:48.589Z","level":"info","service":"my-module","event":"metric.histogram","name":"control_center_operation_duration_ms","value":0,"unit":"ms","attributes":{"operation":"pty.scheduler.start","route":"/api/pty/scheduler/start","method":"POST"}}
# {"timestamp":"2026-04-22T14:40:48.589Z","level":"info","service":"my-module","event":"control_center.operation","trace_id":"77b391b34bd34ac083ce35d420e75ab3","parent_span_id":"4dc499585d344e5b","span_id":"75bcaa2178c24c87","correlation_id":"1fcdcf0f-8dbe-437d-9faf-a029e2ec1fe1","request_id":"1fcdcf0f-8dbe-437d-9faf-a029e2ec1fe1","operation":"pty.scheduler.start","route":"/api/pty/scheduler/start","method":"POST","duration_ms":0,"message":"ok","pty.scheduler.worker_count":2}
# {"timestamp":"2026-04-22T14:40:48.590Z","level":"info","service":"my-module","event":"metric.counter","name":"pty_bridge_send_total","delta":1,"total":19,"attributes":{"route":"/api/pty/send-now","method":"POST","action":"prompt"}}
# {"timestamp":"2026-04-22T14:40:48.590Z","level":"info","service":"my-module","event":"metric.counter","name":"pty_bridge_send_total","delta":1,"total":20,"attributes":{"route":"/api/pty/enter-now","method":"POST","action":"enter"}}
# {"timestamp":"2026-04-22T14:40:48.591Z","level":"info","service":"my-module","event":"metric.counter","name":"pty_bridge_send_total","delta":1,"total":21,"attributes":{"route":"/api/pty/send-now","method":"POST","action":"prompt"}}
# {"timestamp":"2026-04-22T14:40:48.592Z","level":"info","service":"my-module","event":"metric.counter","name":"pty_bridge_send_total","delta":1,"total":22,"attributes":{"route":"/api/pty/enter-now","method":"POST","action":"enter"}}
# {"timestamp":"2026-04-22T14:40:48.593Z","level":"info","service":"my-module","event":"metric.counter","name":"pty_bridge_send_total","delta":1,"total":23,"attributes":{"route":"/api/pty/enter-now","method":"POST","action":"enter"}}
# {"timestamp":"2026-04-22T14:40:49.675Z","level":"info","service":"my-module","event":"metric.counter","name":"pty_scheduler_stop_total","delta":1,"total":9,"attributes":{"route":"/api/pty/scheduler/stop","method":"POST"}}
# {"timestamp":"2026-04-22T14:40:49.675Z","level":"info","service":"my-module","event":"span.end","trace_id":"d24a0537565b402caa4292f175394b19","span_id":"0530637de3cd42da","parent_span_id":"728ab3e82a0d4a07","name":"pty.scheduler.stop","duration_ms":0,"status":"ok","attributes":{"http.route":"/api/pty/scheduler/stop","http.request.method":"POST","code.function":"createAppHandler","control_center.operation.duration_ms":0,"pty.scheduler.worker_count":2}}
# {"timestamp":"2026-04-22T14:40:49.675Z","level":"info","service":"my-module","event":"metric.histogram","name":"control_center_operation_duration_ms","value":0,"unit":"ms","attributes":{"operation":"pty.scheduler.stop","route":"/api/pty/scheduler/stop","method":"POST"}}
# {"timestamp":"2026-04-22T14:40:49.675Z","level":"info","service":"my-module","event":"control_center.operation","trace_id":"d24a0537565b402caa4292f175394b19","parent_span_id":"728ab3e82a0d4a07","span_id":"0530637de3cd42da","correlation_id":"62b60916-a5d2-43ae-9714-65996fac815e","request_id":"62b60916-a5d2-43ae-9714-65996fac815e","operation":"pty.scheduler.stop","route":"/api/pty/scheduler/stop","method":"POST","duration_ms":0,"message":"ok","pty.scheduler.worker_count":2}
# {"timestamp":"2026-04-22T14:40:49.678Z","level":"info","service":"my-module","event":"metric.counter","name":"pty_scheduler_start_total","delta":1,"total":10,"attributes":{"route":"/api/pty/scheduler/start","method":"POST"}}
# {"timestamp":"2026-04-22T14:40:49.678Z","level":"info","service":"my-module","event":"span.end","trace_id":"27eb7cf535bb476f8f120faf7f7da26c","span_id":"a73dcd7df1714616","parent_span_id":"9126c0c4cbf64a2b","name":"pty.scheduler.start","duration_ms":0,"status":"ok","attributes":{"http.route":"/api/pty/scheduler/start","http.request.method":"POST","code.function":"createAppHandler","control_center.operation.duration_ms":0,"pty.scheduler.worker_count":2}}
# {"timestamp":"2026-04-22T14:40:49.678Z","level":"info","service":"my-module","event":"metric.histogram","name":"control_center_operation_duration_ms","value":0,"unit":"ms","attributes":{"operation":"pty.scheduler.start","route":"/api/pty/scheduler/start","method":"POST"}}
# {"timestamp":"2026-04-22T14:40:49.678Z","level":"info","service":"my-module","event":"control_center.operation","trace_id":"27eb7cf535bb476f8f120faf7f7da26c","parent_span_id":"9126c0c4cbf64a2b","span_id":"a73dcd7df1714616","correlation_id":"5696927f-50e2-4725-9825-26527d1e7a57","request_id":"5696927f-50e2-4725-9825-26527d1e7a57","operation":"pty.scheduler.start","route":"/api/pty/scheduler/start","method":"POST","duration_ms":0,"message":"ok","pty.scheduler.worker_count":2}
# {"timestamp":"2026-04-22T14:40:49.679Z","level":"info","service":"my-module","event":"metric.counter","name":"pty_bridge_send_total","delta":1,"total":24,"attributes":{"route":"/api/pty/enter-now","method":"POST","action":"enter"}}
# {"timestamp":"2026-04-22T14:40:49.680Z","level":"info","service":"my-module","event":"metric.counter","name":"pty_bridge_send_total","delta":1,"total":25,"attributes":{"route":"/api/pty/enter-now","method":"POST","action":"enter"}}
# {"timestamp":"2026-04-22T14:40:49.680Z","level":"info","service":"my-module","event":"metric.counter","name":"pty_bridge_send_total","delta":1,"total":26,"attributes":{"route":"/api/pty/send-now","method":"POST","action":"prompt"}}
# {"timestamp":"2026-04-22T14:40:50.725Z","level":"info","service":"my-module","event":"metric.counter","name":"pty_scheduler_stop_total","delta":1,"total":10,"attributes":{"route":"/api/pty/scheduler/stop","method":"POST"}}
# {"timestamp":"2026-04-22T14:40:50.725Z","level":"info","service":"my-module","event":"span.end","trace_id":"ac464534f2744aa09ff2037089fcbf11","span_id":"d26181a879464f66","parent_span_id":"4496fc4b8a354a36","name":"pty.scheduler.stop","duration_ms":0,"status":"ok","attributes":{"http.route":"/api/pty/scheduler/stop","http.request.method":"POST","code.function":"createAppHandler","control_center.operation.duration_ms":0,"pty.scheduler.worker_count":2}}
# {"timestamp":"2026-04-22T14:40:50.725Z","level":"info","service":"my-module","event":"metric.histogram","name":"control_center_operation_duration_ms","value":0,"unit":"ms","attributes":{"operation":"pty.scheduler.stop","route":"/api/pty/scheduler/stop","method":"POST"}}
# {"timestamp":"2026-04-22T14:40:50.725Z","level":"info","service":"my-module","event":"control_center.operation","trace_id":"ac464534f2744aa09ff2037089fcbf11","parent_span_id":"4496fc4b8a354a36","span_id":"d26181a879464f66","correlation_id":"b331bf28-edbc-492a-a116-577edefda33d","request_id":"b331bf28-edbc-492a-a116-577edefda33d","operation":"pty.scheduler.stop","route":"/api/pty/scheduler/stop","method":"POST","duration_ms":0,"message":"ok","pty.scheduler.worker_count":2}
# {"timestamp":"2026-04-22T14:40:50.726Z","level":"info","service":"my-module","event":"metric.counter","name":"pty_scheduler_start_total","delta":1,"total":11,"attributes":{"route":"/api/pty/scheduler/start","method":"POST"}}
# {"timestamp":"2026-04-22T14:40:50.726Z","level":"info","service":"my-module","event":"span.end","trace_id":"558c74c740c9459b85b153ff128ea811","span_id":"7e9505ed9b364e0c","parent_span_id":"98f00031917248ec","name":"pty.scheduler.start","duration_ms":0,"status":"ok","attributes":{"http.route":"/api/pty/scheduler/start","http.request.method":"POST","code.function":"createAppHandler","control_center.operation.duration_ms":0,"pty.scheduler.worker_count":2}}
# {"timestamp":"2026-04-22T14:40:50.726Z","level":"info","service":"my-module","event":"metric.histogram","name":"control_center_operation_duration_ms","value":0,"unit":"ms","attributes":{"operation":"pty.scheduler.start","route":"/api/pty/scheduler/start","method":"POST"}}
# {"timestamp":"2026-04-22T14:40:50.726Z","level":"info","service":"my-module","event":"control_center.operation","trace_id":"558c74c740c9459b85b153ff128ea811","parent_span_id":"98f00031917248ec","span_id":"7e9505ed9b364e0c","correlation_id":"626108b5-263c-4ded-afb8-71991872b764","request_id":"626108b5-263c-4ded-afb8-71991872b764","operation":"pty.scheduler.start","route":"/api/pty/scheduler/start","method":"POST","duration_ms":0,"message":"ok","pty.scheduler.worker_count":2}
# {"timestamp":"2026-04-22T14:40:50.727Z","level":"info","service":"my-module","event":"metric.counter","name":"pty_bridge_send_total","delta":1,"total":27,"attributes":{"route":"/api/pty/send-now","method":"POST","action":"prompt"}}
# {"timestamp":"2026-04-22T14:40:51.774Z","level":"info","service":"my-module","event":"metric.counter","name":"pty_scheduler_stop_total","delta":1,"total":11,"attributes":{"route":"/api/pty/scheduler/stop","method":"POST"}}
# {"timestamp":"2026-04-22T14:40:51.774Z","level":"info","service":"my-module","event":"span.end","trace_id":"d4bfc4e32c1544e7bf36c9ca33de6240","span_id":"fe8e4179ab4f40ac","parent_span_id":"57ce569af33a4575","name":"pty.scheduler.stop","duration_ms":0,"status":"ok","attributes":{"http.route":"/api/pty/scheduler/stop","http.request.method":"POST","code.function":"createAppHandler","control_center.operation.duration_ms":0,"pty.scheduler.worker_count":2}}
# {"timestamp":"2026-04-22T14:40:51.774Z","level":"info","service":"my-module","event":"metric.histogram","name":"control_center_operation_duration_ms","value":0,"unit":"ms","attributes":{"operation":"pty.scheduler.stop","route":"/api/pty/scheduler/stop","method":"POST"}}
# {"timestamp":"2026-04-22T14:40:51.774Z","level":"info","service":"my-module","event":"control_center.operation","trace_id":"d4bfc4e32c1544e7bf36c9ca33de6240","parent_span_id":"57ce569af33a4575","span_id":"fe8e4179ab4f40ac","correlation_id":"f1139356-b532-4930-88a8-ef8ed5a460dd","request_id":"f1139356-b532-4930-88a8-ef8ed5a460dd","operation":"pty.scheduler.stop","route":"/api/pty/scheduler/stop","method":"POST","duration_ms":0,"message":"ok","pty.scheduler.worker_count":2}
# {"timestamp":"2026-04-22T14:40:51.775Z","level":"info","service":"my-module","event":"metric.counter","name":"pty_scheduler_start_total","delta":1,"total":12,"attributes":{"route":"/api/pty/scheduler/start","method":"POST"}}
# {"timestamp":"2026-04-22T14:40:51.775Z","level":"info","service":"my-module","event":"span.end","trace_id":"f9a2abfbd9094294aef08ecf9e2a1990","span_id":"3e99750625904e23","parent_span_id":"94db1fe26e654ee7","name":"pty.scheduler.start","duration_ms":0,"status":"ok","attributes":{"http.route":"/api/pty/scheduler/start","http.request.method":"POST","code.function":"createAppHandler","control_center.operation.duration_ms":0,"pty.scheduler.worker_count":2}}
# {"timestamp":"2026-04-22T14:40:51.775Z","level":"info","service":"my-module","event":"metric.histogram","name":"control_center_operation_duration_ms","value":0,"unit":"ms","attributes":{"operation":"pty.scheduler.start","route":"/api/pty/scheduler/start","method":"POST"}}
# {"timestamp":"2026-04-22T14:40:51.775Z","level":"info","service":"my-module","event":"control_center.operation","trace_id":"f9a2abfbd9094294aef08ecf9e2a1990","parent_span_id":"94db1fe26e654ee7","span_id":"3e99750625904e23","correlation_id":"1f6621c4-d634-425f-987c-129f05cadcbe","request_id":"1f6621c4-d634-425f-987c-129f05cadcbe","operation":"pty.scheduler.start","route":"/api/pty/scheduler/start","method":"POST","duration_ms":0,"message":"ok","pty.scheduler.worker_count":2}
# {"timestamp":"2026-04-22T14:40:51.776Z","level":"info","service":"my-module","event":"metric.counter","name":"pty_bridge_send_total","delta":1,"total":28,"attributes":{"route":"/api/pty/enter-now","method":"POST","action":"enter"}}
# {"timestamp":"2026-04-22T14:40:51.776Z","level":"info","service":"my-module","event":"metric.counter","name":"pty_bridge_send_total","delta":1,"total":29,"attributes":{"route":"/api/pty/enter-now","method":"POST","action":"enter"}}
# {"timestamp":"2026-04-22T14:40:51.777Z","level":"info","service":"my-module","event":"metric.counter","name":"pty_bridge_send_total","delta":1,"total":30,"attributes":{"route":"/api/pty/send-now","method":"POST","action":"prompt"}}
# {"timestamp":"2026-04-22T14:40:52.909Z","level":"info","service":"my-module","event":"metric.counter","name":"pty_scheduler_stop_total","delta":1,"total":12,"attributes":{"route":"/api/pty/scheduler/stop","method":"POST"}}
# {"timestamp":"2026-04-22T14:40:52.909Z","level":"info","service":"my-module","event":"span.end","trace_id":"f52ea404f9d94c709cba2af98c158eb7","span_id":"acfff9b91fa7454b","parent_span_id":"96f89c533cac47d6","name":"pty.scheduler.stop","duration_ms":0,"status":"ok","attributes":{"http.route":"/api/pty/scheduler/stop","http.request.method":"POST","code.function":"createAppHandler","control_center.operation.duration_ms":0,"pty.scheduler.worker_count":2}}
# {"timestamp":"2026-04-22T14:40:52.909Z","level":"info","service":"my-module","event":"metric.histogram","name":"control_center_operation_duration_ms","value":0,"unit":"ms","attributes":{"operation":"pty.scheduler.stop","route":"/api/pty/scheduler/stop","method":"POST"}}
# {"timestamp":"2026-04-22T14:40:52.909Z","level":"info","service":"my-module","event":"control_center.operation","trace_id":"f52ea404f9d94c709cba2af98c158eb7","parent_span_id":"96f89c533cac47d6","span_id":"acfff9b91fa7454b","correlation_id":"dcb19cd3-9c8a-419b-b93f-6e0ef00a39fc","request_id":"dcb19cd3-9c8a-419b-b93f-6e0ef00a39fc","operation":"pty.scheduler.stop","route":"/api/pty/scheduler/stop","method":"POST","duration_ms":0,"message":"ok","pty.scheduler.worker_count":2}
# {"timestamp":"2026-04-22T14:40:52.910Z","level":"warn","service":"my-module","event":"server.draining","reason":"test","drain_started_at":"2026-04-22T14:40:52.910Z"}
# Subtest: [property] scheduler current activity follows the last successful targeted worker across valid action sequences
ok 130 - [property] scheduler current activity follows the last successful targeted worker across valid action sequences
  ---
  duration_ms: 15809.743566
  type: 'test'
  ...
# {"timestamp":"2026-04-22T14:40:52.915Z","level":"info","service":"my-module","event":"metric.counter","name":"pty_bridge_sessions_read_total","delta":1,"total":2,"attributes":{"route":"/api/pty/sessions","method":"GET"}}
# {"timestamp":"2026-04-22T14:40:52.915Z","level":"info","service":"my-module","event":"span.end","trace_id":"26483250830f4d54ac07df5d0d0cf49e","span_id":"2d18d6f7b1654d11","parent_span_id":"d4262fca16504c50","name":"pty.bridge.sessions","duration_ms":0,"status":"ok","attributes":{"http.route":"/api/pty/sessions","http.request.method":"GET","code.function":"createAppHandler","control_center.operation.duration_ms":0,"pty.session.count":1}}
# {"timestamp":"2026-04-22T14:40:52.915Z","level":"info","service":"my-module","event":"metric.histogram","name":"control_center_operation_duration_ms","value":0,"unit":"ms","attributes":{"operation":"pty.bridge.sessions","route":"/api/pty/sessions","method":"GET"}}
# {"timestamp":"2026-04-22T14:40:52.915Z","level":"info","service":"my-module","event":"control_center.operation","trace_id":"26483250830f4d54ac07df5d0d0cf49e","parent_span_id":"d4262fca16504c50","span_id":"2d18d6f7b1654d11","correlation_id":"c7c90445-720b-4d45-a0ac-d1ee8823fe88","request_id":"c7c90445-720b-4d45-a0ac-d1ee8823fe88","operation":"pty.bridge.sessions","route":"/api/pty/sessions","method":"GET","duration_ms":0,"message":"ok","pty.session.count":1}
# {"timestamp":"2026-04-22T14:40:52.917Z","level":"info","service":"my-module","event":"metric.counter","name":"pty_scheduler_start_total","delta":1,"total":13,"attributes":{"route":"/api/pty/scheduler/start","method":"POST"}}
# {"timestamp":"2026-04-22T14:40:52.917Z","level":"info","service":"my-module","event":"span.end","trace_id":"6945051489c646fdb010497c8c98795f","span_id":"407511270f5a4a07","parent_span_id":"d3f7ccf30bfa44f0","name":"pty.scheduler.start","duration_ms":0,"status":"ok","attributes":{"http.route":"/api/pty/scheduler/start","http.request.method":"POST","code.function":"createAppHandler","control_center.operation.duration_ms":0,"pty.scheduler.worker_count":2}}
# {"timestamp":"2026-04-22T14:40:52.917Z","level":"info","service":"my-module","event":"metric.histogram","name":"control_center_operation_duration_ms","value":0,"unit":"ms","attributes":{"operation":"pty.scheduler.start","route":"/api/pty/scheduler/start","method":"POST"}}
# {"timestamp":"2026-04-22T14:40:52.917Z","level":"info","service":"my-module","event":"control_center.operation","trace_id":"6945051489c646fdb010497c8c98795f","parent_span_id":"d3f7ccf30bfa44f0","span_id":"407511270f5a4a07","correlation_id":"4b9fc851-8b1f-470f-95dc-6d5366e25f88","request_id":"4b9fc851-8b1f-470f-95dc-6d5366e25f88","operation":"pty.scheduler.start","route":"/api/pty/scheduler/start","method":"POST","duration_ms":0,"message":"ok","pty.scheduler.worker_count":2}
# {"timestamp":"2026-04-22T14:40:52.918Z","level":"info","service":"my-module","event":"metric.counter","name":"pty_bridge_send_total","delta":1,"total":31,"attributes":{"route":"/api/pty/send-now","method":"POST","action":"prompt"}}
# {"timestamp":"2026-04-22T14:40:52.919Z","level":"info","service":"my-module","event":"metric.counter","name":"pty_bridge_send_total","delta":1,"total":32,"attributes":{"route":"/api/pty/enter-now","method":"POST","action":"enter"}}
# {"timestamp":"2026-04-22T14:40:52.920Z","level":"info","service":"my-module","event":"metric.counter","name":"pty_bridge_send_total","delta":1,"total":33,"attributes":{"route":"/api/pty/enter-now","method":"POST","action":"enter"}}
# {"timestamp":"2026-04-22T14:40:52.920Z","level":"info","service":"my-module","event":"metric.counter","name":"pty_bridge_failures_total","delta":1,"total":1,"attributes":{"route":"/api/pty/enter-now","method":"POST","reason":"scheduler_enter_now_failed"}}
# {"timestamp":"2026-04-22T14:40:52.921Z","level":"info","service":"my-module","event":"metric.counter","name":"pty_bridge_send_total","delta":1,"total":34,"attributes":{"route":"/api/pty/send-now","method":"POST","action":"prompt"}}
# {"timestamp":"2026-04-22T14:40:53.966Z","level":"info","service":"my-module","event":"metric.counter","name":"pty_scheduler_stop_total","delta":1,"total":13,"attributes":{"route":"/api/pty/scheduler/stop","method":"POST"}}
# {"timestamp":"2026-04-22T14:40:53.967Z","level":"info","service":"my-module","event":"span.end","trace_id":"b945822463ed40c0bf8fd6d08c48df90","span_id":"13aaba71648c4a64","parent_span_id":"a6f0df68087948ac","name":"pty.scheduler.stop","duration_ms":1,"status":"ok","attributes":{"http.route":"/api/pty/scheduler/stop","http.request.method":"POST","code.function":"createAppHandler","control_center.operation.duration_ms":1,"pty.scheduler.worker_count":2}}
# {"timestamp":"2026-04-22T14:40:53.967Z","level":"info","service":"my-module","event":"metric.histogram","name":"control_center_operation_duration_ms","value":1,"unit":"ms","attributes":{"operation":"pty.scheduler.stop","route":"/api/pty/scheduler/stop","method":"POST"}}
# {"timestamp":"2026-04-22T14:40:53.967Z","level":"info","service":"my-module","event":"control_center.operation","trace_id":"b945822463ed40c0bf8fd6d08c48df90","parent_span_id":"a6f0df68087948ac","span_id":"13aaba71648c4a64","correlation_id":"e91e0de1-6f36-47e9-9ab8-ced8c6777e11","request_id":"e91e0de1-6f36-47e9-9ab8-ced8c6777e11","operation":"pty.scheduler.stop","route":"/api/pty/scheduler/stop","method":"POST","duration_ms":1,"message":"ok","pty.scheduler.worker_count":2}
# {"timestamp":"2026-04-22T14:40:53.967Z","level":"info","service":"my-module","event":"metric.counter","name":"pty_scheduler_start_total","delta":1,"total":14,"attributes":{"route":"/api/pty/scheduler/start","method":"POST"}}
# {"timestamp":"2026-04-22T14:40:53.967Z","level":"info","service":"my-module","event":"span.end","trace_id":"10e76e4fee1c489e978c197aeeff851c","span_id":"98970a8e9b094c22","parent_span_id":"a479fab1ba2e4c34","name":"pty.scheduler.start","duration_ms":0,"status":"ok","attributes":{"http.route":"/api/pty/scheduler/start","http.request.method":"POST","code.function":"createAppHandler","control_center.operation.duration_ms":0,"pty.scheduler.worker_count":2}}
# {"timestamp":"2026-04-22T14:40:53.967Z","level":"info","service":"my-module","event":"metric.histogram","name":"control_center_operation_duration_ms","value":0,"unit":"ms","attributes":{"operation":"pty.scheduler.start","route":"/api/pty/scheduler/start","method":"POST"}}
# {"timestamp":"2026-04-22T14:40:53.968Z","level":"info","service":"my-module","event":"control_center.operation","trace_id":"10e76e4fee1c489e978c197aeeff851c","parent_span_id":"a479fab1ba2e4c34","span_id":"98970a8e9b094c22","correlation_id":"c5387263-6e6a-4455-b3dd-0128bb93fadb","request_id":"c5387263-6e6a-4455-b3dd-0128bb93fadb","operation":"pty.scheduler.start","route":"/api/pty/scheduler/start","method":"POST","duration_ms":0,"message":"ok","pty.scheduler.worker_count":2}
# {"timestamp":"2026-04-22T14:40:53.968Z","level":"info","service":"my-module","event":"metric.counter","name":"pty_bridge_failures_total","delta":1,"total":2,"attributes":{"route":"/api/pty/send-now","method":"POST","reason":"scheduler_send_now_failed"}}
# {"timestamp":"2026-04-22T14:40:54.956Z","level":"info","service":"my-module","event":"metric.counter","name":"pty_scheduler_stop_total","delta":1,"total":14,"attributes":{"route":"/api/pty/scheduler/stop","method":"POST"}}
# {"timestamp":"2026-04-22T14:40:54.956Z","level":"info","service":"my-module","event":"span.end","trace_id":"b16e7e579b00443cb44cdf3df393ed8c","span_id":"326e65cbe6594c4b","parent_span_id":"5d13f1043a1448dd","name":"pty.scheduler.stop","duration_ms":0,"status":"ok","attributes":{"http.route":"/api/pty/scheduler/stop","http.request.method":"POST","code.function":"createAppHandler","control_center.operation.duration_ms":0,"pty.scheduler.worker_count":2}}
# {"timestamp":"2026-04-22T14:40:54.956Z","level":"info","service":"my-module","event":"metric.histogram","name":"control_center_operation_duration_ms","value":0,"unit":"ms","attributes":{"operation":"pty.scheduler.stop","route":"/api/pty/scheduler/stop","method":"POST"}}
# {"timestamp":"2026-04-22T14:40:54.956Z","level":"info","service":"my-module","event":"control_center.operation","trace_id":"b16e7e579b00443cb44cdf3df393ed8c","parent_span_id":"5d13f1043a1448dd","span_id":"326e65cbe6594c4b","correlation_id":"426825b9-6b90-4e44-a511-2299a08a69d1","request_id":"426825b9-6b90-4e44-a511-2299a08a69d1","operation":"pty.scheduler.stop","route":"/api/pty/scheduler/stop","method":"POST","duration_ms":0,"message":"ok","pty.scheduler.worker_count":2}
# {"timestamp":"2026-04-22T14:40:54.957Z","level":"info","service":"my-module","event":"metric.counter","name":"pty_scheduler_start_total","delta":1,"total":15,"attributes":{"route":"/api/pty/scheduler/start","method":"POST"}}
# {"timestamp":"2026-04-22T14:40:54.957Z","level":"info","service":"my-module","event":"span.end","trace_id":"a4ec46861c13424a89be278146a2b22b","span_id":"6db47652e5384a4b","parent_span_id":"0744064dfd894c40","name":"pty.scheduler.start","duration_ms":0,"status":"ok","attributes":{"http.route":"/api/pty/scheduler/start","http.request.method":"POST","code.function":"createAppHandler","control_center.operation.duration_ms":0,"pty.scheduler.worker_count":2}}
# {"timestamp":"2026-04-22T14:40:54.957Z","level":"info","service":"my-module","event":"metric.histogram","name":"control_center_operation_duration_ms","value":0,"unit":"ms","attributes":{"operation":"pty.scheduler.start","route":"/api/pty/scheduler/start","method":"POST"}}
# {"timestamp":"2026-04-22T14:40:54.957Z","level":"info","service":"my-module","event":"control_center.operation","trace_id":"a4ec46861c13424a89be278146a2b22b","parent_span_id":"0744064dfd894c40","span_id":"6db47652e5384a4b","correlation_id":"b34f7e7b-7970-44dc-b50d-5fc1d890a35e","request_id":"b34f7e7b-7970-44dc-b50d-5fc1d890a35e","operation":"pty.scheduler.start","route":"/api/pty/scheduler/start","method":"POST","duration_ms":0,"message":"ok","pty.scheduler.worker_count":2}
# {"timestamp":"2026-04-22T14:40:54.958Z","level":"info","service":"my-module","event":"metric.counter","name":"pty_bridge_send_total","delta":1,"total":35,"attributes":{"route":"/api/pty/send-now","method":"POST","action":"prompt"}}
# {"timestamp":"2026-04-22T14:40:54.959Z","level":"info","service":"my-module","event":"metric.counter","name":"pty_bridge_send_total","delta":1,"total":36,"attributes":{"route":"/api/pty/send-now","method":"POST","action":"prompt"}}
# {"timestamp":"2026-04-22T14:40:54.959Z","level":"info","service":"my-module","event":"metric.counter","name":"pty_bridge_failures_total","delta":1,"total":3,"attributes":{"route":"/api/pty/enter-now","method":"POST","reason":"scheduler_enter_now_failed"}}
# {"timestamp":"2026-04-22T14:40:54.960Z","level":"info","service":"my-module","event":"metric.counter","name":"pty_bridge_send_total","delta":1,"total":37,"attributes":{"route":"/api/pty/send-now","method":"POST","action":"prompt"}}
# {"timestamp":"2026-04-22T14:40:55.989Z","level":"info","service":"my-module","event":"metric.counter","name":"pty_scheduler_stop_total","delta":1,"total":15,"attributes":{"route":"/api/pty/scheduler/stop","method":"POST"}}
# {"timestamp":"2026-04-22T14:40:55.989Z","level":"info","service":"my-module","event":"span.end","trace_id":"46dbbea9a1384fb58330d1e7007a67ec","span_id":"fec0a8747279436b","parent_span_id":"54f4a75274c34637","name":"pty.scheduler.stop","duration_ms":0,"status":"ok","attributes":{"http.route":"/api/pty/scheduler/stop","http.request.method":"POST","code.function":"createAppHandler","control_center.operation.duration_ms":0,"pty.scheduler.worker_count":2}}
# {"timestamp":"2026-04-22T14:40:55.989Z","level":"info","service":"my-module","event":"metric.histogram","name":"control_center_operation_duration_ms","value":0,"unit":"ms","attributes":{"operation":"pty.scheduler.stop","route":"/api/pty/scheduler/stop","method":"POST"}}
# {"timestamp":"2026-04-22T14:40:55.989Z","level":"info","service":"my-module","event":"control_center.operation","trace_id":"46dbbea9a1384fb58330d1e7007a67ec","parent_span_id":"54f4a75274c34637","span_id":"fec0a8747279436b","correlation_id":"e6af04a8-6745-440e-87ee-bb693eee1e2b","request_id":"e6af04a8-6745-440e-87ee-bb693eee1e2b","operation":"pty.scheduler.stop","route":"/api/pty/scheduler/stop","method":"POST","duration_ms":0,"message":"ok","pty.scheduler.worker_count":2}
# {"timestamp":"2026-04-22T14:40:55.990Z","level":"info","service":"my-module","event":"metric.counter","name":"pty_scheduler_start_total","delta":1,"total":16,"attributes":{"route":"/api/pty/scheduler/start","method":"POST"}}
# {"timestamp":"2026-04-22T14:40:55.990Z","level":"info","service":"my-module","event":"span.end","trace_id":"2f3c383bee354e1c96090aed15d1158f","span_id":"ae98a8ebb1784667","parent_span_id":"66d60c5130b24c0f","name":"pty.scheduler.start","duration_ms":0,"status":"ok","attributes":{"http.route":"/api/pty/scheduler/start","http.request.method":"POST","code.function":"createAppHandler","control_center.operation.duration_ms":0,"pty.scheduler.worker_count":2}}
# {"timestamp":"2026-04-22T14:40:55.990Z","level":"info","service":"my-module","event":"metric.histogram","name":"control_center_operation_duration_ms","value":0,"unit":"ms","attributes":{"operation":"pty.scheduler.start","route":"/api/pty/scheduler/start","method":"POST"}}
# {"timestamp":"2026-04-22T14:40:55.990Z","level":"info","service":"my-module","event":"control_center.operation","trace_id":"2f3c383bee354e1c96090aed15d1158f","parent_span_id":"66d60c5130b24c0f","span_id":"ae98a8ebb1784667","correlation_id":"c6d4e473-7d6c-44e1-b00c-03c13703af4e","request_id":"c6d4e473-7d6c-44e1-b00c-03c13703af4e","operation":"pty.scheduler.start","route":"/api/pty/scheduler/start","method":"POST","duration_ms":0,"message":"ok","pty.scheduler.worker_count":2}
# {"timestamp":"2026-04-22T14:40:55.990Z","level":"info","service":"my-module","event":"metric.counter","name":"pty_bridge_failures_total","delta":1,"total":4,"attributes":{"route":"/api/pty/enter-now","method":"POST","reason":"scheduler_enter_now_failed"}}
# {"timestamp":"2026-04-22T14:40:56.972Z","level":"info","service":"my-module","event":"metric.counter","name":"pty_scheduler_stop_total","delta":1,"total":16,"attributes":{"route":"/api/pty/scheduler/stop","method":"POST"}}
# {"timestamp":"2026-04-22T14:40:56.972Z","level":"info","service":"my-module","event":"span.end","trace_id":"b7488e88b9a34efba12a3bebc782cfac","span_id":"9268e92b774548a5","parent_span_id":"6a89007e76484703","name":"pty.scheduler.stop","duration_ms":0,"status":"ok","attributes":{"http.route":"/api/pty/scheduler/stop","http.request.method":"POST","code.function":"createAppHandler","control_center.operation.duration_ms":0,"pty.scheduler.worker_count":2}}
# {"timestamp":"2026-04-22T14:40:56.972Z","level":"info","service":"my-module","event":"metric.histogram","name":"control_center_operation_duration_ms","value":0,"unit":"ms","attributes":{"operation":"pty.scheduler.stop","route":"/api/pty/scheduler/stop","method":"POST"}}
# {"timestamp":"2026-04-22T14:40:56.972Z","level":"info","service":"my-module","event":"control_center.operation","trace_id":"b7488e88b9a34efba12a3bebc782cfac","parent_span_id":"6a89007e76484703","span_id":"9268e92b774548a5","correlation_id":"9edc21f1-9e80-448f-bd8c-fcb490ed5264","request_id":"9edc21f1-9e80-448f-bd8c-fcb490ed5264","operation":"pty.scheduler.stop","route":"/api/pty/scheduler/stop","method":"POST","duration_ms":0,"message":"ok","pty.scheduler.worker_count":2}
# {"timestamp":"2026-04-22T14:40:56.972Z","level":"info","service":"my-module","event":"metric.counter","name":"pty_scheduler_start_total","delta":1,"total":17,"attributes":{"route":"/api/pty/scheduler/start","method":"POST"}}
# {"timestamp":"2026-04-22T14:40:56.972Z","level":"info","service":"my-module","event":"span.end","trace_id":"5d8d1136b997493a867f1f053f53ab86","span_id":"a0fbfb60c2fd430b","parent_span_id":"7d2355fe8a4643bb","name":"pty.scheduler.start","duration_ms":0,"status":"ok","attributes":{"http.route":"/api/pty/scheduler/start","http.request.method":"POST","code.function":"createAppHandler","control_center.operation.duration_ms":0,"pty.scheduler.worker_count":2}}
# {"timestamp":"2026-04-22T14:40:56.972Z","level":"info","service":"my-module","event":"metric.histogram","name":"control_center_operation_duration_ms","value":0,"unit":"ms","attributes":{"operation":"pty.scheduler.start","route":"/api/pty/scheduler/start","method":"POST"}}
# {"timestamp":"2026-04-22T14:40:56.972Z","level":"info","service":"my-module","event":"control_center.operation","trace_id":"5d8d1136b997493a867f1f053f53ab86","parent_span_id":"7d2355fe8a4643bb","span_id":"a0fbfb60c2fd430b","correlation_id":"9f2ff0db-e6e1-4b54-bd6e-5e88dec12d30","request_id":"9f2ff0db-e6e1-4b54-bd6e-5e88dec12d30","operation":"pty.scheduler.start","route":"/api/pty/scheduler/start","method":"POST","duration_ms":0,"message":"ok","pty.scheduler.worker_count":2}
# {"timestamp":"2026-04-22T14:40:56.973Z","level":"info","service":"my-module","event":"metric.counter","name":"pty_bridge_send_total","delta":1,"total":38,"attributes":{"route":"/api/pty/send-now","method":"POST","action":"prompt"}}
# {"timestamp":"2026-04-22T14:40:56.974Z","level":"info","service":"my-module","event":"metric.counter","name":"pty_bridge_send_total","delta":1,"total":39,"attributes":{"route":"/api/pty/send-now","method":"POST","action":"prompt"}}
# {"timestamp":"2026-04-22T14:40:57.957Z","level":"info","service":"my-module","event":"metric.counter","name":"pty_scheduler_stop_total","delta":1,"total":17,"attributes":{"route":"/api/pty/scheduler/stop","method":"POST"}}
# {"timestamp":"2026-04-22T14:40:57.957Z","level":"info","service":"my-module","event":"span.end","trace_id":"daa4691ea6714254b63ea1ad88d27c9f","span_id":"45ae716da3e4489a","parent_span_id":"ad5618665b40454a","name":"pty.scheduler.stop","duration_ms":0,"status":"ok","attributes":{"http.route":"/api/pty/scheduler/stop","http.request.method":"POST","code.function":"createAppHandler","control_center.operation.duration_ms":0,"pty.scheduler.worker_count":2}}
# {"timestamp":"2026-04-22T14:40:57.957Z","level":"info","service":"my-module","event":"metric.histogram","name":"control_center_operation_duration_ms","value":0,"unit":"ms","attributes":{"operation":"pty.scheduler.stop","route":"/api/pty/scheduler/stop","method":"POST"}}
# {"timestamp":"2026-04-22T14:40:57.957Z","level":"info","service":"my-module","event":"control_center.operation","trace_id":"daa4691ea6714254b63ea1ad88d27c9f","parent_span_id":"ad5618665b40454a","span_id":"45ae716da3e4489a","correlation_id":"3dce4509-8b31-4c95-bcdf-a75988dd0dad","request_id":"3dce4509-8b31-4c95-bcdf-a75988dd0dad","operation":"pty.scheduler.stop","route":"/api/pty/scheduler/stop","method":"POST","duration_ms":0,"message":"ok","pty.scheduler.worker_count":2}
# {"timestamp":"2026-04-22T14:40:57.958Z","level":"info","service":"my-module","event":"metric.counter","name":"pty_scheduler_start_total","delta":1,"total":18,"attributes":{"route":"/api/pty/scheduler/start","method":"POST"}}
# {"timestamp":"2026-04-22T14:40:57.958Z","level":"info","service":"my-module","event":"span.end","trace_id":"4a51beebde1b4627bd7f002ae2ba2596","span_id":"2a3f0ed4400348f0","parent_span_id":"12e6c96762cc42bd","name":"pty.scheduler.start","duration_ms":0,"status":"ok","attributes":{"http.route":"/api/pty/scheduler/start","http.request.method":"POST","code.function":"createAppHandler","control_center.operation.duration_ms":0,"pty.scheduler.worker_count":2}}
# {"timestamp":"2026-04-22T14:40:57.958Z","level":"info","service":"my-module","event":"metric.histogram","name":"control_center_operation_duration_ms","value":0,"unit":"ms","attributes":{"operation":"pty.scheduler.start","route":"/api/pty/scheduler/start","method":"POST"}}
# {"timestamp":"2026-04-22T14:40:57.958Z","level":"info","service":"my-module","event":"control_center.operation","trace_id":"4a51beebde1b4627bd7f002ae2ba2596","parent_span_id":"12e6c96762cc42bd","span_id":"2a3f0ed4400348f0","correlation_id":"d3bb7ada-e710-4b6a-be1d-3fd0713b7a54","request_id":"d3bb7ada-e710-4b6a-be1d-3fd0713b7a54","operation":"pty.scheduler.start","route":"/api/pty/scheduler/start","method":"POST","duration_ms":0,"message":"ok","pty.scheduler.worker_count":2}
# {"timestamp":"2026-04-22T14:40:57.959Z","level":"info","service":"my-module","event":"metric.counter","name":"pty_bridge_send_total","delta":1,"total":40,"attributes":{"route":"/api/pty/enter-now","method":"POST","action":"enter"}}
# {"timestamp":"2026-04-22T14:40:57.960Z","level":"info","service":"my-module","event":"metric.counter","name":"pty_bridge_send_total","delta":1,"total":41,"attributes":{"route":"/api/pty/send-now","method":"POST","action":"prompt"}}
# {"timestamp":"2026-04-22T14:40:58.947Z","level":"info","service":"my-module","event":"metric.counter","name":"pty_scheduler_stop_total","delta":1,"total":18,"attributes":{"route":"/api/pty/scheduler/stop","method":"POST"}}
# {"timestamp":"2026-04-22T14:40:58.947Z","level":"info","service":"my-module","event":"span.end","trace_id":"82e889134b06444ea2069463490d8cd5","span_id":"16218bc6cf634dc2","parent_span_id":"10d41140868149b7","name":"pty.scheduler.stop","duration_ms":0,"status":"ok","attributes":{"http.route":"/api/pty/scheduler/stop","http.request.method":"POST","code.function":"createAppHandler","control_center.operation.duration_ms":0,"pty.scheduler.worker_count":2}}
# {"timestamp":"2026-04-22T14:40:58.947Z","level":"info","service":"my-module","event":"metric.histogram","name":"control_center_operation_duration_ms","value":0,"unit":"ms","attributes":{"operation":"pty.scheduler.stop","route":"/api/pty/scheduler/stop","method":"POST"}}
# {"timestamp":"2026-04-22T14:40:58.947Z","level":"info","service":"my-module","event":"control_center.operation","trace_id":"82e889134b06444ea2069463490d8cd5","parent_span_id":"10d41140868149b7","span_id":"16218bc6cf634dc2","correlation_id":"800470f7-d77f-400a-9ed8-9474726280fd","request_id":"800470f7-d77f-400a-9ed8-9474726280fd","operation":"pty.scheduler.stop","route":"/api/pty/scheduler/stop","method":"POST","duration_ms":0,"message":"ok","pty.scheduler.worker_count":2}
# {"timestamp":"2026-04-22T14:40:58.948Z","level":"info","service":"my-module","event":"metric.counter","name":"pty_scheduler_start_total","delta":1,"total":19,"attributes":{"route":"/api/pty/scheduler/start","method":"POST"}}
# {"timestamp":"2026-04-22T14:40:58.948Z","level":"info","service":"my-module","event":"span.end","trace_id":"6376b99cf04146e2913c3899762154b3","span_id":"3696a57084f74804","parent_span_id":"25b7fc03ff3a41d7","name":"pty.scheduler.start","duration_ms":0,"status":"ok","attributes":{"http.route":"/api/pty/scheduler/start","http.request.method":"POST","code.function":"createAppHandler","control_center.operation.duration_ms":0,"pty.scheduler.worker_count":2}}
# {"timestamp":"2026-04-22T14:40:58.948Z","level":"info","service":"my-module","event":"metric.histogram","name":"control_center_operation_duration_ms","value":0,"unit":"ms","attributes":{"operation":"pty.scheduler.start","route":"/api/pty/scheduler/start","method":"POST"}}
# {"timestamp":"2026-04-22T14:40:58.948Z","level":"info","service":"my-module","event":"control_center.operation","trace_id":"6376b99cf04146e2913c3899762154b3","parent_span_id":"25b7fc03ff3a41d7","span_id":"3696a57084f74804","correlation_id":"e6c91247-2902-4aa5-9dae-973bb0bccd0e","request_id":"e6c91247-2902-4aa5-9dae-973bb0bccd0e","operation":"pty.scheduler.start","route":"/api/pty/scheduler/start","method":"POST","duration_ms":0,"message":"ok","pty.scheduler.worker_count":2}
# {"timestamp":"2026-04-22T14:40:58.949Z","level":"info","service":"my-module","event":"metric.counter","name":"pty_bridge_send_total","delta":1,"total":42,"attributes":{"route":"/api/pty/send-now","method":"POST","action":"prompt"}}
# {"timestamp":"2026-04-22T14:40:58.950Z","level":"info","service":"my-module","event":"metric.counter","name":"pty_bridge_failures_total","delta":1,"total":5,"attributes":{"route":"/api/pty/send-now","method":"POST","reason":"scheduler_send_now_failed"}}
# {"timestamp":"2026-04-22T14:40:58.951Z","level":"info","service":"my-module","event":"metric.counter","name":"pty_bridge_send_total","delta":1,"total":43,"attributes":{"route":"/api/pty/enter-now","method":"POST","action":"enter"}}
# {"timestamp":"2026-04-22T14:40:58.951Z","level":"info","service":"my-module","event":"metric.counter","name":"pty_bridge_failures_total","delta":1,"total":6,"attributes":{"route":"/api/pty/send-now","method":"POST","reason":"scheduler_send_now_failed"}}
# {"timestamp":"2026-04-22T14:40:59.963Z","level":"info","service":"my-module","event":"metric.counter","name":"pty_scheduler_stop_total","delta":1,"total":19,"attributes":{"route":"/api/pty/scheduler/stop","method":"POST"}}
# {"timestamp":"2026-04-22T14:40:59.963Z","level":"info","service":"my-module","event":"span.end","trace_id":"4be0b8854a8b46cda19af0d294719cfc","span_id":"59ec753084d64fdc","parent_span_id":"82c13f480a024ecd","name":"pty.scheduler.stop","duration_ms":0,"status":"ok","attributes":{"http.route":"/api/pty/scheduler/stop","http.request.method":"POST","code.function":"createAppHandler","control_center.operation.duration_ms":0,"pty.scheduler.worker_count":2}}
# {"timestamp":"2026-04-22T14:40:59.963Z","level":"info","service":"my-module","event":"metric.histogram","name":"control_center_operation_duration_ms","value":0,"unit":"ms","attributes":{"operation":"pty.scheduler.stop","route":"/api/pty/scheduler/stop","method":"POST"}}
# {"timestamp":"2026-04-22T14:40:59.963Z","level":"info","service":"my-module","event":"control_center.operation","trace_id":"4be0b8854a8b46cda19af0d294719cfc","parent_span_id":"82c13f480a024ecd","span_id":"59ec753084d64fdc","correlation_id":"186cc7e7-a008-448f-abca-1d6b3bff042a","request_id":"186cc7e7-a008-448f-abca-1d6b3bff042a","operation":"pty.scheduler.stop","route":"/api/pty/scheduler/stop","method":"POST","duration_ms":0,"message":"ok","pty.scheduler.worker_count":2}
# {"timestamp":"2026-04-22T14:40:59.964Z","level":"info","service":"my-module","event":"metric.counter","name":"pty_scheduler_start_total","delta":1,"total":20,"attributes":{"route":"/api/pty/scheduler/start","method":"POST"}}
# {"timestamp":"2026-04-22T14:40:59.964Z","level":"info","service":"my-module","event":"span.end","trace_id":"456fb785e2f946acaa2a053746c7123d","span_id":"b2ab906fc39540d0","parent_span_id":"29ece1824bef4087","name":"pty.scheduler.start","duration_ms":0,"status":"ok","attributes":{"http.route":"/api/pty/scheduler/start","http.request.method":"POST","code.function":"createAppHandler","control_center.operation.duration_ms":0,"pty.scheduler.worker_count":2}}
# {"timestamp":"2026-04-22T14:40:59.964Z","level":"info","service":"my-module","event":"metric.histogram","name":"control_center_operation_duration_ms","value":0,"unit":"ms","attributes":{"operation":"pty.scheduler.start","route":"/api/pty/scheduler/start","method":"POST"}}
# {"timestamp":"2026-04-22T14:40:59.964Z","level":"info","service":"my-module","event":"control_center.operation","trace_id":"456fb785e2f946acaa2a053746c7123d","parent_span_id":"29ece1824bef4087","span_id":"b2ab906fc39540d0","correlation_id":"6d41435c-4086-45db-bc70-f58fed79ec70","request_id":"6d41435c-4086-45db-bc70-f58fed79ec70","operation":"pty.scheduler.start","route":"/api/pty/scheduler/start","method":"POST","duration_ms":0,"message":"ok","pty.scheduler.worker_count":2}
# {"timestamp":"2026-04-22T14:40:59.965Z","level":"info","service":"my-module","event":"metric.counter","name":"pty_bridge_failures_total","delta":1,"total":7,"attributes":{"route":"/api/pty/send-now","method":"POST","reason":"scheduler_send_now_failed"}}
# {"timestamp":"2026-04-22T14:40:59.965Z","level":"info","service":"my-module","event":"metric.counter","name":"pty_bridge_failures_total","delta":1,"total":8,"attributes":{"route":"/api/pty/send-now","method":"POST","reason":"scheduler_send_now_failed"}}
# {"timestamp":"2026-04-22T14:40:59.966Z","level":"info","service":"my-module","event":"metric.counter","name":"pty_bridge_send_total","delta":1,"total":44,"attributes":{"route":"/api/pty/enter-now","method":"POST","action":"enter"}}
# {"timestamp":"2026-04-22T14:40:59.967Z","level":"info","service":"my-module","event":"metric.counter","name":"pty_bridge_failures_total","delta":1,"total":9,"attributes":{"route":"/api/pty/send-now","method":"POST","reason":"scheduler_send_now_failed"}}
# {"timestamp":"2026-04-22T14:40:59.968Z","level":"info","service":"my-module","event":"metric.counter","name":"pty_bridge_send_total","delta":1,"total":45,"attributes":{"route":"/api/pty/enter-now","method":"POST","action":"enter"}}
# {"timestamp":"2026-04-22T14:40:59.968Z","level":"info","service":"my-module","event":"metric.counter","name":"pty_bridge_failures_total","delta":1,"total":10,"attributes":{"route":"/api/pty/send-now","method":"POST","reason":"scheduler_send_now_failed"}}
# {"timestamp":"2026-04-22T14:41:00.957Z","level":"info","service":"my-module","event":"metric.counter","name":"pty_scheduler_stop_total","delta":1,"total":20,"attributes":{"route":"/api/pty/scheduler/stop","method":"POST"}}
# {"timestamp":"2026-04-22T14:41:00.957Z","level":"info","service":"my-module","event":"span.end","trace_id":"cdca8a9a6e9f431aac32f6f61a54e8bd","span_id":"d267bc1900fb4dfd","parent_span_id":"549278f043ca4254","name":"pty.scheduler.stop","duration_ms":0,"status":"ok","attributes":{"http.route":"/api/pty/scheduler/stop","http.request.method":"POST","code.function":"createAppHandler","control_center.operation.duration_ms":0,"pty.scheduler.worker_count":2}}
# {"timestamp":"2026-04-22T14:41:00.957Z","level":"info","service":"my-module","event":"metric.histogram","name":"control_center_operation_duration_ms","value":0,"unit":"ms","attributes":{"operation":"pty.scheduler.stop","route":"/api/pty/scheduler/stop","method":"POST"}}
# {"timestamp":"2026-04-22T14:41:00.957Z","level":"info","service":"my-module","event":"control_center.operation","trace_id":"cdca8a9a6e9f431aac32f6f61a54e8bd","parent_span_id":"549278f043ca4254","span_id":"d267bc1900fb4dfd","correlation_id":"f1d35ee6-48aa-4602-b3ad-91f789599b4e","request_id":"f1d35ee6-48aa-4602-b3ad-91f789599b4e","operation":"pty.scheduler.stop","route":"/api/pty/scheduler/stop","method":"POST","duration_ms":0,"message":"ok","pty.scheduler.worker_count":2}
# {"timestamp":"2026-04-22T14:41:00.958Z","level":"info","service":"my-module","event":"metric.counter","name":"pty_scheduler_start_total","delta":1,"total":21,"attributes":{"route":"/api/pty/scheduler/start","method":"POST"}}
# {"timestamp":"2026-04-22T14:41:00.958Z","level":"info","service":"my-module","event":"span.end","trace_id":"ea1fa81e55f14914bd6163115ee29ee1","span_id":"185328cfba284da4","parent_span_id":"67b67f56f33f4ced","name":"pty.scheduler.start","duration_ms":0,"status":"ok","attributes":{"http.route":"/api/pty/scheduler/start","http.request.method":"POST","code.function":"createAppHandler","control_center.operation.duration_ms":0,"pty.scheduler.worker_count":2}}
# {"timestamp":"2026-04-22T14:41:00.958Z","level":"info","service":"my-module","event":"metric.histogram","name":"control_center_operation_duration_ms","value":0,"unit":"ms","attributes":{"operation":"pty.scheduler.start","route":"/api/pty/scheduler/start","method":"POST"}}
# {"timestamp":"2026-04-22T14:41:00.958Z","level":"info","service":"my-module","event":"control_center.operation","trace_id":"ea1fa81e55f14914bd6163115ee29ee1","parent_span_id":"67b67f56f33f4ced","span_id":"185328cfba284da4","correlation_id":"a5866344-4294-4f42-b248-1481932a0322","request_id":"a5866344-4294-4f42-b248-1481932a0322","operation":"pty.scheduler.start","route":"/api/pty/scheduler/start","method":"POST","duration_ms":0,"message":"ok","pty.scheduler.worker_count":2}
# {"timestamp":"2026-04-22T14:41:00.959Z","level":"info","service":"my-module","event":"metric.counter","name":"pty_bridge_send_total","delta":1,"total":46,"attributes":{"route":"/api/pty/enter-now","method":"POST","action":"enter"}}
# {"timestamp":"2026-04-22T14:41:00.960Z","level":"info","service":"my-module","event":"metric.counter","name":"pty_bridge_failures_total","delta":1,"total":11,"attributes":{"route":"/api/pty/enter-now","method":"POST","reason":"scheduler_enter_now_failed"}}
# {"timestamp":"2026-04-22T14:41:01.938Z","level":"info","service":"my-module","event":"metric.counter","name":"pty_scheduler_stop_total","delta":1,"total":21,"attributes":{"route":"/api/pty/scheduler/stop","method":"POST"}}
# {"timestamp":"2026-04-22T14:41:01.938Z","level":"info","service":"my-module","event":"span.end","trace_id":"479cd9857ada4b5e805ac6087035fecb","span_id":"8da8478c2e3440e6","parent_span_id":"f52fed32127d4d58","name":"pty.scheduler.stop","duration_ms":0,"status":"ok","attributes":{"http.route":"/api/pty/scheduler/stop","http.request.method":"POST","code.function":"createAppHandler","control_center.operation.duration_ms":0,"pty.scheduler.worker_count":2}}
# {"timestamp":"2026-04-22T14:41:01.938Z","level":"info","service":"my-module","event":"metric.histogram","name":"control_center_operation_duration_ms","value":0,"unit":"ms","attributes":{"operation":"pty.scheduler.stop","route":"/api/pty/scheduler/stop","method":"POST"}}
# {"timestamp":"2026-04-22T14:41:01.938Z","level":"info","service":"my-module","event":"control_center.operation","trace_id":"479cd9857ada4b5e805ac6087035fecb","parent_span_id":"f52fed32127d4d58","span_id":"8da8478c2e3440e6","correlation_id":"983da4fe-6036-423a-9f86-2b0dbb1df774","request_id":"983da4fe-6036-423a-9f86-2b0dbb1df774","operation":"pty.scheduler.stop","route":"/api/pty/scheduler/stop","method":"POST","duration_ms":0,"message":"ok","pty.scheduler.worker_count":2}
# {"timestamp":"2026-04-22T14:41:01.939Z","level":"info","service":"my-module","event":"metric.counter","name":"pty_scheduler_start_total","delta":1,"total":22,"attributes":{"route":"/api/pty/scheduler/start","method":"POST"}}
# {"timestamp":"2026-04-22T14:41:01.939Z","level":"info","service":"my-module","event":"span.end","trace_id":"25417ceb74654ef4a4089ca2dd656a6d","span_id":"4174956f114041c9","parent_span_id":"b22fb72e29674228","name":"pty.scheduler.start","duration_ms":0,"status":"ok","attributes":{"http.route":"/api/pty/scheduler/start","http.request.method":"POST","code.function":"createAppHandler","control_center.operation.duration_ms":0,"pty.scheduler.worker_count":2}}
# {"timestamp":"2026-04-22T14:41:01.939Z","level":"info","service":"my-module","event":"metric.histogram","name":"control_center_operation_duration_ms","value":0,"unit":"ms","attributes":{"operation":"pty.scheduler.start","route":"/api/pty/scheduler/start","method":"POST"}}
# {"timestamp":"2026-04-22T14:41:01.939Z","level":"info","service":"my-module","event":"control_center.operation","trace_id":"25417ceb74654ef4a4089ca2dd656a6d","parent_span_id":"b22fb72e29674228","span_id":"4174956f114041c9","correlation_id":"68aad769-69ff-4d17-8a80-e90f9ba1f9b7","request_id":"68aad769-69ff-4d17-8a80-e90f9ba1f9b7","operation":"pty.scheduler.start","route":"/api/pty/scheduler/start","method":"POST","duration_ms":0,"message":"ok","pty.scheduler.worker_count":2}
# {"timestamp":"2026-04-22T14:41:01.940Z","level":"info","service":"my-module","event":"metric.counter","name":"pty_bridge_send_total","delta":1,"total":47,"attributes":{"route":"/api/pty/enter-now","method":"POST","action":"enter"}}
# {"timestamp":"2026-04-22T14:41:02.945Z","level":"info","service":"my-module","event":"metric.counter","name":"pty_scheduler_stop_total","delta":1,"total":22,"attributes":{"route":"/api/pty/scheduler/stop","method":"POST"}}
# {"timestamp":"2026-04-22T14:41:02.945Z","level":"info","service":"my-module","event":"span.end","trace_id":"f0fbce0702a94005a6aa8c62531a8dd9","span_id":"892ffbc2be03497a","parent_span_id":"647277e26b7447dc","name":"pty.scheduler.stop","duration_ms":0,"status":"ok","attributes":{"http.route":"/api/pty/scheduler/stop","http.request.method":"POST","code.function":"createAppHandler","control_center.operation.duration_ms":0,"pty.scheduler.worker_count":2}}
# {"timestamp":"2026-04-22T14:41:02.945Z","level":"info","service":"my-module","event":"metric.histogram","name":"control_center_operation_duration_ms","value":0,"unit":"ms","attributes":{"operation":"pty.scheduler.stop","route":"/api/pty/scheduler/stop","method":"POST"}}
# {"timestamp":"2026-04-22T14:41:02.945Z","level":"info","service":"my-module","event":"control_center.operation","trace_id":"f0fbce0702a94005a6aa8c62531a8dd9","parent_span_id":"647277e26b7447dc","span_id":"892ffbc2be03497a","correlation_id":"512c60bb-a057-4183-9c5c-5761858e2ef0","request_id":"512c60bb-a057-4183-9c5c-5761858e2ef0","operation":"pty.scheduler.stop","route":"/api/pty/scheduler/stop","method":"POST","duration_ms":0,"message":"ok","pty.scheduler.worker_count":2}
# {"timestamp":"2026-04-22T14:41:02.946Z","level":"info","service":"my-module","event":"metric.counter","name":"pty_scheduler_start_total","delta":1,"total":23,"attributes":{"route":"/api/pty/scheduler/start","method":"POST"}}
# {"timestamp":"2026-04-22T14:41:02.946Z","level":"info","service":"my-module","event":"span.end","trace_id":"1fd3157301224abeae57f010493fbc9c","span_id":"a25ed66c9f874100","parent_span_id":"f9e37be575224634","name":"pty.scheduler.start","duration_ms":0,"status":"ok","attributes":{"http.route":"/api/pty/scheduler/start","http.request.method":"POST","code.function":"createAppHandler","control_center.operation.duration_ms":0,"pty.scheduler.worker_count":2}}
# {"timestamp":"2026-04-22T14:41:02.946Z","level":"info","service":"my-module","event":"metric.histogram","name":"control_center_operation_duration_ms","value":0,"unit":"ms","attributes":{"operation":"pty.scheduler.start","route":"/api/pty/scheduler/start","method":"POST"}}
# {"timestamp":"2026-04-22T14:41:02.946Z","level":"info","service":"my-module","event":"control_center.operation","trace_id":"1fd3157301224abeae57f010493fbc9c","parent_span_id":"f9e37be575224634","span_id":"a25ed66c9f874100","correlation_id":"84d3eba7-7e4c-48db-b3d2-e43849eeceb5","request_id":"84d3eba7-7e4c-48db-b3d2-e43849eeceb5","operation":"pty.scheduler.start","route":"/api/pty/scheduler/start","method":"POST","duration_ms":0,"message":"ok","pty.scheduler.worker_count":2}
# {"timestamp":"2026-04-22T14:41:02.947Z","level":"info","service":"my-module","event":"metric.counter","name":"pty_bridge_failures_total","delta":1,"total":12,"attributes":{"route":"/api/pty/send-now","method":"POST","reason":"scheduler_send_now_failed"}}
# {"timestamp":"2026-04-22T14:41:02.948Z","level":"info","service":"my-module","event":"metric.counter","name":"pty_bridge_failures_total","delta":1,"total":13,"attributes":{"route":"/api/pty/enter-now","method":"POST","reason":"scheduler_enter_now_failed"}}
# {"timestamp":"2026-04-22T14:41:03.994Z","level":"info","service":"my-module","event":"metric.counter","name":"pty_scheduler_stop_total","delta":1,"total":23,"attributes":{"route":"/api/pty/scheduler/stop","method":"POST"}}
# {"timestamp":"2026-04-22T14:41:03.994Z","level":"info","service":"my-module","event":"span.end","trace_id":"bc1a8d80711743b196f90573b8ad206b","span_id":"d7ac94eb58a14d16","parent_span_id":"f4304a64095a4542","name":"pty.scheduler.stop","duration_ms":0,"status":"ok","attributes":{"http.route":"/api/pty/scheduler/stop","http.request.method":"POST","code.function":"createAppHandler","control_center.operation.duration_ms":0,"pty.scheduler.worker_count":2}}
# {"timestamp":"2026-04-22T14:41:03.994Z","level":"info","service":"my-module","event":"metric.histogram","name":"control_center_operation_duration_ms","value":0,"unit":"ms","attributes":{"operation":"pty.scheduler.stop","route":"/api/pty/scheduler/stop","method":"POST"}}
# {"timestamp":"2026-04-22T14:41:03.994Z","level":"info","service":"my-module","event":"control_center.operation","trace_id":"bc1a8d80711743b196f90573b8ad206b","parent_span_id":"f4304a64095a4542","span_id":"d7ac94eb58a14d16","correlation_id":"bc5940ef-07b6-400e-9a12-159c91cd8401","request_id":"bc5940ef-07b6-400e-9a12-159c91cd8401","operation":"pty.scheduler.stop","route":"/api/pty/scheduler/stop","method":"POST","duration_ms":0,"message":"ok","pty.scheduler.worker_count":2}
# {"timestamp":"2026-04-22T14:41:03.995Z","level":"info","service":"my-module","event":"metric.counter","name":"pty_scheduler_start_total","delta":1,"total":24,"attributes":{"route":"/api/pty/scheduler/start","method":"POST"}}
# {"timestamp":"2026-04-22T14:41:03.995Z","level":"info","service":"my-module","event":"span.end","trace_id":"474020539b89459ea073b4659125db0e","span_id":"ac9ed6dc56f64d95","parent_span_id":"7ac90a471df04eac","name":"pty.scheduler.start","duration_ms":0,"status":"ok","attributes":{"http.route":"/api/pty/scheduler/start","http.request.method":"POST","code.function":"createAppHandler","control_center.operation.duration_ms":0,"pty.scheduler.worker_count":2}}
# {"timestamp":"2026-04-22T14:41:03.995Z","level":"info","service":"my-module","event":"metric.histogram","name":"control_center_operation_duration_ms","value":0,"unit":"ms","attributes":{"operation":"pty.scheduler.start","route":"/api/pty/scheduler/start","method":"POST"}}
# {"timestamp":"2026-04-22T14:41:03.995Z","level":"info","service":"my-module","event":"control_center.operation","trace_id":"474020539b89459ea073b4659125db0e","parent_span_id":"7ac90a471df04eac","span_id":"ac9ed6dc56f64d95","correlation_id":"a861b452-53bf-4d34-a27e-12d97491bd0f","request_id":"a861b452-53bf-4d34-a27e-12d97491bd0f","operation":"pty.scheduler.start","route":"/api/pty/scheduler/start","method":"POST","duration_ms":0,"message":"ok","pty.scheduler.worker_count":2}
# {"timestamp":"2026-04-22T14:41:03.995Z","level":"info","service":"my-module","event":"metric.counter","name":"pty_bridge_failures_total","delta":1,"total":14,"attributes":{"route":"/api/pty/enter-now","method":"POST","reason":"scheduler_enter_now_failed"}}
# {"timestamp":"2026-04-22T14:41:03.996Z","level":"info","service":"my-module","event":"metric.counter","name":"pty_bridge_failures_total","delta":1,"total":15,"attributes":{"route":"/api/pty/enter-now","method":"POST","reason":"scheduler_enter_now_failed"}}
# {"timestamp":"2026-04-22T14:41:03.997Z","level":"info","service":"my-module","event":"metric.counter","name":"pty_bridge_send_total","delta":1,"total":48,"attributes":{"route":"/api/pty/send-now","method":"POST","action":"prompt"}}
# {"timestamp":"2026-04-22T14:41:03.997Z","level":"info","service":"my-module","event":"metric.counter","name":"pty_bridge_failures_total","delta":1,"total":16,"attributes":{"route":"/api/pty/send-now","method":"POST","reason":"scheduler_send_now_failed"}}
# {"timestamp":"2026-04-22T14:41:03.998Z","level":"info","service":"my-module","event":"metric.counter","name":"pty_bridge_send_total","delta":1,"total":49,"attributes":{"route":"/api/pty/enter-now","method":"POST","action":"enter"}}
# {"timestamp":"2026-04-22T14:41:03.999Z","level":"info","service":"my-module","event":"metric.counter","name":"pty_bridge_send_total","delta":1,"total":50,"attributes":{"route":"/api/pty/enter-now","method":"POST","action":"enter"}}
# {"timestamp":"2026-04-22T14:41:04.968Z","level":"info","service":"my-module","event":"metric.counter","name":"pty_scheduler_stop_total","delta":1,"total":24,"attributes":{"route":"/api/pty/scheduler/stop","method":"POST"}}
# {"timestamp":"2026-04-22T14:41:04.968Z","level":"info","service":"my-module","event":"span.end","trace_id":"0fa6cf37cf104f67aee0e2683bee08ca","span_id":"16cc86c6465747db","parent_span_id":"331eb1b7b9494c05","name":"pty.scheduler.stop","duration_ms":0,"status":"ok","attributes":{"http.route":"/api/pty/scheduler/stop","http.request.method":"POST","code.function":"createAppHandler","control_center.operation.duration_ms":0,"pty.scheduler.worker_count":2}}
# {"timestamp":"2026-04-22T14:41:04.968Z","level":"info","service":"my-module","event":"metric.histogram","name":"control_center_operation_duration_ms","value":0,"unit":"ms","attributes":{"operation":"pty.scheduler.stop","route":"/api/pty/scheduler/stop","method":"POST"}}
# {"timestamp":"2026-04-22T14:41:04.968Z","level":"info","service":"my-module","event":"control_center.operation","trace_id":"0fa6cf37cf104f67aee0e2683bee08ca","parent_span_id":"331eb1b7b9494c05","span_id":"16cc86c6465747db","correlation_id":"f2682c97-3726-4086-959b-193d93775278","request_id":"f2682c97-3726-4086-959b-193d93775278","operation":"pty.scheduler.stop","route":"/api/pty/scheduler/stop","method":"POST","duration_ms":0,"message":"ok","pty.scheduler.worker_count":2}
# {"timestamp":"2026-04-22T14:41:04.968Z","level":"warn","service":"my-module","event":"server.draining","reason":"test","drain_started_at":"2026-04-22T14:41:04.968Z"}
# Subtest: [property] scheduler failures never overwrite the last successful current activity
ok 131 - [property] scheduler failures never overwrite the last successful current activity
  ---
  duration_ms: 12057.653715
  type: 'test'
  ...
# (node:23419) ExperimentalWarning: SQLite is an experimental feature and might change at any time
# (Use `node --trace-warnings ...` to show where the warning was created)
# {"timestamp":"2026-04-22T14:40:36.181Z","level":"info","service":"my-module","event":"metric.counter","name":"pty_bridge_sessions_read_total","delta":1,"total":1,"attributes":{"route":"/api/pty/sessions","method":"GET"}}
# {"timestamp":"2026-04-22T14:40:36.182Z","level":"info","service":"my-module","event":"span.end","trace_id":"74a497a028cf4e1396a935d5a53fab94","span_id":"cb3c4c8fbd6a45b9","parent_span_id":"01bd986ba0ac4b9f","name":"pty.bridge.sessions","duration_ms":1,"status":"ok","attributes":{"http.route":"/api/pty/sessions","http.request.method":"GET","code.function":"createAppHandler","control_center.operation.duration_ms":1,"pty.session.count":1}}
# {"timestamp":"2026-04-22T14:40:36.182Z","level":"info","service":"my-module","event":"metric.histogram","name":"control_center_operation_duration_ms","value":1,"unit":"ms","attributes":{"operation":"pty.bridge.sessions","route":"/api/pty/sessions","method":"GET"}}
# {"timestamp":"2026-04-22T14:40:36.182Z","level":"info","service":"my-module","event":"control_center.operation","trace_id":"74a497a028cf4e1396a935d5a53fab94","parent_span_id":"01bd986ba0ac4b9f","span_id":"cb3c4c8fbd6a45b9","correlation_id":"74f9d479-bfb5-42f7-997d-4b9ee28a6359","request_id":"74f9d479-bfb5-42f7-997d-4b9ee28a6359","operation":"pty.bridge.sessions","route":"/api/pty/sessions","method":"GET","duration_ms":1,"message":"ok","pty.session.count":1}
# {"timestamp":"2026-04-22T14:40:36.195Z","level":"info","service":"my-module","event":"metric.counter","name":"pty_scheduler_start_total","delta":1,"total":1,"attributes":{"route":"/api/pty/scheduler/start","method":"POST"}}
# {"timestamp":"2026-04-22T14:40:36.195Z","level":"info","service":"my-module","event":"span.end","trace_id":"6df85aad27f64833974f948a3676cb30","span_id":"2cf76c385d7a47e2","parent_span_id":"ae2c5eb12fe3452d","name":"pty.scheduler.start","duration_ms":0,"status":"ok","attributes":{"http.route":"/api/pty/scheduler/start","http.request.method":"POST","code.function":"createAppHandler","control_center.operation.duration_ms":0,"pty.scheduler.worker_count":2}}
# {"timestamp":"2026-04-22T14:40:36.195Z","level":"info","service":"my-module","event":"metric.histogram","name":"control_center_operation_duration_ms","value":0,"unit":"ms","attributes":{"operation":"pty.scheduler.start","route":"/api/pty/scheduler/start","method":"POST"}}
# {"timestamp":"2026-04-22T14:40:36.195Z","level":"info","service":"my-module","event":"control_center.operation","trace_id":"6df85aad27f64833974f948a3676cb30","parent_span_id":"ae2c5eb12fe3452d","span_id":"2cf76c385d7a47e2","correlation_id":"c942f282-55fb-4908-a087-bd120158df38","request_id":"c942f282-55fb-4908-a087-bd120158df38","operation":"pty.scheduler.start","route":"/api/pty/scheduler/start","method":"POST","duration_ms":0,"message":"ok","pty.scheduler.worker_count":2}
# {"timestamp":"2026-04-22T14:40:36.199Z","level":"info","service":"my-module","event":"metric.counter","name":"pty_bridge_send_total","delta":1,"total":1,"attributes":{"route":"/api/pty/send-now","method":"POST","action":"prompt"}}
# {"timestamp":"2026-04-22T14:40:38.007Z","level":"warn","service":"my-module","event":"server.draining","reason":"test","drain_started_at":"2026-04-22T14:40:38.007Z"}
# Subtest: [scheduler current activity smoke] successful send-now selects dispatched worker as current activity
ok 132 - [scheduler current activity smoke] successful send-now selects dispatched worker as current activity
  ---
  duration_ms: 1873.773408
  type: 'test'
  ...
# {"timestamp":"2026-04-22T14:40:38.013Z","level":"info","service":"my-module","event":"metric.counter","name":"pty_bridge_sessions_read_total","delta":1,"total":2,"attributes":{"route":"/api/pty/sessions","method":"GET"}}
# {"timestamp":"2026-04-22T14:40:38.013Z","level":"info","service":"my-module","event":"span.end","trace_id":"ca1acb36cd234aadbddf43345e671c15","span_id":"ccb1ec143ec74021","parent_span_id":"1c20ebf2dc784a85","name":"pty.bridge.sessions","duration_ms":0,"status":"ok","attributes":{"http.route":"/api/pty/sessions","http.request.method":"GET","code.function":"createAppHandler","control_center.operation.duration_ms":0,"pty.session.count":1}}
# {"timestamp":"2026-04-22T14:40:38.013Z","level":"info","service":"my-module","event":"metric.histogram","name":"control_center_operation_duration_ms","value":0,"unit":"ms","attributes":{"operation":"pty.bridge.sessions","route":"/api/pty/sessions","method":"GET"}}
# {"timestamp":"2026-04-22T14:40:38.013Z","level":"info","service":"my-module","event":"control_center.operation","trace_id":"ca1acb36cd234aadbddf43345e671c15","parent_span_id":"1c20ebf2dc784a85","span_id":"ccb1ec143ec74021","correlation_id":"731332da-5377-4f5f-bbba-7edf3a305e96","request_id":"731332da-5377-4f5f-bbba-7edf3a305e96","operation":"pty.bridge.sessions","route":"/api/pty/sessions","method":"GET","duration_ms":0,"message":"ok","pty.session.count":1}
# {"timestamp":"2026-04-22T14:40:38.016Z","level":"info","service":"my-module","event":"metric.counter","name":"pty_scheduler_start_total","delta":1,"total":2,"attributes":{"route":"/api/pty/scheduler/start","method":"POST"}}
# {"timestamp":"2026-04-22T14:40:38.016Z","level":"info","service":"my-module","event":"span.end","trace_id":"d3468793c2854a709dd877caf79d99b5","span_id":"447c3b7b30424ee8","parent_span_id":"60b16cbe979a4a62","name":"pty.scheduler.start","duration_ms":1,"status":"ok","attributes":{"http.route":"/api/pty/scheduler/start","http.request.method":"POST","code.function":"createAppHandler","control_center.operation.duration_ms":1,"pty.scheduler.worker_count":2}}
# {"timestamp":"2026-04-22T14:40:38.016Z","level":"info","service":"my-module","event":"metric.histogram","name":"control_center_operation_duration_ms","value":1,"unit":"ms","attributes":{"operation":"pty.scheduler.start","route":"/api/pty/scheduler/start","method":"POST"}}
# {"timestamp":"2026-04-22T14:40:38.016Z","level":"info","service":"my-module","event":"control_center.operation","trace_id":"d3468793c2854a709dd877caf79d99b5","parent_span_id":"60b16cbe979a4a62","span_id":"447c3b7b30424ee8","correlation_id":"2df691be-2f37-4e8f-9c62-b33ec2ba8f14","request_id":"2df691be-2f37-4e8f-9c62-b33ec2ba8f14","operation":"pty.scheduler.start","route":"/api/pty/scheduler/start","method":"POST","duration_ms":1,"message":"ok","pty.scheduler.worker_count":2}
# {"timestamp":"2026-04-22T14:40:38.018Z","level":"info","service":"my-module","event":"metric.counter","name":"pty_bridge_send_total","delta":1,"total":2,"attributes":{"route":"/api/pty/send-now","method":"POST","action":"prompt"}}
# {"timestamp":"2026-04-22T14:40:38.019Z","level":"info","service":"my-module","event":"metric.counter","name":"pty_bridge_failures_total","delta":1,"total":1,"attributes":{"route":"/api/pty/send-now","method":"POST","reason":"scheduler_send_now_failed"}}
# {"timestamp":"2026-04-22T14:40:39.779Z","level":"warn","service":"my-module","event":"server.draining","reason":"test","drain_started_at":"2026-04-22T14:40:39.779Z"}
# Subtest: [scheduler current activity smoke] failed send-now keeps last successful current activity while exposing failure details
ok 133 - [scheduler current activity smoke] failed send-now keeps last successful current activity while exposing failure details
  ---
  duration_ms: 1770.259127
  type: 'test'
  ...
# {"timestamp":"2026-04-22T14:40:39.782Z","level":"info","service":"my-module","event":"metric.counter","name":"pty_bridge_sessions_read_total","delta":1,"total":3,"attributes":{"route":"/api/pty/sessions","method":"GET"}}
# {"timestamp":"2026-04-22T14:40:39.782Z","level":"info","service":"my-module","event":"span.end","trace_id":"f52f675c55684bf486fab57a43e7488e","span_id":"73876c5484bb47c4","parent_span_id":"8996de1b72ff44ae","name":"pty.bridge.sessions","duration_ms":0,"status":"ok","attributes":{"http.route":"/api/pty/sessions","http.request.method":"GET","code.function":"createAppHandler","control_center.operation.duration_ms":0,"pty.session.count":1}}
# {"timestamp":"2026-04-22T14:40:39.782Z","level":"info","service":"my-module","event":"metric.histogram","name":"control_center_operation_duration_ms","value":0,"unit":"ms","attributes":{"operation":"pty.bridge.sessions","route":"/api/pty/sessions","method":"GET"}}
# {"timestamp":"2026-04-22T14:40:39.782Z","level":"info","service":"my-module","event":"control_center.operation","trace_id":"f52f675c55684bf486fab57a43e7488e","parent_span_id":"8996de1b72ff44ae","span_id":"73876c5484bb47c4","correlation_id":"5e14e165-f9f6-425f-84f6-8bfd627aeddb","request_id":"5e14e165-f9f6-425f-84f6-8bfd627aeddb","operation":"pty.bridge.sessions","route":"/api/pty/sessions","method":"GET","duration_ms":0,"message":"ok","pty.session.count":1}
# {"timestamp":"2026-04-22T14:40:39.785Z","level":"info","service":"my-module","event":"metric.counter","name":"pty_scheduler_start_total","delta":1,"total":3,"attributes":{"route":"/api/pty/scheduler/start","method":"POST"}}
# {"timestamp":"2026-04-22T14:40:39.785Z","level":"info","service":"my-module","event":"span.end","trace_id":"355beb85b9c64b9087e7cf5dd4c652a3","span_id":"19d332a479e34b5a","parent_span_id":"b7bb35d6742844e0","name":"pty.scheduler.start","duration_ms":0,"status":"ok","attributes":{"http.route":"/api/pty/scheduler/start","http.request.method":"POST","code.function":"createAppHandler","control_center.operation.duration_ms":0,"pty.scheduler.worker_count":2}}
# {"timestamp":"2026-04-22T14:40:39.785Z","level":"info","service":"my-module","event":"metric.histogram","name":"control_center_operation_duration_ms","value":0,"unit":"ms","attributes":{"operation":"pty.scheduler.start","route":"/api/pty/scheduler/start","method":"POST"}}
# {"timestamp":"2026-04-22T14:40:39.785Z","level":"info","service":"my-module","event":"control_center.operation","trace_id":"355beb85b9c64b9087e7cf5dd4c652a3","parent_span_id":"b7bb35d6742844e0","span_id":"19d332a479e34b5a","correlation_id":"d8f1d63a-e693-4994-94de-5cb3cee83a06","request_id":"d8f1d63a-e693-4994-94de-5cb3cee83a06","operation":"pty.scheduler.start","route":"/api/pty/scheduler/start","method":"POST","duration_ms":0,"message":"ok","pty.scheduler.worker_count":2}
# {"timestamp":"2026-04-22T14:40:39.788Z","level":"info","service":"my-module","event":"metric.counter","name":"pty_bridge_send_total","delta":1,"total":3,"attributes":{"route":"/api/pty/enter-now","method":"POST","action":"enter"}}
# {"timestamp":"2026-04-22T14:40:41.418Z","level":"warn","service":"my-module","event":"server.draining","reason":"test","drain_started_at":"2026-04-22T14:40:41.418Z"}
# Subtest: [scheduler current activity smoke] targeted enter-now moves current activity to the selected worker
ok 134 - [scheduler current activity smoke] targeted enter-now moves current activity to the selected worker
  ---
  duration_ms: 1639.741402
  type: 'test'
  ...
# (node:23422) ExperimentalWarning: SQLite is an experimental feature and might change at any time
# (Use `node --trace-warnings ...` to show where the warning was created)
# {"timestamp":"2026-04-22T14:40:36.174Z","level":"info","service":"my-module","event":"metric.counter","name":"pty_bridge_sessions_read_total","delta":1,"total":1,"attributes":{"route":"/api/pty/sessions","method":"GET"}}
# {"timestamp":"2026-04-22T14:40:36.174Z","level":"info","service":"my-module","event":"span.end","trace_id":"50c7c94ae87c4d08a983396168bce64f","span_id":"67ca1bd1d0f14ac1","parent_span_id":"2659f931fe2f45c9","name":"pty.bridge.sessions","duration_ms":0,"status":"ok","attributes":{"http.route":"/api/pty/sessions","http.request.method":"GET","code.function":"createAppHandler","control_center.operation.duration_ms":0,"pty.session.count":1}}
# {"timestamp":"2026-04-22T14:40:36.174Z","level":"info","service":"my-module","event":"metric.histogram","name":"control_center_operation_duration_ms","value":0,"unit":"ms","attributes":{"operation":"pty.bridge.sessions","route":"/api/pty/sessions","method":"GET"}}
# {"timestamp":"2026-04-22T14:40:36.174Z","level":"info","service":"my-module","event":"control_center.operation","trace_id":"50c7c94ae87c4d08a983396168bce64f","parent_span_id":"2659f931fe2f45c9","span_id":"67ca1bd1d0f14ac1","correlation_id":"ca6e5cba-988f-454a-b9b0-fa6dab08748d","request_id":"ca6e5cba-988f-454a-b9b0-fa6dab08748d","operation":"pty.bridge.sessions","route":"/api/pty/sessions","method":"GET","duration_ms":0,"message":"ok","pty.session.count":1}
# {"timestamp":"2026-04-22T14:40:36.188Z","level":"info","service":"my-module","event":"metric.counter","name":"pty_scheduler_start_total","delta":1,"total":1,"attributes":{"route":"/api/pty/scheduler/start","method":"POST"}}
# {"timestamp":"2026-04-22T14:40:36.188Z","level":"info","service":"my-module","event":"span.end","trace_id":"99dea745e07844dc81c4f0ae529e2210","span_id":"c20f688c9bdf47d6","parent_span_id":"533cfb5771254af7","name":"pty.scheduler.start","duration_ms":0,"status":"ok","attributes":{"http.route":"/api/pty/scheduler/start","http.request.method":"POST","code.function":"createAppHandler","control_center.operation.duration_ms":0,"pty.scheduler.worker_count":2}}
# {"timestamp":"2026-04-22T14:40:36.188Z","level":"info","service":"my-module","event":"metric.histogram","name":"control_center_operation_duration_ms","value":0,"unit":"ms","attributes":{"operation":"pty.scheduler.start","route":"/api/pty/scheduler/start","method":"POST"}}
# {"timestamp":"2026-04-22T14:40:36.188Z","level":"info","service":"my-module","event":"control_center.operation","trace_id":"99dea745e07844dc81c4f0ae529e2210","parent_span_id":"533cfb5771254af7","span_id":"c20f688c9bdf47d6","correlation_id":"856af0b0-750c-4404-bffe-1ea3b8c3d01a","request_id":"856af0b0-750c-4404-bffe-1ea3b8c3d01a","operation":"pty.scheduler.start","route":"/api/pty/scheduler/start","method":"POST","duration_ms":0,"message":"ok","pty.scheduler.worker_count":2}
# {"timestamp":"2026-04-22T14:40:36.191Z","level":"info","service":"my-module","event":"metric.counter","name":"pty_bridge_send_total","delta":1,"total":1,"attributes":{"route":"/api/pty/send-now","method":"POST","action":"prompt"}}
# {"timestamp":"2026-04-22T14:40:38.041Z","level":"warn","service":"my-module","event":"server.draining","reason":"test","drain_started_at":"2026-04-22T14:40:38.041Z"}
# Subtest: [adversarial scheduler state smoke] invalid send-now index keeps last successful current activity
ok 135 - [adversarial scheduler state smoke] invalid send-now index keeps last successful current activity
  ---
  duration_ms: 1903.916583
  type: 'test'
  ...
# {"timestamp":"2026-04-22T14:40:38.050Z","level":"info","service":"my-module","event":"metric.counter","name":"pty_bridge_sessions_read_total","delta":1,"total":2,"attributes":{"route":"/api/pty/sessions","method":"GET"}}
# {"timestamp":"2026-04-22T14:40:38.051Z","level":"info","service":"my-module","event":"span.end","trace_id":"c41cd4cccc5447629b9d1e244749472c","span_id":"79696cbc450942ff","parent_span_id":"d6151aead9474734","name":"pty.bridge.sessions","duration_ms":1,"status":"ok","attributes":{"http.route":"/api/pty/sessions","http.request.method":"GET","code.function":"createAppHandler","control_center.operation.duration_ms":0,"pty.session.count":1}}
# {"timestamp":"2026-04-22T14:40:38.051Z","level":"info","service":"my-module","event":"metric.histogram","name":"control_center_operation_duration_ms","value":0,"unit":"ms","attributes":{"operation":"pty.bridge.sessions","route":"/api/pty/sessions","method":"GET"}}
# {"timestamp":"2026-04-22T14:40:38.051Z","level":"info","service":"my-module","event":"control_center.operation","trace_id":"c41cd4cccc5447629b9d1e244749472c","parent_span_id":"d6151aead9474734","span_id":"79696cbc450942ff","correlation_id":"b4ac5c4e-15a7-428c-af6b-0e708ad6358f","request_id":"b4ac5c4e-15a7-428c-af6b-0e708ad6358f","operation":"pty.bridge.sessions","route":"/api/pty/sessions","method":"GET","duration_ms":0,"message":"ok","pty.session.count":1}
# {"timestamp":"2026-04-22T14:40:38.054Z","level":"info","service":"my-module","event":"metric.counter","name":"pty_scheduler_start_total","delta":1,"total":2,"attributes":{"route":"/api/pty/scheduler/start","method":"POST"}}
# {"timestamp":"2026-04-22T14:40:38.054Z","level":"info","service":"my-module","event":"span.end","trace_id":"b6696031db894c8fb493e1322a5164c3","span_id":"49f316ca5482486f","parent_span_id":"f0bc4313c32241ff","name":"pty.scheduler.start","duration_ms":0,"status":"ok","attributes":{"http.route":"/api/pty/scheduler/start","http.request.method":"POST","code.function":"createAppHandler","control_center.operation.duration_ms":0,"pty.scheduler.worker_count":2}}
# {"timestamp":"2026-04-22T14:40:38.054Z","level":"info","service":"my-module","event":"metric.histogram","name":"control_center_operation_duration_ms","value":0,"unit":"ms","attributes":{"operation":"pty.scheduler.start","route":"/api/pty/scheduler/start","method":"POST"}}
# {"timestamp":"2026-04-22T14:40:38.054Z","level":"info","service":"my-module","event":"control_center.operation","trace_id":"b6696031db894c8fb493e1322a5164c3","parent_span_id":"f0bc4313c32241ff","span_id":"49f316ca5482486f","correlation_id":"840a012c-02fd-4805-980d-df332c894631","request_id":"840a012c-02fd-4805-980d-df332c894631","operation":"pty.scheduler.start","route":"/api/pty/scheduler/start","method":"POST","duration_ms":0,"message":"ok","pty.scheduler.worker_count":2}
# {"timestamp":"2026-04-22T14:40:38.056Z","level":"info","service":"my-module","event":"metric.counter","name":"pty_bridge_send_total","delta":1,"total":2,"attributes":{"route":"/api/pty/send-now","method":"POST","action":"prompt"}}
# {"timestamp":"2026-04-22T14:40:39.789Z","level":"warn","service":"my-module","event":"server.draining","reason":"test","drain_started_at":"2026-04-22T14:40:39.789Z"}
# Subtest: [adversarial scheduler state smoke] invalid enter-now index keeps last successful current activity
ok 136 - [adversarial scheduler state smoke] invalid enter-now index keeps last successful current activity
  ---
  duration_ms: 1744.586795
  type: 'test'
  ...
# {"timestamp":"2026-04-22T14:40:39.792Z","level":"info","service":"my-module","event":"metric.counter","name":"pty_bridge_sessions_read_total","delta":1,"total":3,"attributes":{"route":"/api/pty/sessions","method":"GET"}}
# {"timestamp":"2026-04-22T14:40:39.792Z","level":"info","service":"my-module","event":"span.end","trace_id":"6c0bbdb4067f42f08b71eb65847bc331","span_id":"a19be02ba8ad4ad1","parent_span_id":"a93a63619187418d","name":"pty.bridge.sessions","duration_ms":0,"status":"ok","attributes":{"http.route":"/api/pty/sessions","http.request.method":"GET","code.function":"createAppHandler","control_center.operation.duration_ms":0,"pty.session.count":1}}
# {"timestamp":"2026-04-22T14:40:39.792Z","level":"info","service":"my-module","event":"metric.histogram","name":"control_center_operation_duration_ms","value":0,"unit":"ms","attributes":{"operation":"pty.bridge.sessions","route":"/api/pty/sessions","method":"GET"}}
# {"timestamp":"2026-04-22T14:40:39.792Z","level":"info","service":"my-module","event":"control_center.operation","trace_id":"6c0bbdb4067f42f08b71eb65847bc331","parent_span_id":"a93a63619187418d","span_id":"a19be02ba8ad4ad1","correlation_id":"8f398d1e-bd3a-48f3-bad0-a944b1307d83","request_id":"8f398d1e-bd3a-48f3-bad0-a944b1307d83","operation":"pty.bridge.sessions","route":"/api/pty/sessions","method":"GET","duration_ms":0,"message":"ok","pty.session.count":1}
# {"timestamp":"2026-04-22T14:40:39.797Z","level":"info","service":"my-module","event":"metric.counter","name":"pty_scheduler_start_total","delta":1,"total":3,"attributes":{"route":"/api/pty/scheduler/start","method":"POST"}}
# {"timestamp":"2026-04-22T14:40:39.797Z","level":"info","service":"my-module","event":"span.end","trace_id":"277fb3cd844f46cdb8202c3893330f56","span_id":"1176bd0daf334b86","parent_span_id":"eb2871b308844a21","name":"pty.scheduler.start","duration_ms":0,"status":"ok","attributes":{"http.route":"/api/pty/scheduler/start","http.request.method":"POST","code.function":"createAppHandler","control_center.operation.duration_ms":0,"pty.scheduler.worker_count":2}}
# {"timestamp":"2026-04-22T14:40:39.797Z","level":"info","service":"my-module","event":"metric.histogram","name":"control_center_operation_duration_ms","value":0,"unit":"ms","attributes":{"operation":"pty.scheduler.start","route":"/api/pty/scheduler/start","method":"POST"}}
# {"timestamp":"2026-04-22T14:40:39.797Z","level":"info","service":"my-module","event":"control_center.operation","trace_id":"277fb3cd844f46cdb8202c3893330f56","parent_span_id":"eb2871b308844a21","span_id":"1176bd0daf334b86","correlation_id":"db9f814e-e283-4b3e-8e69-dd324089e6ea","request_id":"db9f814e-e283-4b3e-8e69-dd324089e6ea","operation":"pty.scheduler.start","route":"/api/pty/scheduler/start","method":"POST","duration_ms":0,"message":"ok","pty.scheduler.worker_count":2}
# {"timestamp":"2026-04-22T14:40:39.798Z","level":"info","service":"my-module","event":"metric.counter","name":"pty_bridge_send_total","delta":1,"total":3,"attributes":{"route":"/api/pty/send-now","method":"POST","action":"prompt"}}
# {"timestamp":"2026-04-22T14:40:41.410Z","level":"warn","service":"my-module","event":"server.draining","reason":"test","drain_started_at":"2026-04-22T14:40:41.410Z"}
# Subtest: [adversarial scheduler state smoke] invalid send-now idempotency replay preserves failure surface and current activity
ok 137 - [adversarial scheduler state smoke] invalid send-now idempotency replay preserves failure surface and current activity
  ---
  duration_ms: 1621.350581
  type: 'test'
  ...
# (node:23464) ExperimentalWarning: SQLite is an experimental feature and might change at any time
# (Use `node --trace-warnings ...` to show where the warning was created)
# {"timestamp":"2026-04-22T14:40:36.276Z","level":"info","service":"my-module","event":"metric.counter","name":"http_requests_total","delta":1,"total":1,"attributes":{"route":"/livez","method":"GET"}}
# {"timestamp":"2026-04-22T14:40:36.276Z","level":"info","service":"my-module","event":"span.end","trace_id":"4bf92f3577b34da6a3ce929d0e0e4736","span_id":"8949f03dcb794c6f","parent_span_id":"00f067aa0ba902b7","name":"http.GET /livez","duration_ms":0,"status":"ok","attributes":{"http.method":"GET","http.route":"/livez"}}
# {"timestamp":"2026-04-22T14:40:36.279Z","level":"info","service":"my-module","event":"metric.counter","name":"http_requests_total","delta":1,"total":2,"attributes":{"route":"/startupz","method":"GET"}}
# {"timestamp":"2026-04-22T14:40:36.279Z","level":"info","service":"my-module","event":"span.end","trace_id":"50ba2d0ef884470d969cc206d743c429","span_id":"f92e7d8ac9814e7f","parent_span_id":null,"name":"http.GET /startupz","duration_ms":0,"status":"ok","attributes":{"http.method":"GET","http.route":"/startupz"}}
# {"timestamp":"2026-04-22T14:40:36.280Z","level":"info","service":"my-module","event":"metric.counter","name":"http_requests_total","delta":1,"total":3,"attributes":{"route":"/readyz","method":"GET","status":200}}
# {"timestamp":"2026-04-22T14:40:36.280Z","level":"info","service":"my-module","event":"span.end","trace_id":"2926af1511f345d093388250d7d453e9","span_id":"26da5a7683e345de","parent_span_id":null,"name":"http.GET /readyz","duration_ms":0,"status":"ok","attributes":{"http.method":"GET","http.route":"/readyz","http.status_code":200}}
# {"timestamp":"2026-04-22T14:40:36.281Z","level":"info","service":"my-module","event":"metric.counter","name":"http_requests_total","delta":1,"total":4,"attributes":{"route":"/health","method":"GET"}}
# {"timestamp":"2026-04-22T14:40:36.281Z","level":"info","service":"my-module","event":"span.end","trace_id":"cce8bf6b50bc4b08817d57369fe8efcd","span_id":"dab9a3926d014f88","parent_span_id":null,"name":"http.GET /health","duration_ms":0,"status":"ok","attributes":{"http.method":"GET","http.route":"/health"}}
# {"timestamp":"2026-04-22T14:40:36.291Z","level":"warn","service":"my-module","event":"server.draining","reason":"smoke-test","drain_started_at":"2026-04-22T14:40:36.291Z"}
# Subtest: [server wiring smoke] probe endpoints and task flow succeed over HTTP transport
ok 138 - [server wiring smoke] probe endpoints and task flow succeed over HTTP transport
  ---
  duration_ms: 27.380054
  type: 'test'
  ...
# {"timestamp":"2026-04-22T14:40:36.294Z","level":"info","service":"my-module","event":"metric.counter","name":"http_requests_total","delta":1,"total":5,"attributes":{"route":"/readyz","method":"GET","status":503}}
# {"timestamp":"2026-04-22T14:40:36.295Z","level":"info","service":"my-module","event":"span.end","trace_id":"5666c0eb2a3b4864a32fe4f4295ebd51","span_id":"011d91747da24a48","parent_span_id":null,"name":"http.GET /readyz","duration_ms":1,"status":"error","attributes":{"http.method":"GET","http.route":"/readyz","http.status_code":503}}
# {"timestamp":"2026-04-22T14:40:36.297Z","level":"info","service":"my-module","event":"metric.counter","name":"http_errors_total","delta":1,"total":1,"attributes":{"route":"/tasks","method":"GET","status":503}}
# {"timestamp":"2026-04-22T14:40:36.297Z","level":"info","service":"my-module","event":"metric.histogram","name":"http_duration_ms","value":0,"unit":"ms","attributes":{"route":"/tasks","error":true}}
# {"timestamp":"2026-04-22T14:40:36.297Z","level":"info","service":"my-module","event":"span.end","trace_id":"468ec98ab05f44969a47302f6e48c84d","span_id":"bbf9f7c85bcb4def","parent_span_id":null,"name":"http.GET /tasks","duration_ms":0,"status":"error","attributes":{"http.method":"GET","http.route":"/tasks","http.status_code":503,"exception.type":"Error","exception.message":"Server is draining and not accepting new requests"}}
# {"timestamp":"2026-04-22T14:40:36.297Z","level":"error","service":"my-module","event":"http.error","trace_id":"468ec98ab05f44969a47302f6e48c84d","correlation_id":"24e7df50-184b-4dfe-b278-214aa78243c6","route":"/tasks","status":503,"message":"Server is draining and not accepting new requests"}
# Subtest: [server wiring smoke] drain mode flips readiness and rejects business traffic
ok 139 - [server wiring smoke] drain mode flips readiness and rejects business traffic
  ---
  duration_ms: 9.86242
  type: 'test'
  ...
# {"timestamp":"2026-04-22T14:40:36.302Z","level":"info","service":"my-module","event":"metric.counter","name":"http_errors_total","delta":1,"total":2,"attributes":{"route":"/tasks","method":"POST","status":413}}
# {"timestamp":"2026-04-22T14:40:36.302Z","level":"info","service":"my-module","event":"metric.histogram","name":"http_duration_ms","value":1,"unit":"ms","attributes":{"route":"/tasks","error":true}}
# {"timestamp":"2026-04-22T14:40:36.302Z","level":"info","service":"my-module","event":"span.end","trace_id":"b0e7ce9567e643bcb70598246c74a536","span_id":"7120fa500e7b4457","parent_span_id":null,"name":"http.POST /tasks","duration_ms":1,"status":"error","attributes":{"http.method":"POST","http.route":"/tasks","http.status_code":413,"exception.type":"Error","exception.message":"Request body exceeds 24 bytes"}}
# {"timestamp":"2026-04-22T14:40:36.302Z","level":"error","service":"my-module","event":"http.error","trace_id":"b0e7ce9567e643bcb70598246c74a536","correlation_id":"551f904a-ef63-44f3-b6da-b8e370def764","route":"/tasks","status":413,"message":"Request body exceeds 24 bytes"}
# Subtest: [server wiring smoke] body limit returns 413 over HTTP transport
ok 140 - [server wiring smoke] body limit returns 413 over HTTP transport
  ---
  duration_ms: 3.924707
  type: 'test'
  ...
# {"timestamp":"2026-04-22T14:40:36.325Z","level":"info","service":"my-module","event":"metric.counter","name":"http_errors_total","delta":1,"total":3,"attributes":{"route":"/tasks","method":"POST","status":408}}
# {"timestamp":"2026-04-22T14:40:36.325Z","level":"info","service":"my-module","event":"metric.histogram","name":"http_duration_ms","value":20,"unit":"ms","attributes":{"route":"/tasks","error":true}}
# {"timestamp":"2026-04-22T14:40:36.325Z","level":"info","service":"my-module","event":"span.end","trace_id":"bdcb2df18e4a455caa1f1e10e35a6113","span_id":"2c39c3daa59f49ed","parent_span_id":null,"name":"http.POST /tasks","duration_ms":20,"status":"error","attributes":{"http.method":"POST","http.route":"/tasks","http.status_code":408,"exception.type":"Error","exception.message":"Request body was not fully received within 20ms"}}
# {"timestamp":"2026-04-22T14:40:36.325Z","level":"error","service":"my-module","event":"http.error","trace_id":"bdcb2df18e4a455caa1f1e10e35a6113","correlation_id":"93a3c4e8-989a-4922-8119-a44b9e151c77","route":"/tasks","status":408,"message":"Request body was not fully received within 20ms"}
# Subtest: [server wiring smoke] slow request body returns 408 over HTTP transport
ok 141 - [server wiring smoke] slow request body returns 408 over HTTP transport
  ---
  duration_ms: 23.803425
  type: 'test'
  ...
# {"timestamp":"2026-04-22T14:40:36.330Z","level":"info","service":"my-module","event":"metric.counter","name":"http_errors_total","delta":1,"total":4,"attributes":{"route":"/tasks/task-1776868836328-2","method":"GET","status":429}}
# {"timestamp":"2026-04-22T14:40:36.330Z","level":"info","service":"my-module","event":"metric.histogram","name":"http_duration_ms","value":0,"unit":"ms","attributes":{"route":"/tasks/task-1776868836328-2","error":true}}
# {"timestamp":"2026-04-22T14:40:36.330Z","level":"info","service":"my-module","event":"span.end","trace_id":"e492fb42ee434de7bf80d68ae573a380","span_id":"1c409d8416d04f96","parent_span_id":null,"name":"http.GET /tasks/task-1776868836328-2","duration_ms":0,"status":"error","attributes":{"http.method":"GET","http.route":"/tasks/task-1776868836328-2","http.status_code":429,"exception.type":"Error","exception.message":"Rate limit exceeded for this caller"}}
# {"timestamp":"2026-04-22T14:40:36.330Z","level":"error","service":"my-module","event":"http.error","trace_id":"e492fb42ee434de7bf80d68ae573a380","correlation_id":"b47dede7-3d11-4ba1-9a60-68f7026b0555","route":"/tasks/task-1776868836328-2","status":429,"message":"Rate limit exceeded for this caller"}
# Subtest: [server wiring smoke] rate limit returns 429 with retry headers
ok 142 - [server wiring smoke] rate limit returns 429 with retry headers
  ---
  duration_ms: 4.234955
  type: 'test'
  ...
# {"timestamp":"2026-04-22T14:40:36.334Z","level":"info","service":"my-module","event":"metric.counter","name":"http_errors_total","delta":1,"total":5,"attributes":{"route":"/tasks","method":"POST","status":422}}
# {"timestamp":"2026-04-22T14:40:36.335Z","level":"info","service":"my-module","event":"metric.histogram","name":"http_duration_ms","value":1,"unit":"ms","attributes":{"route":"/tasks","error":true}}
# {"timestamp":"2026-04-22T14:40:36.335Z","level":"info","service":"my-module","event":"span.end","trace_id":"990b945a4f39409dafd7011bf42a596d","span_id":"78587cd2fe5e47ff","parent_span_id":null,"name":"http.POST /tasks","duration_ms":1,"status":"error","attributes":{"http.method":"POST","http.route":"/tasks","http.status_code":422,"exception.type":"Error","exception.message":"Idempotency-Key reuse detected with a different request payload"}}
# {"timestamp":"2026-04-22T14:40:36.335Z","level":"error","service":"my-module","event":"http.error","trace_id":"990b945a4f39409dafd7011bf42a596d","correlation_id":"c9d23412-aed1-437c-b129-ccef3beaad7e","route":"/tasks","status":422,"message":"Idempotency-Key reuse detected with a different request payload"}
# Subtest: [server wiring smoke] POST idempotency replays identical task create and rejects mismatched reuse
ok 143 - [server wiring smoke] POST idempotency replays identical task create and rejects mismatched reuse
  ---
  duration_ms: 4.431065
  type: 'test'
  ...
# Subtest: [server wiring smoke] billing permission denial survives HTTP transport
ok 144 - [server wiring smoke] billing permission denial survives HTTP transport
  ---
  duration_ms: 3.45738
  type: 'test'
  ...
# Subtest: [server wiring smoke] video flow succeeds over HTTP transport and preserves zero-valued fields
ok 145 - [server wiring smoke] video flow succeeds over HTTP transport and preserves zero-valued fields
  ---
  duration_ms: 4.016402
  type: 'test'
  ...
# Subtest: [server wiring smoke] disabled task-management flag returns 404 over HTTP transport
ok 146 - [server wiring smoke] disabled task-management flag returns 404 over HTTP transport
  ---
  duration_ms: 2.777277
  type: 'test'
  ...
# Subtest: [server wiring smoke] disabled video transcode flag returns 404 over HTTP transport
ok 147 - [server wiring smoke] disabled video transcode flag returns 404 over HTTP transport
  ---
  duration_ms: 3.758488
  type: 'test'
  ...
# {"timestamp":"2026-04-22T14:40:36.354Z","level":"info","service":"my-module","event":"metric.counter","name":"http_requests_total","delta":1,"total":6,"attributes":{"route":"/unknown-route","method":"GET","status":404}}
# {"timestamp":"2026-04-22T14:40:36.354Z","level":"info","service":"my-module","event":"metric.histogram","name":"http_duration_ms","value":1,"unit":"ms","attributes":{"route":"/unknown-route"}}
# {"timestamp":"2026-04-22T14:40:36.354Z","level":"info","service":"my-module","event":"span.end","trace_id":"8b3652b7f95f4649ab92cb4d8fd0c2ba","span_id":"9cf3356bad674bfc","parent_span_id":null,"name":"http.GET /unknown-route","duration_ms":1,"status":"error","attributes":{"http.method":"GET","http.route":"/unknown-route","http.status_code":404}}
# Subtest: [server wiring smoke] unknown route returns RFC 9457 content type over HTTP transport
ok 148 - [server wiring smoke] unknown route returns RFC 9457 content type over HTTP transport
  ---
  duration_ms: 5.214726
  type: 'test'
  ...
# Subtest: [session bootstrap smoke] bootstrap summary narrows session reads, commands, and prompt seed
ok 149 - [session bootstrap smoke] bootstrap summary narrows session reads, commands, and prompt seed
  ---
  duration_ms: 673.036079
  type: 'test'
  ...
# (node:23520) ExperimentalWarning: SQLite is an experimental feature and might change at any time
# (Use `node --trace-warnings ...` to show where the warning was created)
# {"timestamp":"2026-04-22T14:40:36.823Z","level":"info","service":"my-module","event":"span.end","trace_id":"b4a1dfc014ec4ae896279530b0e69dae","span_id":"e0b2742eae784c70","parent_span_id":"b7ecee2d53c84300","name":"planning_studio.stage_run","duration_ms":383,"status":"ok","attributes":{"http.route":"/api/planning-studio/stage-run","http.request.method":"POST","code.function":"createAppHandler","control_center.operation.duration_ms":382,"stage_run.stage":"D","stage_run.module":"task-management","stage_run.mode":"dry-run","stage_run.status":"ready","stage_run.report_saved":true,"stage_run.release_evidence.generated":false}}
# {"timestamp":"2026-04-22T14:40:36.823Z","level":"info","service":"my-module","event":"metric.histogram","name":"control_center_operation_duration_ms","value":382,"unit":"ms","attributes":{"operation":"planning_studio.stage_run","route":"/api/planning-studio/stage-run","method":"POST"}}
# {"timestamp":"2026-04-22T14:40:36.823Z","level":"info","service":"my-module","event":"control_center.operation","trace_id":"b4a1dfc014ec4ae896279530b0e69dae","parent_span_id":"b7ecee2d53c84300","span_id":"e0b2742eae784c70","correlation_id":"26d6db55-1e5f-49b2-acdc-fe34082a31df","request_id":"26d6db55-1e5f-49b2-acdc-fe34082a31df","operation":"planning_studio.stage_run","route":"/api/planning-studio/stage-run","method":"POST","duration_ms":382,"message":"ok","stage_run.stage":"D","stage_run.module":"task-management","stage_run.mode":"dry-run","stage_run.status":"ready","stage_run.report_saved":true,"stage_run.release_evidence.generated":false}
# {"timestamp":"2026-04-22T14:40:36.823Z","level":"info","service":"my-module","event":"metric.counter","name":"stage_run_report_saved_total","delta":1,"total":1,"attributes":{"route":"/api/planning-studio/stage-run","method":"POST","stage":"D","module":"task-management","mode":"dry-run"}}
# {"timestamp":"2026-04-22T14:40:36.823Z","level":"info","service":"my-module","event":"stage_run.save_ok","correlation_id":"26d6db55-1e5f-49b2-acdc-fe34082a31df","request_id":"26d6db55-1e5f-49b2-acdc-fe34082a31df","stage":"D","module":"task-management"}
# {"timestamp":"2026-04-22T14:40:37.005Z","level":"warn","service":"my-module","event":"server.draining","reason":"manual","drain_started_at":"2026-04-22T14:40:37.005Z"}
# Subtest: [stage run smoke] POST /api/planning-studio/stage-run returns dry-run report and replays idempotently
not ok 150 - [stage run smoke] POST /api/planning-studio/stage-run returns dry-run report and replays idempotently
  ---
  duration_ms: 583.096488
  type: 'test'
  location: '/root/workspace/my-module/src/tests/smoke/stageRun.smoke.test.js:44:1'
  failureType: 'testCodeFailure'
  error: |-
    Expected values to be strictly equal:
    + actual - expected
    
    + 'not-requested'
    - 'dry-run-only'
    
  code: 'ERR_ASSERTION'
  name: 'AssertionError'
  expected: 'dry-run-only'
  actual: 'not-requested'
  operator: 'strictEqual'
  stack: |-
    TestContext.<anonymous> (/root/workspace/my-module/src/tests/smoke/stageRun.smoke.test.js:125:12)
    process.processTicksAndRejections (node:internal/process/task_queues:103:5)
    async Test.run (node:internal/test_runner/test:1054:7)
    async startSubtestAfterBootstrap (node:internal/test_runner/harness:296:3)
  ...
# Subtest: [stage run smoke] runStage execute mode returns PASS and FAIL reports from command outcomes
ok 151 - [stage run smoke] runStage execute mode returns PASS and FAIL reports from command outcomes
  ---
  duration_ms: 351.988121
  type: 'test'
  ...
# {"timestamp":"2026-04-22T14:40:37.362Z","level":"info","service":"my-module","event":"span.end","trace_id":"3eec5d45bb1741138f7c185d029529a0","span_id":"d2a5d2a8018f48d6","parent_span_id":"b0b68428f2084cb2","name":"planning_studio.stage_run","duration_ms":0,"status":"error","attributes":{"http.route":"/api/planning-studio/stage-run","http.request.method":"POST","code.function":"createAppHandler","exception.type":"Error","exception.message":"stage must be one of A, B, C, D, E","control_center.operation.duration_ms":0,"stage_run.reason":"invalid_stage","stage_run.stage":"Z"}}
# {"timestamp":"2026-04-22T14:40:37.362Z","level":"info","service":"my-module","event":"metric.histogram","name":"control_center_operation_duration_ms","value":0,"unit":"ms","attributes":{"operation":"planning_studio.stage_run","route":"/api/planning-studio/stage-run","method":"POST","error":true}}
# {"timestamp":"2026-04-22T14:40:37.362Z","level":"info","service":"my-module","event":"control_center.operation.failed","trace_id":"3eec5d45bb1741138f7c185d029529a0","parent_span_id":"b0b68428f2084cb2","span_id":"d2a5d2a8018f48d6","correlation_id":"ddb39fc5-f621-4dd6-aee2-5a80395732c1","request_id":"ddb39fc5-f621-4dd6-aee2-5a80395732c1","operation":"planning_studio.stage_run","route":"/api/planning-studio/stage-run","method":"POST","duration_ms":0,"error_message":"stage must be one of A, B, C, D, E","stage_run.reason":"invalid_stage","stage_run.stage":"Z"}
# {"timestamp":"2026-04-22T14:40:37.362Z","level":"warn","service":"my-module","event":"server.draining","reason":"manual","drain_started_at":"2026-04-22T14:40:37.362Z"}
# Subtest: [stage run smoke] POST /api/planning-studio/stage-run returns RFC 7807 400 on invalid stage name
ok 152 - [stage run smoke] POST /api/planning-studio/stage-run returns RFC 7807 400 on invalid stage name
  ---
  duration_ms: 4.608812
  type: 'test'
  ...
# {"timestamp":"2026-04-22T14:40:37.365Z","level":"info","service":"my-module","event":"span.end","trace_id":"85bf8fc63c8645978244cd10590419c6","span_id":"7e3b835fa9b1407f","parent_span_id":"1e6cbe4e4eee47a2","name":"planning_studio.stage_run","duration_ms":0,"status":"error","attributes":{"http.route":"/api/planning-studio/stage-run","http.request.method":"POST","code.function":"createAppHandler","exception.type":"Error","exception.message":"module must match ^[a-z][a-z0-9-]{0,62}$","control_center.operation.duration_ms":0,"stage_run.reason":"invalid_module","stage_run.module":"INVALID MODULE!"}}
# {"timestamp":"2026-04-22T14:40:37.365Z","level":"info","service":"my-module","event":"metric.histogram","name":"control_center_operation_duration_ms","value":0,"unit":"ms","attributes":{"operation":"planning_studio.stage_run","route":"/api/planning-studio/stage-run","method":"POST","error":true}}
# {"timestamp":"2026-04-22T14:40:37.365Z","level":"info","service":"my-module","event":"control_center.operation.failed","trace_id":"85bf8fc63c8645978244cd10590419c6","parent_span_id":"1e6cbe4e4eee47a2","span_id":"7e3b835fa9b1407f","correlation_id":"06a88426-a84a-47ba-a3ff-1f1d5f814bfe","request_id":"06a88426-a84a-47ba-a3ff-1f1d5f814bfe","operation":"planning_studio.stage_run","route":"/api/planning-studio/stage-run","method":"POST","duration_ms":0,"error_message":"module must match ^[a-z][a-z0-9-]{0,62}$","stage_run.reason":"invalid_module","stage_run.module":"INVALID MODULE!"}
# {"timestamp":"2026-04-22T14:40:37.365Z","level":"warn","service":"my-module","event":"server.draining","reason":"manual","drain_started_at":"2026-04-22T14:40:37.365Z"}
# Subtest: [stage run smoke] POST /api/planning-studio/stage-run returns RFC 7807 400 on invalid module pattern
ok 153 - [stage run smoke] POST /api/planning-studio/stage-run returns RFC 7807 400 on invalid module pattern
  ---
  duration_ms: 2.824466
  type: 'test'
  ...
# {"timestamp":"2026-04-22T14:40:37.368Z","level":"info","service":"my-module","event":"span.end","trace_id":"f02fa8c4652344df86b892ba862f4787","span_id":"98d94deb125a4485","parent_span_id":"5cd1a666e7354759","name":"planning_studio.stage_run","duration_ms":0,"status":"error","attributes":{"http.route":"/api/planning-studio/stage-run","http.request.method":"POST","code.function":"createAppHandler","exception.type":"Error","exception.message":"stage execute 모드는 system.admin 권한이 필요합니다.","control_center.operation.duration_ms":0,"stage_run.reason":"forbidden_execute","stage_run.stage":"D"}}
# {"timestamp":"2026-04-22T14:40:37.368Z","level":"info","service":"my-module","event":"metric.histogram","name":"control_center_operation_duration_ms","value":0,"unit":"ms","attributes":{"operation":"planning_studio.stage_run","route":"/api/planning-studio/stage-run","method":"POST","error":true}}
# {"timestamp":"2026-04-22T14:40:37.368Z","level":"info","service":"my-module","event":"control_center.operation.failed","trace_id":"f02fa8c4652344df86b892ba862f4787","parent_span_id":"5cd1a666e7354759","span_id":"98d94deb125a4485","correlation_id":"cda1d03e-ddfe-40c5-ab12-db845156c3be","request_id":"cda1d03e-ddfe-40c5-ab12-db845156c3be","operation":"planning_studio.stage_run","route":"/api/planning-studio/stage-run","method":"POST","duration_ms":0,"error_message":"stage execute 모드는 system.admin 권한이 필요합니다.","stage_run.reason":"forbidden_execute","stage_run.stage":"D"}
# {"timestamp":"2026-04-22T14:40:37.789Z","level":"info","service":"my-module","event":"span.end","trace_id":"ad753a942b2d4fada72547a8b4e79eb2","span_id":"126cecc828d9496f","parent_span_id":"3c5cab6a1a9846be","name":"planning_studio.stage_run","duration_ms":420,"status":"ok","attributes":{"http.route":"/api/planning-studio/stage-run","http.request.method":"POST","code.function":"createAppHandler","control_center.operation.duration_ms":420,"stage_run.stage":"D","stage_run.module":"all","stage_run.mode":"dry-run","stage_run.status":"ready","stage_run.report_saved":true,"stage_run.release_evidence.generated":false}}
# {"timestamp":"2026-04-22T14:40:37.790Z","level":"info","service":"my-module","event":"metric.histogram","name":"control_center_operation_duration_ms","value":420,"unit":"ms","attributes":{"operation":"planning_studio.stage_run","route":"/api/planning-studio/stage-run","method":"POST"}}
# {"timestamp":"2026-04-22T14:40:37.790Z","level":"info","service":"my-module","event":"control_center.operation","trace_id":"ad753a942b2d4fada72547a8b4e79eb2","parent_span_id":"3c5cab6a1a9846be","span_id":"126cecc828d9496f","correlation_id":"a8ff45ec-277f-49e1-ae91-17d2b9ed55de","request_id":"a8ff45ec-277f-49e1-ae91-17d2b9ed55de","operation":"planning_studio.stage_run","route":"/api/planning-studio/stage-run","method":"POST","duration_ms":420,"message":"ok","stage_run.stage":"D","stage_run.module":"all","stage_run.mode":"dry-run","stage_run.status":"ready","stage_run.report_saved":true,"stage_run.release_evidence.generated":false}
# {"timestamp":"2026-04-22T14:40:37.790Z","level":"info","service":"my-module","event":"metric.counter","name":"stage_run_report_saved_total","delta":1,"total":2,"attributes":{"route":"/api/planning-studio/stage-run","method":"POST","stage":"D","module":"all","mode":"dry-run"}}
# {"timestamp":"2026-04-22T14:40:37.790Z","level":"info","service":"my-module","event":"stage_run.save_ok","correlation_id":"a8ff45ec-277f-49e1-ae91-17d2b9ed55de","request_id":"a8ff45ec-277f-49e1-ae91-17d2b9ed55de","stage":"D","module":""}
# {"timestamp":"2026-04-22T14:40:37.791Z","level":"warn","service":"my-module","event":"server.draining","reason":"manual","drain_started_at":"2026-04-22T14:40:37.791Z"}
# Subtest: [stage run smoke] POST /api/planning-studio/stage-run execute mode returns RFC 7807 403 without system.admin
ok 154 - [stage run smoke] POST /api/planning-studio/stage-run execute mode returns RFC 7807 403 without system.admin
  ---
  duration_ms: 425.748551
  type: 'test'
  ...
# (node:23536) ExperimentalWarning: SQLite is an experimental feature and might change at any time
# (Use `node --trace-warnings ...` to show where the warning was created)
# {"timestamp":"2026-04-22T14:40:36.474Z","level":"info","service":"my-module","event":"metric.counter","name":"stage_run_release_evidence_generated_total","delta":1,"total":1,"attributes":{"route":"/api/planning-studio/stage-run","method":"POST","stage":"D","module":"task-management"}}
# {"timestamp":"2026-04-22T14:40:36.474Z","level":"info","service":"my-module","event":"stage_run.release_evidence_ok","correlation_id":"3ae9693c-bce4-4bc7-be54-e868920ef8a7","request_id":"3ae9693c-bce4-4bc7-be54-e868920ef8a7","stage":"D","module":"task-management"}
# {"timestamp":"2026-04-22T14:40:36.474Z","level":"info","service":"my-module","event":"span.end","trace_id":"262a370738d04c34b555da266837abb1","span_id":"9407dd2fd94f4f51","parent_span_id":"88c5d9143cde40d4","name":"planning_studio.stage_run","duration_ms":0,"status":"ok","attributes":{"http.route":"/api/planning-studio/stage-run","http.request.method":"POST","code.function":"createAppHandler","control_center.operation.duration_ms":0,"stage_run.stage":"D","stage_run.module":"task-management","stage_run.mode":"execute","stage_run.status":"pass","stage_run.report_saved":true,"stage_run.release_evidence.generated":true}}
# {"timestamp":"2026-04-22T14:40:36.474Z","level":"info","service":"my-module","event":"metric.histogram","name":"control_center_operation_duration_ms","value":0,"unit":"ms","attributes":{"operation":"planning_studio.stage_run","route":"/api/planning-studio/stage-run","method":"POST"}}
# {"timestamp":"2026-04-22T14:40:36.474Z","level":"info","service":"my-module","event":"control_center.operation","trace_id":"262a370738d04c34b555da266837abb1","parent_span_id":"88c5d9143cde40d4","span_id":"9407dd2fd94f4f51","correlation_id":"3ae9693c-bce4-4bc7-be54-e868920ef8a7","request_id":"3ae9693c-bce4-4bc7-be54-e868920ef8a7","operation":"planning_studio.stage_run","route":"/api/planning-studio/stage-run","method":"POST","duration_ms":0,"message":"ok","stage_run.stage":"D","stage_run.module":"task-management","stage_run.mode":"execute","stage_run.status":"pass","stage_run.report_saved":true,"stage_run.release_evidence.generated":true}
# {"timestamp":"2026-04-22T14:40:36.474Z","level":"info","service":"my-module","event":"metric.counter","name":"stage_run_report_saved_total","delta":1,"total":1,"attributes":{"route":"/api/planning-studio/stage-run","method":"POST","stage":"D","module":"task-management","mode":"execute"}}
# {"timestamp":"2026-04-22T14:40:36.475Z","level":"info","service":"my-module","event":"stage_run.save_ok","correlation_id":"3ae9693c-bce4-4bc7-be54-e868920ef8a7","request_id":"3ae9693c-bce4-4bc7-be54-e868920ef8a7","stage":"D","module":"task-management"}
# {"timestamp":"2026-04-22T14:40:36.645Z","level":"warn","service":"my-module","event":"server.draining","reason":"manual","drain_started_at":"2026-04-22T14:40:36.645Z"}
# Subtest: [stage run release evidence smoke] execute PASS auto-generates release evidence once and replays idempotently
not ok 155 - [stage run release evidence smoke] execute PASS auto-generates release evidence once and replays idempotently
  ---
  duration_ms: 216.302484
  type: 'test'
  location: '/root/workspace/my-module/src/tests/smoke/stageRunReleaseEvidence.smoke.test.js:174:1'
  failureType: 'testCodeFailure'
  error: |-
    Expected values to be strictly equal:
    
    false !== true
    
  code: 'ERR_ASSERTION'
  name: 'AssertionError'
  expected: true
  actual: false
  operator: 'strictEqual'
  stack: |-
    TestContext.<anonymous> (/root/workspace/my-module/src/tests/smoke/stageRunReleaseEvidence.smoke.test.js:215:12)
    process.processTicksAndRejections (node:internal/process/task_queues:103:5)
    async Test.run (node:internal/test_runner/test:1054:7)
    async startSubtestAfterBootstrap (node:internal/test_runner/harness:296:3)
  ...
# {"timestamp":"2026-04-22T14:40:36.652Z","level":"info","service":"my-module","event":"metric.counter","name":"stage_run_release_evidence_failures_total","delta":1,"total":1,"attributes":{"route":"/api/planning-studio/stage-run","method":"POST","stage":"D","module":"task-management"}}
# {"timestamp":"2026-04-22T14:40:36.652Z","level":"warn","service":"my-module","event":"stage_run.release_evidence_failed","correlation_id":"516c744f-0cfe-4e1f-88e7-d425ce017fe4","request_id":"516c744f-0cfe-4e1f-88e7-d425ce017fe4","stage":"D","module":"task-management","exit_code":17,"stderr":"simulated release evidence failure","error":null}
# {"timestamp":"2026-04-22T14:40:36.652Z","level":"info","service":"my-module","event":"span.end","trace_id":"93631356b6da467eb6f26307e8ddad9b","span_id":"1b093cdf31a7401e","parent_span_id":"37b9c61da5544d84","name":"planning_studio.stage_run","duration_ms":0,"status":"ok","attributes":{"http.route":"/api/planning-studio/stage-run","http.request.method":"POST","code.function":"createAppHandler","control_center.operation.duration_ms":0,"stage_run.stage":"D","stage_run.module":"task-management","stage_run.mode":"execute","stage_run.status":"pass","stage_run.report_saved":true,"stage_run.release_evidence.generated":false}}
# {"timestamp":"2026-04-22T14:40:36.652Z","level":"info","service":"my-module","event":"metric.histogram","name":"control_center_operation_duration_ms","value":0,"unit":"ms","attributes":{"operation":"planning_studio.stage_run","route":"/api/planning-studio/stage-run","method":"POST"}}
# {"timestamp":"2026-04-22T14:40:36.652Z","level":"info","service":"my-module","event":"control_center.operation","trace_id":"93631356b6da467eb6f26307e8ddad9b","parent_span_id":"37b9c61da5544d84","span_id":"1b093cdf31a7401e","correlation_id":"516c744f-0cfe-4e1f-88e7-d425ce017fe4","request_id":"516c744f-0cfe-4e1f-88e7-d425ce017fe4","operation":"planning_studio.stage_run","route":"/api/planning-studio/stage-run","method":"POST","duration_ms":0,"message":"ok","stage_run.stage":"D","stage_run.module":"task-management","stage_run.mode":"execute","stage_run.status":"pass","stage_run.report_saved":true,"stage_run.release_evidence.generated":false}
# {"timestamp":"2026-04-22T14:40:36.652Z","level":"info","service":"my-module","event":"metric.counter","name":"stage_run_report_saved_total","delta":1,"total":2,"attributes":{"route":"/api/planning-studio/stage-run","method":"POST","stage":"D","module":"task-management","mode":"execute"}}
# {"timestamp":"2026-04-22T14:40:36.652Z","level":"info","service":"my-module","event":"stage_run.save_ok","correlation_id":"516c744f-0cfe-4e1f-88e7-d425ce017fe4","request_id":"516c744f-0cfe-4e1f-88e7-d425ce017fe4","stage":"D","module":"task-management"}
# {"timestamp":"2026-04-22T14:40:36.822Z","level":"warn","service":"my-module","event":"server.draining","reason":"manual","drain_started_at":"2026-04-22T14:40:36.822Z"}
# Subtest: [stage run release evidence smoke] execute PASS keeps stage-run success even when release evidence generation fails
not ok 156 - [stage run release evidence smoke] execute PASS keeps stage-run success even when release evidence generation fails
  ---
  duration_ms: 176.762066
  type: 'test'
  location: '/root/workspace/my-module/src/tests/smoke/stageRunReleaseEvidence.smoke.test.js:242:1'
  failureType: 'testCodeFailure'
  error: |-
    Expected values to be strictly equal:
    + actual - expected
    
    + 'None'
    - 'simulated release evidence failure'
    
  code: 'ERR_ASSERTION'
  name: 'AssertionError'
  expected: 'simulated release evidence failure'
  actual: 'None'
  operator: 'strictEqual'
  stack: |-
    TestContext.<anonymous> (/root/workspace/my-module/src/tests/smoke/stageRunReleaseEvidence.smoke.test.js:279:12)
    process.processTicksAndRejections (node:internal/process/task_queues:103:5)
    async Test.run (node:internal/test_runner/test:1054:7)
    async Test.processPendingSubtests (node:internal/test_runner/test:744:7)
  ...
# (node:23596) ExperimentalWarning: SQLite is an experimental feature and might change at any time
# (Use `node --trace-warnings ...` to show where the warning was created)
# {"timestamp":"2026-04-22T14:40:36.823Z","level":"info","service":"my-module","event":"span.end","trace_id":"0f44ded81b834eafab791ef2b4edd5c3","span_id":"ecd475668fe44fd6","parent_span_id":"9af89c90e36d499d","name":"planning_studio.stage_run","duration_ms":196,"status":"ok","attributes":{"http.route":"/api/planning-studio/stage-run","http.request.method":"POST","code.function":"createAppHandler","control_center.operation.duration_ms":196,"stage_run.stage":"D","stage_run.module":"task-management","stage_run.mode":"dry-run","stage_run.status":"ready","stage_run.report_saved":false,"stage_run.release_evidence.generated":false}}
# {"timestamp":"2026-04-22T14:40:36.823Z","level":"info","service":"my-module","event":"metric.histogram","name":"control_center_operation_duration_ms","value":196,"unit":"ms","attributes":{"operation":"planning_studio.stage_run","route":"/api/planning-studio/stage-run","method":"POST"}}
# {"timestamp":"2026-04-22T14:40:36.824Z","level":"info","service":"my-module","event":"control_center.operation","trace_id":"0f44ded81b834eafab791ef2b4edd5c3","parent_span_id":"9af89c90e36d499d","span_id":"ecd475668fe44fd6","correlation_id":"ce663c11-7e39-40e1-a7a0-431d93d29ae4","request_id":"ce663c11-7e39-40e1-a7a0-431d93d29ae4","operation":"planning_studio.stage_run","route":"/api/planning-studio/stage-run","method":"POST","duration_ms":196,"message":"ok","stage_run.stage":"D","stage_run.module":"task-management","stage_run.mode":"dry-run","stage_run.status":"ready","stage_run.report_saved":false,"stage_run.release_evidence.generated":false}
# {"timestamp":"2026-04-22T14:40:36.824Z","level":"info","service":"my-module","event":"metric.counter","name":"stage_run_report_save_failures_total","delta":1,"total":1,"attributes":{"route":"/api/planning-studio/stage-run","method":"POST","stage":"D","module":"task-management","mode":"dry-run"}}
# {"timestamp":"2026-04-22T14:40:36.824Z","level":"warn","service":"my-module","event":"stage_run.save_failed","correlation_id":"ce663c11-7e39-40e1-a7a0-431d93d29ae4","request_id":"ce663c11-7e39-40e1-a7a0-431d93d29ae4","stage":"D","module":"task-management","exit_code":23,"stderr":"simulated save-stage-run failure","error":null}
# {"timestamp":"2026-04-22T14:40:36.828Z","level":"warn","service":"my-module","event":"server.draining","reason":"manual","drain_started_at":"2026-04-22T14:40:36.828Z"}
# Subtest: [stage run save failure smoke] stage-run responds with runtime observability when report persistence fails
ok 157 - [stage run save failure smoke] stage-run responds with runtime observability when report persistence fails
  ---
  duration_ms: 244.763744
  type: 'test'
  ...
# Subtest: [starter preset] goal-specific planning/routing/template preset is generated
ok 158 - [starter preset] goal-specific planning/routing/template preset is generated
  ---
  duration_ms: 87.460875
  type: 'test'
  ...
# Subtest: [startup diagnostic] shows env-absent hint when .env not found
ok 159 - [startup diagnostic] shows env-absent hint when .env not found
  ---
  duration_ms: 1.128562
  type: 'test'
  ...
# Subtest: [startup diagnostic] shows loaded flags when .env present with overrides
ok 160 - [startup diagnostic] shows loaded flags when .env present with overrides
  ---
  duration_ms: 0.33913
  type: 'test'
  ...
# Subtest: [startup diagnostic] shows hint when .env present but no WOS_FLAG_ vars
ok 161 - [startup diagnostic] shows hint when .env present but no WOS_FLAG_ vars
  ---
  duration_ms: 0.255065
  type: 'test'
  ...
# Subtest: [startup diagnostic] shows flags.yaml load failure warning
ok 162 - [startup diagnostic] shows flags.yaml load failure warning
  ---
  duration_ms: 0.147893
  type: 'test'
  ...
# Subtest: [startup diagnostic] separator lines present for terminal readability
ok 163 - [startup diagnostic] separator lines present for terminal readability
  ---
  duration_ms: 0.157737
  type: 'test'
  ...
# Subtest: [static analysis gate smoke] eslint reports zero errors across src/ domains/ scripts/
not ok 164 - [static analysis gate smoke] eslint reports zero errors across src/ domains/ scripts/
  ---
  duration_ms: 2648.560304
  type: 'test'
  location: '/root/workspace/my-module/src/tests/smoke/staticAnalysisGate.smoke.test.js:12:1'
  failureType: 'testCodeFailure'
  error: |-
    ESLint found lint errors or warnings — fix before releasing:
    
    /root/workspace/my-module/scripts/db-migrate.js
      51:5  warning  Unexpected console statement  no-console
      53:5  warning  Unexpected console statement  no-console
      59:1  warning  Unexpected console statement  no-console
    
    /root/workspace/my-module/src/server/createServer.js
      37:3   error  'PostgresInvoiceRepository' is assigned a value but never used           no-unused-vars
      38:3   error  'PostgresPaymentRepository' is assigned a value but never used           no-unused-vars
      39:3   error  'PostgresBillingExceptionRepository' is assigned a value but never used  no-unused-vars
      41:9   error  'SQLiteBillingRepository' is assigned a value but never used             no-unused-vars
      44:9   error  'PostgresVideoRepository' is assigned a value but never used             no-unused-vars
      44:34  error  'PostgresTranscodeJobRepository' is assigned a value but never used      no-unused-vars
      45:9   error  'SQLiteVideoRepository' is assigned a value but never used               no-unused-vars
      45:32  error  'SQLiteTranscodeJobRepository' is assigned a value but never used        no-unused-vars
    
    ✖ 11 problems (8 errors, 3 warnings)
    
    
    + actual - expected
    
    + '\n' +
    +   '/root/workspace/my-module/scripts/db-migrate.js\n' +
    +   '  51:5  warning  Unexpected console statement  no-console\n' +
    +   '  53:5  warning  Unexpected console statement  no-console\n' +
    +   '  59:1  warning  Unexpected console statement  no-console\n' +
    +   '\n' +
    +   '/root/workspace/my-module/src/server/createServer.js\n' +
    +   "  37:3   error  'PostgresInvoiceRepository' is assigned a value but never used           no-unused-vars\n" +
    +   "  38:3   error  'PostgresPaymentRepository' is assigned a value but never used           no-unused-vars\n" +
    +   "  39:3   error  'PostgresBillingExceptionRepository' is assigned a value but never used  no-unused-vars\n" +
    +   "  41:9   error  'SQLiteBillingRepository' is assigned a value but never used             no-unused-vars\n" +
    +   "  44:9   error  'PostgresVideoRepository' is assigned a value but never used             no-unused-vars\n" +
    +   "  44:34  error  'PostgresTranscodeJobRepository' is assigned a value but never used      no-unused-vars\n" +
    +   "  45:9   error  'SQLiteVideoRepository' is assigned a value but never used               no-unused-vars\n" +
    +   "  45:32  error  'SQLiteTranscodeJobRepository' is assigned a value but never used        no-unused-vars\n" +
    +   '\n' +
    +   '✖ 11 problems (8 errors, 3 warnings)\n' +
    +   '\n'
    - ''
    
  code: 'ERR_ASSERTION'
  name: 'AssertionError'
  expected: ''
  actual: |-
    
    /root/workspace/my-module/scripts/db-migrate.js
      51:5  warning  Unexpected console statement  no-console
      53:5  warning  Unexpected console statement  no-console
      59:1  warning  Unexpected console statement  no-console
    
    /root/workspace/my-module/src/server/createServer.js
      37:3   error  'PostgresInvoiceRepository' is assigned a value but never used           no-unused-vars
      38:3   error  'PostgresPaymentRepository' is assigned a value but never used           no-unused-vars
      39:3   error  'PostgresBillingExceptionRepository' is assigned a value but never used  no-unused-vars
      41:9   error  'SQLiteBillingRepository' is assigned a value but never used             no-unused-vars
      44:9   error  'PostgresVideoRepository' is assigned a value but never used             no-unused-vars
      44:34  error  'PostgresTranscodeJobRepository' is assigned a value but never used      no-unused-vars
      45:9   error  'SQLiteVideoRepository' is assigned a value but never used               no-unused-vars
      45:32  error  'SQLiteTranscodeJobRepository' is assigned a value but never used        no-unused-vars
    
    ✖ 11 problems (8 errors, 3 warnings)
    
    
  operator: 'strictEqual'
  stack: |-
    TestContext.<anonymous> (/root/workspace/my-module/src/tests/smoke/staticAnalysisGate.smoke.test.js:26:10)
    process.processTicksAndRejections (node:internal/process/task_queues:103:5)
    async Test.run (node:internal/test_runner/test:1054:7)
    async startSubtestAfterBootstrap (node:internal/test_runner/harness:296:3)
  ...
# Subtest: [static ui home] artifacts root home is generated with core navigation links
ok 165 - [static ui home] artifacts root home is generated with core navigation links
  ---
  duration_ms: 2314.231512
  type: 'test'
  ...
# (node:23768) ExperimentalWarning: SQLite is an experimental feature and might change at any time
# (Use `node --trace-warnings ...` to show where the warning was created)
# {"timestamp":"2026-04-22T14:40:37.129Z","level":"warn","service":"my-module","event":"server.draining","reason":"test","drain_started_at":"2026-04-22T14:40:37.129Z"}
# Subtest: [system api adversarial smoke] unauthorized admin actions return structured 403
ok 166 - [system api adversarial smoke] unauthorized admin actions return structured 403
  ---
  duration_ms: 101.585255
  type: 'test'
  ...
# {"timestamp":"2026-04-22T14:40:37.145Z","level":"warn","service":"my-module","event":"server.draining","reason":"test","drain_started_at":"2026-04-22T14:40:37.145Z"}
# Subtest: [system api adversarial smoke] SSE client can reconnect after disconnect with trace headers preserved
ok 167 - [system api adversarial smoke] SSE client can reconnect after disconnect with trace headers preserved
  ---
  duration_ms: 4014.045682
  type: 'test'
  ...
# (node:24011) ExperimentalWarning: SQLite is an experimental feature and might change at any time
# (Use `node --trace-warnings ...` to show where the warning was created)
# {"timestamp":"2026-04-22T14:40:37.946Z","level":"warn","service":"my-module","event":"server.draining","reason":"test","drain_started_at":"2026-04-22T14:40:37.946Z"}
# Subtest: [system api runtime smoke] system routes are mounted when system_api.enabled=true
ok 168 - [system api runtime smoke] system routes are mounted when system_api.enabled=true
  ---
  duration_ms: 82.598241
  type: 'test'
  ...
# {"timestamp":"2026-04-22T14:40:37.955Z","level":"warn","service":"my-module","event":"server.draining","reason":"test","drain_started_at":"2026-04-22T14:40:37.955Z"}
# Subtest: [system api runtime smoke] system routes return 404 when system_api.enabled=false
ok 169 - [system api runtime smoke] system routes return 404 when system_api.enabled=false
  ---
  duration_ms: 5.954199
  type: 'test'
  ...
# {"timestamp":"2026-04-22T14:40:37.961Z","level":"warn","service":"my-module","event":"server.draining","reason":"test","drain_started_at":"2026-04-22T14:40:37.961Z"}
# Subtest: [system api runtime smoke] sub-feature gates return 503 when disabled
not ok 170 - [system api runtime smoke] sub-feature gates return 503 when disabled
  ---
  duration_ms: 5005.079406
  type: 'test'
  location: '/root/workspace/my-module/src/tests/smoke/systemApiRuntime.smoke.test.js:126:1'
  failureType: 'testCodeFailure'
  error: |-
    Expected values to be strictly equal:
    
    200 !== 503
    
  code: 'ERR_ASSERTION'
  name: 'AssertionError'
  expected: 503
  actual: 200
  operator: 'strictEqual'
  stack: |-
    TestContext.<anonymous> (/root/workspace/my-module/src/tests/smoke/systemApiRuntime.smoke.test.js:135:12)
    process.processTicksAndRejections (node:internal/process/task_queues:103:5)
    async Test.run (node:internal/test_runner/test:1054:7)
    async Test.processPendingSubtests (node:internal/test_runner/test:744:7)
  ...
# (node:24457) ExperimentalWarning: SQLite is an experimental feature and might change at any time
# (Use `node --trace-warnings ...` to show where the warning was created)
# Subtest: [Stage E] 7개 System OS 아티팩트 파일 존재
ok 171 - [Stage E] 7개 System OS 아티팩트 파일 존재
  ---
  duration_ms: 0.765399
  type: 'test'
  ...
# Subtest: [Stage E] 모든 아티팩트에 shell.js + data-sse-connect 통합 확인
ok 172 - [Stage E] 모든 아티팩트에 shell.js + data-sse-connect 통합 확인
  ---
  duration_ms: 2.715599
  type: 'test'
  ...
# Subtest: [Stage E] shared 자산 파일 존재 및 최소 크기
ok 173 - [Stage E] shared 자산 파일 존재 및 최소 크기
  ---
  duration_ms: 0.305771
  type: 'test'
  ...
# Subtest: [Stage E] ui-shell.js 모듈 API 계약
ok 174 - [Stage E] ui-shell.js 모듈 API 계약
  ---
  duration_ms: 2.062585
  type: 'test'
  ...
# Subtest: [Stage E] SystemApiClient file mode 6개 메서드 응답 형태
ok 175 - [Stage E] SystemApiClient file mode 6개 메서드 응답 형태
  ---
  duration_ms: 2.650377
  type: 'test'
  ...
# {"timestamp":"2026-04-22T14:40:39.415Z","level":"warn","service":"my-module","event":"server.draining","reason":"test","drain_started_at":"2026-04-22T14:40:39.415Z"}
# Subtest: [Stage E] INV-SYS-001: toggleFlag — system.admin 없음 → 403
ok 176 - [Stage E] INV-SYS-001: toggleFlag — system.admin 없음 → 403
  ---
  duration_ms: 44.953104
  type: 'test'
  ...
# {"timestamp":"2026-04-22T14:40:39.423Z","level":"warn","service":"my-module","event":"server.draining","reason":"test","drain_started_at":"2026-04-22T14:40:39.423Z"}
# Subtest: [Stage E] INV-SYS-002: triggerRollback — system.admin 없음 → 403
ok 177 - [Stage E] INV-SYS-002: triggerRollback — system.admin 없음 → 403
  ---
  duration_ms: 7.297431
  type: 'test'
  ...
# {"timestamp":"2026-04-22T14:40:39.428Z","level":"warn","service":"my-module","event":"server.draining","reason":"test","drain_started_at":"2026-04-22T14:40:39.428Z"}
# Subtest: [Stage E] INV-SYS-003: system_api.enabled=false → GET /health → 404
ok 178 - [Stage E] INV-SYS-003: system_api.enabled=false → GET /health → 404
  ---
  duration_ms: 4.405656
  type: 'test'
  ...
# {"timestamp":"2026-04-22T14:40:39.432Z","level":"warn","service":"my-module","event":"server.draining","reason":"test","drain_started_at":"2026-04-22T14:40:39.432Z"}
# Subtest: [Stage E] INV-SYS-004: flag_toggle_ui=false → PATCH /flags/:id → 503
ok 179 - [Stage E] INV-SYS-004: flag_toggle_ui=false → PATCH /flags/:id → 503
  ---
  duration_ms: 5.027594
  type: 'test'
  ...
# {"timestamp":"2026-04-22T14:40:39.439Z","level":"warn","service":"my-module","event":"server.draining","reason":"test","drain_started_at":"2026-04-22T14:40:39.439Z"}
# Subtest: [Stage E] INV-SYS-005: rollback_ui=false → POST /rollback → 503
ok 180 - [Stage E] INV-SYS-005: rollback_ui=false → POST /rollback → 503
  ---
  duration_ms: 5.757068
  type: 'test'
  ...
# {"timestamp":"2026-04-22T14:40:39.444Z","level":"warn","service":"my-module","event":"server.draining","reason":"test","drain_started_at":"2026-04-22T14:40:39.444Z"}
# Subtest: [Stage E] GET /api/v1/system/events → text/event-stream (SSE 연결 확인)
ok 181 - [Stage E] GET /api/v1/system/events → text/event-stream (SSE 연결 확인)
  ---
  duration_ms: 6.752769
  type: 'test'
  ...
# Subtest: [token roi] context lock and exception routing produce token ROI guidance
ok 182 - [token roi] context lock and exception routing produce token ROI guidance
  ---
  duration_ms: 68.749263
  type: 'test'
  ...
# Subtest: [token roi routing] token ROI turns into a concrete routing patch
ok 183 - [token roi routing] token ROI turns into a concrete routing patch
  ---
  duration_ms: 66.021164
  type: 'test'
  ...
# Subtest: [validation profiles smoke] packet type and stage resolve to a stable minimum command bundle
ok 184 - [validation profiles smoke] packet type and stage resolve to a stable minimum command bundle
  ---
  duration_ms: 132.512608
  type: 'test'
  ...
# Subtest: [verified auto commit guard smoke] dry-run summary exposes commit candidate and validation bundle
ok 185 - [verified auto commit guard smoke] dry-run summary exposes commit candidate and validation bundle
  ---
  duration_ms: 132.763566
  type: 'test'
  ...
# Subtest: [verified auto commit guard smoke] guard blocks protected branches and failed validation
ok 186 - [verified auto commit guard smoke] guard blocks protected branches and failed validation
  ---
  duration_ms: 0.302142
  type: 'test'
  ...
# Subtest: [wp scheduler readiness] json output includes promotion pipeline readiness
ok 187 - [wp scheduler readiness] json output includes promotion pipeline readiness
  ---
  duration_ms: 260.646088
  type: 'test'
  ...
1..187
# tests 192
# suites 2
# pass 186
# fail 6
# cancelled 0
# skipped 0
# todo 0
# duration_ms 30573.478807