$ npm run test:e2e-smoke

> my-module@0.2.0 test:e2e-smoke
> node --test --test-force-exit 'domains/**/tests/smoke/**/*.test.js' 'src/tests/smoke/**/*.test.js'

TAP version 13
# Subtest: [billing smoke] 인보이스 목록 조회 성공
ok 1 - [billing smoke] 인보이스 목록 조회 성공
  ---
  duration_ms: 2.734762
  type: 'test'
  ...
# Subtest: [billing smoke] 권한 없는 인보이스 생성 거부
ok 2 - [billing smoke] 권한 없는 인보이스 생성 거부
  ---
  duration_ms: 1.532358
  type: 'test'
  ...
# Subtest: [billing smoke] 존재하지 않는 결제 조회는 404
ok 3 - [billing smoke] 존재하지 않는 결제 조회는 404
  ---
  duration_ms: 0.43401
  type: 'test'
  ...
# Subtest: [task-management smoke] 생성 후 상세 조회 성공
ok 4 - [task-management smoke] 생성 후 상세 조회 성공
  ---
  duration_ms: 3.198096
  type: 'test'
  ...
# Subtest: [task-management smoke] 권한 없는 목록 조회 거부
ok 5 - [task-management smoke] 권한 없는 목록 조회 거부
  ---
  duration_ms: 0.30138
  type: 'test'
  ...
# Subtest: [task-management smoke] 존재하지 않는 작업 조회는 404
ok 6 - [task-management smoke] 존재하지 않는 작업 조회는 404
  ---
  duration_ms: 0.219126
  type: 'test'
  ...
# Subtest: [adaptive starter] learned preset memory is promoted into starter defaults
ok 7 - [adaptive starter] learned preset memory is promoted into starter defaults
  ---
  duration_ms: 255.3102
  type: 'test'
  ...
# Subtest: [apply checkpoint] pre-apply review artifact is generated from decision and promotion state
ok 8 - [apply checkpoint] pre-apply review artifact is generated from decision and promotion state
  ---
  duration_ms: 853.923063
  type: 'test'
  ...
# Subtest: [execution packet apply] exported packet can be applied to current-wp and next-actions
ok 9 - [execution packet apply] exported packet can be applied to current-wp and next-actions
  ---
  duration_ms: 52.732344
  type: 'test'
  ...
# Subtest: [apply outcome scorecard] apply history and token efficiency are summarized
ok 10 - [apply outcome scorecard] apply history and token efficiency are summarized
  ---
  duration_ms: 667.589278
  type: 'test'
  ...
# Subtest: [apply timeline] recent decision/apply history is summarized
ok 11 - [apply timeline] recent decision/apply history is summarized
  ---
  duration_ms: 893.871967
  type: 'test'
  ...
# Subtest: [architecture fitness smoke] boundary guardrails pass for current domains
ok 12 - [architecture fitness smoke] boundary guardrails pass for current domains
  ---
  duration_ms: 44.735301
  type: 'test'
  ...
# Subtest: [benchmark pack] goal-specific benchmark action pack is generated
ok 13 - [benchmark pack] goal-specific benchmark action pack is generated
  ---
  duration_ms: 76.6507
  type: 'test'
  ...
# (node:14314) ExperimentalWarning: SQLite is an experimental feature and might change at any time
# (Use `node --trace-warnings ...` to show where the warning was created)
# {"timestamp":"2026-04-22T14:39:50.398Z","level":"warn","service":"my-module","event":"server.draining","reason":"manual","drain_started_at":"2026-04-22T14:39:50.398Z"}
# Subtest: [billing video event wiring smoke] POST /invoices → InvoiceCreated 이벤트가 ring buffer에 기록된다
ok 14 - [billing video event wiring smoke] POST /invoices → InvoiceCreated 이벤트가 ring buffer에 기록된다
  ---
  duration_ms: 20.35896
  type: 'test'
  ...
# {"timestamp":"2026-04-22T14:39:50.405Z","level":"warn","service":"my-module","event":"server.draining","reason":"manual","drain_started_at":"2026-04-22T14:39:50.405Z"}
# Subtest: [billing video event wiring smoke] POST /videos → VideoUploaded 이벤트가 ring buffer에 기록된다
ok 15 - [billing video event wiring smoke] POST /videos → VideoUploaded 이벤트가 ring buffer에 기록된다
  ---
  duration_ms: 6.365346
  type: 'test'
  ...
# {"timestamp":"2026-04-22T14:39:50.407Z","level":"info","service":"my-module","event":"metric.counter","name":"http_requests_total","delta":1,"total":1,"attributes":{"route":"/health","method":"GET"}}
# {"timestamp":"2026-04-22T14:39:50.408Z","level":"info","service":"my-module","event":"span.end","trace_id":"36529eccd9e04b919bf3b13157950d98","span_id":"fcc12feb34024067","parent_span_id":null,"name":"http.GET /health","duration_ms":1,"status":"ok","attributes":{"http.method":"GET","http.route":"/health"}}
# {"timestamp":"2026-04-22T14:39:50.412Z","level":"info","service":"my-module","event":"metric.counter","name":"http_requests_total","delta":1,"total":2,"attributes":{"route":"/health","method":"GET"}}
# {"timestamp":"2026-04-22T14:39:50.412Z","level":"info","service":"my-module","event":"span.end","trace_id":"aec54fe5a54344e1b53e2c2c79518c13","span_id":"afd02dc5e30b4d38","parent_span_id":null,"name":"http.GET /health","duration_ms":0,"status":"ok","attributes":{"http.method":"GET","http.route":"/health"}}
# {"timestamp":"2026-04-22T14:39:50.413Z","level":"warn","service":"my-module","event":"server.draining","reason":"manual","drain_started_at":"2026-04-22T14:39:50.413Z"}
# Subtest: [billing video event wiring smoke] EventBus getStats().publishCount가 billing+video 액션 후 증가한다
ok 16 - [billing video event wiring smoke] EventBus getStats().publishCount가 billing+video 액션 후 증가한다
  ---
  duration_ms: 8.388894
  type: 'test'
  ...
# Subtest: [blueprint launch] blueprint start deck is generated for the current goal
ok 17 - [blueprint launch] blueprint start deck is generated for the current goal
  ---
  duration_ms: 107.370978
  type: 'test'
  ...
# Subtest: [branch bootstrap smoke] current packet maps to a branch recommendation and commit template
ok 18 - [branch bootstrap smoke] current packet maps to a branch recommendation and commit template
  ---
  duration_ms: 79.03959
  type: 'test'
  ...
# Subtest: [capability brief] current capability summary joins hierarchy, planning mode, and benchmark focus
ok 19 - [capability brief] current capability summary joins hierarchy, planning mode, and benchmark focus
  ---
  duration_ms: 157.257397
  type: 'test'
  ...
# Subtest: [capability seed] capability-specific planning seed sections are generated
ok 20 - [capability seed] capability-specific planning seed sections are generated
  ---
  duration_ms: 158.062228
  type: 'test'
  ...
# Subtest: [capability seed tuning] mapped planning sections are generated from seed and feedback
ok 21 - [capability seed tuning] mapped planning sections are generated from seed and feedback
  ---
  duration_ms: 180.805566
  type: 'test'
  ...
# Subtest: [planning fit] constraint and adapter fit report is generated from current state
ok 22 - [planning fit] constraint and adapter fit report is generated from current state
  ---
  duration_ms: 68.552798
  type: 'test'
  ...
# Subtest: [handoff bundle] context, fit, and replay are composed into one artifact
ok 23 - [handoff bundle] context, fit, and replay are composed into one artifact
  ---
  duration_ms: 80.944047
  type: 'test'
  ...
# Subtest: [context drift] changed and missing files are surfaced from a lock manifest
ok 24 - [context drift] changed and missing files are surfaced from a lock manifest
  ---
  duration_ms: 43.656689
  type: 'test'
  ...
# Subtest: [context exception] bounded extra-read ledger is generated from remaining headroom
ok 25 - [context exception] bounded extra-read ledger is generated from remaining headroom
  ---
  duration_ms: 57.044395
  type: 'test'
  ...
# Subtest: [contract drift smoke] requirement-defined contracts validate cleanly
not ok 26 - [contract drift smoke] requirement-defined contracts validate cleanly
  ---
  duration_ms: 320.672555
  type: 'test'
  location: '/root/workspace/my-module/src/tests/smoke/contractDrift.smoke.test.js:11:1'
  failureType: 'testCodeFailure'
  error: |-
    Command failed: python3 scripts/validate_contract_drift.py
    
  code: 1
  stack: |-
    genericNodeError (node:internal/errors:983:15)
    wrappedFn (node:internal/errors:537:14)
    ChildProcess.exithandler (node:child_process:417:12)
    ChildProcess.emit (node:events:519:28)
    maybeClose (node:internal/child_process:1101:16)
    ChildProcess._handle.onexit (node:internal/child_process:304:5)
  ...
# Subtest: [contract drift smoke] ui shell control api contract stays aligned with frontend and runtime endpoints
ok 27 - [contract drift smoke] ui shell control api contract stays aligned with frontend and runtime endpoints
  ---
  duration_ms: 108.999116
  type: 'test'
  ...
# (node:14462) ExperimentalWarning: SQLite is an experimental feature and might change at any time
# (Use `node --trace-warnings ...` to show where the warning was created)
# {"timestamp":"2026-04-22T14:39:50.775Z","level":"info","service":"my-module","event":"metric.counter","name":"control_center_prompt_recommendations_total","delta":1,"total":1,"attributes":{"route":"/api/automation/optimize-prompt","method":"GET"}}
# {"timestamp":"2026-04-22T14:39:50.776Z","level":"info","service":"my-module","event":"span.end","trace_id":"edfbf813884143c882a4f84a25eee739","span_id":"1b72e7715c224cc9","parent_span_id":"b6c487581bf94098","name":"control_center.optimize_prompt","duration_ms":149,"status":"ok","attributes":{"http.route":"/api/automation/optimize-prompt","http.request.method":"GET","code.function":"createAppHandler","control_center.operation.duration_ms":149,"control_center.prompt.source":"planning-studio-snapshot","control_center.snapshot.ok":true}}
# {"timestamp":"2026-04-22T14:39:50.776Z","level":"info","service":"my-module","event":"metric.histogram","name":"control_center_operation_duration_ms","value":149,"unit":"ms","attributes":{"operation":"control_center.optimize_prompt","route":"/api/automation/optimize-prompt","method":"GET"}}
# {"timestamp":"2026-04-22T14:39:50.776Z","level":"info","service":"my-module","event":"control_center.operation","trace_id":"edfbf813884143c882a4f84a25eee739","parent_span_id":"b6c487581bf94098","span_id":"1b72e7715c224cc9","correlation_id":"253bf078-f195-4da6-9149-479122c3ba15","request_id":"253bf078-f195-4da6-9149-479122c3ba15","operation":"control_center.optimize_prompt","route":"/api/automation/optimize-prompt","method":"GET","duration_ms":149,"message":"ok","control_center.prompt.source":"planning-studio-snapshot","control_center.snapshot.ok":true}
# {"timestamp":"2026-04-22T14:39:50.784Z","level":"info","service":"my-module","event":"metric.counter","name":"pty_bridge_sessions_read_total","delta":1,"total":1,"attributes":{"route":"/api/pty/sessions","method":"GET"}}
# {"timestamp":"2026-04-22T14:39:50.784Z","level":"info","service":"my-module","event":"span.end","trace_id":"2a1ee398edd74b5bb2337c7979abb431","span_id":"3cbc08a135e145db","parent_span_id":"8086d02ccc674372","name":"pty.bridge.sessions","duration_ms":0,"status":"ok","attributes":{"http.route":"/api/pty/sessions","http.request.method":"GET","code.function":"createAppHandler","control_center.operation.duration_ms":0,"pty.session.count":1}}
# {"timestamp":"2026-04-22T14:39:50.784Z","level":"info","service":"my-module","event":"metric.histogram","name":"control_center_operation_duration_ms","value":0,"unit":"ms","attributes":{"operation":"pty.bridge.sessions","route":"/api/pty/sessions","method":"GET"}}
# {"timestamp":"2026-04-22T14:39:50.784Z","level":"info","service":"my-module","event":"control_center.operation","trace_id":"2a1ee398edd74b5bb2337c7979abb431","parent_span_id":"8086d02ccc674372","span_id":"3cbc08a135e145db","correlation_id":"7e74b418-1818-4eed-b1ee-0156ae9e544a","request_id":"7e74b418-1818-4eed-b1ee-0156ae9e544a","operation":"pty.bridge.sessions","route":"/api/pty/sessions","method":"GET","duration_ms":0,"message":"ok","pty.session.count":1}
# {"timestamp":"2026-04-22T14:39:50.793Z","level":"info","service":"my-module","event":"metric.counter","name":"pty_bridge_send_total","delta":1,"total":1,"attributes":{"route":"/api/pty/send","method":"POST","action":"prompt"}}
# {"timestamp":"2026-04-22T14:39:50.794Z","level":"info","service":"my-module","event":"span.end","trace_id":"cbb66b9d61524ecd9d35a9631a36d92b","span_id":"0f3d185e4b554cd5","parent_span_id":"df9d493f9550497b","name":"pty.bridge.send","duration_ms":1,"status":"ok","attributes":{"http.route":"/api/pty/send","http.request.method":"POST","code.function":"createAppHandler","control_center.operation.duration_ms":1,"pty.session.pts":"node-control-center","pty.send.action":"prompt","pty.packet.id":"WP-OBS-1"}}
# {"timestamp":"2026-04-22T14:39:50.794Z","level":"info","service":"my-module","event":"metric.histogram","name":"control_center_operation_duration_ms","value":1,"unit":"ms","attributes":{"operation":"pty.bridge.send","route":"/api/pty/send","method":"POST"}}
# {"timestamp":"2026-04-22T14:39:50.794Z","level":"info","service":"my-module","event":"control_center.operation","trace_id":"cbb66b9d61524ecd9d35a9631a36d92b","parent_span_id":"df9d493f9550497b","span_id":"0f3d185e4b554cd5","correlation_id":"2ca6f5a6-ead6-43a0-9e86-300a58b93ac7","request_id":"2ca6f5a6-ead6-43a0-9e86-300a58b93ac7","operation":"pty.bridge.send","route":"/api/pty/send","method":"POST","duration_ms":1,"message":"ok","pty.session.pts":"node-control-center","pty.send.action":"prompt","pty.packet.id":"WP-OBS-1"}
# {"timestamp":"2026-04-22T14:39:50.796Z","level":"info","service":"my-module","event":"metric.counter","name":"pty_bridge_failures_total","delta":1,"total":1,"attributes":{"route":"/api/pty/send","method":"POST","reason":"missing_pts"}}
# {"timestamp":"2026-04-22T14:39:50.797Z","level":"info","service":"my-module","event":"span.end","trace_id":"97a6973c510d461489a6f017878e12e7","span_id":"959a29060809420a","parent_span_id":"e01052c2d2eb4604","name":"pty.bridge.send","duration_ms":1,"status":"error","attributes":{"http.route":"/api/pty/send","http.request.method":"POST","code.function":"createAppHandler","exception.type":"Error","exception.message":"pts required","control_center.operation.duration_ms":1,"pty.send.reason":"missing_pts"}}
# {"timestamp":"2026-04-22T14:39:50.797Z","level":"info","service":"my-module","event":"metric.histogram","name":"control_center_operation_duration_ms","value":1,"unit":"ms","attributes":{"operation":"pty.bridge.send","route":"/api/pty/send","method":"POST","error":true}}
# {"timestamp":"2026-04-22T14:39:50.797Z","level":"info","service":"my-module","event":"control_center.operation.failed","trace_id":"97a6973c510d461489a6f017878e12e7","parent_span_id":"e01052c2d2eb4604","span_id":"959a29060809420a","correlation_id":"3eb02af8-53d1-42e0-8ec7-14551395c44e","request_id":"3eb02af8-53d1-42e0-8ec7-14551395c44e","operation":"pty.bridge.send","route":"/api/pty/send","method":"POST","duration_ms":1,"error_message":"pts required","pty.send.reason":"missing_pts"}
# {"timestamp":"2026-04-22T14:39:50.799Z","level":"info","service":"my-module","event":"metric.counter","name":"pty_scheduler_status_read_total","delta":1,"total":1,"attributes":{"route":"/api/pty/scheduler/status","method":"GET"}}
# {"timestamp":"2026-04-22T14:39:50.799Z","level":"info","service":"my-module","event":"span.end","trace_id":"1c58327bbdcf4161b89ea5d6d345a06a","span_id":"9bba57136b6d4e90","parent_span_id":"adc11591a04442a8","name":"pty.scheduler.status","duration_ms":0,"status":"ok","attributes":{"http.route":"/api/pty/scheduler/status","http.request.method":"GET","code.function":"createAppHandler","control_center.operation.duration_ms":0,"pty.scheduler.running":false,"pty.scheduler.worker_count":0}}
# {"timestamp":"2026-04-22T14:39:50.799Z","level":"info","service":"my-module","event":"metric.histogram","name":"control_center_operation_duration_ms","value":0,"unit":"ms","attributes":{"operation":"pty.scheduler.status","route":"/api/pty/scheduler/status","method":"GET"}}
# {"timestamp":"2026-04-22T14:39:50.799Z","level":"info","service":"my-module","event":"control_center.operation","trace_id":"1c58327bbdcf4161b89ea5d6d345a06a","parent_span_id":"adc11591a04442a8","span_id":"9bba57136b6d4e90","correlation_id":"5746a306-952b-4d40-a820-43bcfc088cc4","request_id":"5746a306-952b-4d40-a820-43bcfc088cc4","operation":"pty.scheduler.status","route":"/api/pty/scheduler/status","method":"GET","duration_ms":0,"message":"ok","pty.scheduler.running":false,"pty.scheduler.worker_count":0}
# {"timestamp":"2026-04-22T14:39:50.802Z","level":"info","service":"my-module","event":"metric.counter","name":"pty_scheduler_start_total","delta":1,"total":1,"attributes":{"route":"/api/pty/scheduler/start","method":"POST"}}
# {"timestamp":"2026-04-22T14:39:50.802Z","level":"info","service":"my-module","event":"span.end","trace_id":"e46490ef79a3418983b5cb140408e083","span_id":"601744cb48734b3e","parent_span_id":"f8af3b7b90dc4f75","name":"pty.scheduler.start","duration_ms":0,"status":"ok","attributes":{"http.route":"/api/pty/scheduler/start","http.request.method":"POST","code.function":"createAppHandler","control_center.operation.duration_ms":0,"pty.scheduler.worker_count":1}}
# {"timestamp":"2026-04-22T14:39:50.802Z","level":"info","service":"my-module","event":"metric.histogram","name":"control_center_operation_duration_ms","value":0,"unit":"ms","attributes":{"operation":"pty.scheduler.start","route":"/api/pty/scheduler/start","method":"POST"}}
# {"timestamp":"2026-04-22T14:39:50.802Z","level":"info","service":"my-module","event":"control_center.operation","trace_id":"e46490ef79a3418983b5cb140408e083","parent_span_id":"f8af3b7b90dc4f75","span_id":"601744cb48734b3e","correlation_id":"a508b7a7-e711-40de-a981-d6604a7a16e6","request_id":"a508b7a7-e711-40de-a981-d6604a7a16e6","operation":"pty.scheduler.start","route":"/api/pty/scheduler/start","method":"POST","duration_ms":0,"message":"ok","pty.scheduler.worker_count":1}
# {"timestamp":"2026-04-22T14:39:50.804Z","level":"info","service":"my-module","event":"metric.counter","name":"pty_scheduler_status_read_total","delta":1,"total":2,"attributes":{"route":"/api/pty/scheduler/status","method":"GET"}}
# {"timestamp":"2026-04-22T14:39:50.804Z","level":"info","service":"my-module","event":"span.end","trace_id":"81c368a20109421291cc9be0d77a6c54","span_id":"3a2a0ad3267341d7","parent_span_id":"5085354493844efc","name":"pty.scheduler.status","duration_ms":0,"status":"ok","attributes":{"http.route":"/api/pty/scheduler/status","http.request.method":"GET","code.function":"createAppHandler","control_center.operation.duration_ms":0,"pty.scheduler.running":true,"pty.scheduler.worker_count":1}}
# {"timestamp":"2026-04-22T14:39:50.804Z","level":"info","service":"my-module","event":"metric.histogram","name":"control_center_operation_duration_ms","value":0,"unit":"ms","attributes":{"operation":"pty.scheduler.status","route":"/api/pty/scheduler/status","method":"GET"}}
# {"timestamp":"2026-04-22T14:39:50.804Z","level":"info","service":"my-module","event":"control_center.operation","trace_id":"81c368a20109421291cc9be0d77a6c54","parent_span_id":"5085354493844efc","span_id":"3a2a0ad3267341d7","correlation_id":"9e83d9f6-6e5b-456d-8e32-59f0ea55f21b","request_id":"9e83d9f6-6e5b-456d-8e32-59f0ea55f21b","operation":"pty.scheduler.status","route":"/api/pty/scheduler/status","method":"GET","duration_ms":0,"message":"ok","pty.scheduler.running":true,"pty.scheduler.worker_count":1}
# {"timestamp":"2026-04-22T14:39:50.806Z","level":"info","service":"my-module","event":"metric.counter","name":"pty_scheduler_stop_total","delta":1,"total":1,"attributes":{"route":"/api/pty/scheduler/stop","method":"POST"}}
# {"timestamp":"2026-04-22T14:39:50.806Z","level":"info","service":"my-module","event":"span.end","trace_id":"2dc1a822714b4b8089097b0d851132b6","span_id":"ac19e6ff10384467","parent_span_id":"3ff3286c99a0437d","name":"pty.scheduler.stop","duration_ms":0,"status":"ok","attributes":{"http.route":"/api/pty/scheduler/stop","http.request.method":"POST","code.function":"createAppHandler","control_center.operation.duration_ms":0,"pty.scheduler.worker_count":1}}
# {"timestamp":"2026-04-22T14:39:50.806Z","level":"info","service":"my-module","event":"metric.histogram","name":"control_center_operation_duration_ms","value":0,"unit":"ms","attributes":{"operation":"pty.scheduler.stop","route":"/api/pty/scheduler/stop","method":"POST"}}
# {"timestamp":"2026-04-22T14:39:50.806Z","level":"info","service":"my-module","event":"control_center.operation","trace_id":"2dc1a822714b4b8089097b0d851132b6","parent_span_id":"3ff3286c99a0437d","span_id":"ac19e6ff10384467","correlation_id":"0c5fa854-6c73-462e-974e-c0cfbb5ec425","request_id":"0c5fa854-6c73-462e-974e-c0cfbb5ec425","operation":"pty.scheduler.stop","route":"/api/pty/scheduler/stop","method":"POST","duration_ms":0,"message":"ok","pty.scheduler.worker_count":1}
# {"timestamp":"2026-04-22T14:39:51.193Z","level":"info","service":"my-module","event":"span.end","trace_id":"e417a0d533d6453d9f9b244f1b508584","span_id":"880b6218ca8c4a51","parent_span_id":"dbca2729130d462e","name":"planning_studio.stage_run","duration_ms":385,"status":"ok","attributes":{"http.route":"/api/planning-studio/stage-run","http.request.method":"POST","code.function":"createAppHandler","control_center.operation.duration_ms":385,"stage_run.stage":"D","stage_run.module":"task-management","stage_run.mode":"dry-run","stage_run.status":"ready","stage_run.report_saved":true,"stage_run.release_evidence.generated":false}}
# {"timestamp":"2026-04-22T14:39:51.193Z","level":"info","service":"my-module","event":"metric.histogram","name":"control_center_operation_duration_ms","value":385,"unit":"ms","attributes":{"operation":"planning_studio.stage_run","route":"/api/planning-studio/stage-run","method":"POST"}}
# {"timestamp":"2026-04-22T14:39:51.193Z","level":"info","service":"my-module","event":"control_center.operation","trace_id":"e417a0d533d6453d9f9b244f1b508584","parent_span_id":"dbca2729130d462e","span_id":"880b6218ca8c4a51","correlation_id":"9fa69377-7420-4ea3-8978-c0f367c4c97d","request_id":"9fa69377-7420-4ea3-8978-c0f367c4c97d","operation":"planning_studio.stage_run","route":"/api/planning-studio/stage-run","method":"POST","duration_ms":385,"message":"ok","stage_run.stage":"D","stage_run.module":"task-management","stage_run.mode":"dry-run","stage_run.status":"ready","stage_run.report_saved":true,"stage_run.release_evidence.generated":false}
# {"timestamp":"2026-04-22T14:39:51.193Z","level":"info","service":"my-module","event":"metric.counter","name":"stage_run_report_saved_total","delta":1,"total":1,"attributes":{"route":"/api/planning-studio/stage-run","method":"POST","stage":"D","module":"task-management","mode":"dry-run"}}
# {"timestamp":"2026-04-22T14:39:51.193Z","level":"info","service":"my-module","event":"stage_run.save_ok","correlation_id":"9fa69377-7420-4ea3-8978-c0f367c4c97d","request_id":"9fa69377-7420-4ea3-8978-c0f367c4c97d","stage":"D","module":"task-management"}
# {"timestamp":"2026-04-22T14:39:51.196Z","level":"warn","service":"my-module","event":"server.draining","reason":"test","drain_started_at":"2026-04-22T14:39:51.196Z"}
# Subtest: [control center observability smoke] node bridge emits control-center metrics
ok 28 - [control center observability smoke] node bridge emits control-center metrics
  ---
  duration_ms: 605.085524
  type: 'test'
  ...
# {"timestamp":"2026-04-22T14:39:51.206Z","level":"info","service":"my-module","event":"metric.counter","name":"http_requests_total","delta":1,"total":1,"attributes":{"route":"/flags","method":"GET"}}
# {"timestamp":"2026-04-22T14:39:51.207Z","level":"info","service":"my-module","event":"span.end","trace_id":"22030164774d4361b35ae45954078e05","span_id":"c3ae635af78a4079","parent_span_id":null,"name":"http.GET /flags","duration_ms":1,"status":"ok","attributes":{"http.method":"GET","http.route":"/flags"}}
# {"timestamp":"2026-04-22T14:39:51.208Z","level":"warn","service":"my-module","event":"server.draining","reason":"test","drain_started_at":"2026-04-22T14:39:51.208Z"}
# Subtest: [control center observability smoke] GET /flags returns full flag state with env-override visibility
ok 29 - [control center observability smoke] GET /flags returns full flag state with env-override visibility
  ---
  duration_ms: 9.260838
  type: 'test'
  ...
# {"timestamp":"2026-04-22T14:39:51.212Z","level":"info","service":"my-module","event":"metric.counter","name":"http_requests_total","delta":1,"total":2,"attributes":{"route":"/readyz","method":"GET","status":200}}
# {"timestamp":"2026-04-22T14:39:51.212Z","level":"info","service":"my-module","event":"span.end","trace_id":"16bde9cc86474168b3298463d096a3ff","span_id":"e98ab845168b4361","parent_span_id":null,"name":"http.GET /readyz","duration_ms":0,"status":"ok","attributes":{"http.method":"GET","http.route":"/readyz","http.status_code":200}}
# {"timestamp":"2026-04-22T14:39:51.213Z","level":"warn","service":"my-module","event":"server.draining","reason":"test","drain_started_at":"2026-04-22T14:39:51.213Z"}
# Subtest: [control center observability smoke] GET /readyz includes env_overridden_flags and enabled_flags
ok 30 - [control center observability smoke] GET /readyz includes env_overridden_flags and enabled_flags
  ---
  duration_ms: 5.061427
  type: 'test'
  ...
# Subtest: [decision apply] promotion decision can bridge directly to apply flow
ok 31 - [decision apply] promotion decision can bridge directly to apply flow
  ---
  duration_ms: 985.793698
  type: 'test'
  ...
# Subtest: [deployment ingress failure] unreachable target produces FAIL artifact with failure recorded
ok 32 - [deployment ingress failure] unreachable target produces FAIL artifact with failure recorded
  ---
  duration_ms: 54.042214
  type: 'test'
  ...
# Subtest: [deployment ingress failure] --require-https with HTTP target fails with ingress-https step and rollback_trigger
ok 33 - [deployment ingress failure] --require-https with HTTP target fails with ingress-https step and rollback_trigger
  ---
  duration_ms: 21.434869
  type: 'test'
  ...
# Subtest: [deployment ingress failure] --require-https with HTTPS base-url passes the ingress gate (regression check)
ok 34 - [deployment ingress failure] --require-https with HTTPS base-url passes the ingress gate (regression check)
  ---
  duration_ms: 40.719182
  type: 'test'
  ...
# (node:14484) ExperimentalWarning: SQLite is an experimental feature and might change at any time
# (Use `node --trace-warnings ...` to show where the warning was created)
# Subtest: [domain event bus smoke] InMemoryEventPublisher observer pattern
    # Subtest: onPublish callback fires for each published event
    ok 1 - onPublish callback fires for each published event
      ---
      duration_ms: 1.223644
      type: 'test'
      ...
    # Subtest: multiple subscribers all receive the same event
    ok 2 - multiple subscribers all receive the same event
      ---
      duration_ms: 0.627981
      type: 'test'
      ...
    # Subtest: subscriber error does not break subsequent subscribers or publisher
    ok 3 - subscriber error does not break subsequent subscribers or publisher
      ---
      duration_ms: 0.230165
      type: 'test'
      ...
    # Subtest: published events still accumulate in .published array
    ok 4 - published events still accumulate in .published array
      ---
      duration_ms: 0.157956
      type: 'test'
      ...
    # Subtest: toCloudEvent wraps domain event in CloudEvents v1.0 envelope
    ok 5 - toCloudEvent wraps domain event in CloudEvents v1.0 envelope
      ---
      duration_ms: 0.570873
      type: 'test'
      ...
    # Subtest: single event (non-array) published via onPublish fires callback once
    ok 6 - single event (non-array) published via onPublish fires callback once
      ---
      duration_ms: 0.120702
      type: 'test'
      ...
    1..6
ok 35 - [domain event bus smoke] InMemoryEventPublisher observer pattern
  ---
  duration_ms: 3.788048
  type: 'suite'
  ...
# {"timestamp":"2026-04-22T14:39:50.640Z","level":"warn","service":"my-module","event":"server.draining","reason":"manual","drain_started_at":"2026-04-22T14:39:50.640Z"}
# Subtest: [domain event bus smoke] GET /api/v1/domain-events — ring buffer observable
    # Subtest: domain events from POST /tasks appear at GET /api/v1/domain-events
    ok 1 - domain events from POST /tasks appear at GET /api/v1/domain-events
      ---
      duration_ms: 21.251473
      type: 'test'
      ...
    1..1
ok 36 - [domain event bus smoke] GET /api/v1/domain-events — ring buffer observable
  ---
  duration_ms: 22.490991
  type: 'suite'
  ...
# (node:14508) ExperimentalWarning: SQLite is an experimental feature and might change at any time
# (Use `node --trace-warnings ...` to show where the warning was created)
# {"timestamp":"2026-04-22T14:39:57.787Z","level":"info","service":"my-module","event":"metric.counter","name":"control_center_prompt_recommendations_total","delta":1,"total":1,"attributes":{"route":"/api/automation/optimize-prompt","method":"GET"}}
# {"timestamp":"2026-04-22T14:39:57.787Z","level":"info","service":"my-module","event":"span.end","trace_id":"31f60154b5a84cd6877702b121389928","span_id":"fe353d6f87954fd6","parent_span_id":"9241ce31ff144708","name":"control_center.optimize_prompt","duration_ms":145,"status":"ok","attributes":{"http.route":"/api/automation/optimize-prompt","http.request.method":"GET","code.function":"createAppHandler","control_center.operation.duration_ms":145,"control_center.prompt.source":"planning-studio-snapshot","control_center.snapshot.ok":true}}
# {"timestamp":"2026-04-22T14:39:57.788Z","level":"info","service":"my-module","event":"metric.histogram","name":"control_center_operation_duration_ms","value":145,"unit":"ms","attributes":{"operation":"control_center.optimize_prompt","route":"/api/automation/optimize-prompt","method":"GET"}}
# {"timestamp":"2026-04-22T14:39:57.788Z","level":"info","service":"my-module","event":"control_center.operation","trace_id":"31f60154b5a84cd6877702b121389928","parent_span_id":"9241ce31ff144708","span_id":"fe353d6f87954fd6","correlation_id":"dfe0c073-7473-4853-b6b6-4556efd159fa","request_id":"dfe0c073-7473-4853-b6b6-4556efd159fa","operation":"control_center.optimize_prompt","route":"/api/automation/optimize-prompt","method":"GET","duration_ms":145,"message":"ok","control_center.prompt.source":"planning-studio-snapshot","control_center.snapshot.ok":true}
# {"timestamp":"2026-04-22T14:39:57.792Z","level":"info","service":"my-module","event":"metric.counter","name":"pty_bridge_sessions_read_total","delta":1,"total":1,"attributes":{"route":"/api/pty/sessions","method":"GET"}}
# {"timestamp":"2026-04-22T14:39:57.792Z","level":"info","service":"my-module","event":"span.end","trace_id":"d131c7c5c8194fdab476f1be16a0c715","span_id":"aeb729fd597745df","parent_span_id":"84938a06f8644aec","name":"pty.bridge.sessions","duration_ms":0,"status":"ok","attributes":{"http.route":"/api/pty/sessions","http.request.method":"GET","code.function":"createAppHandler","control_center.operation.duration_ms":0,"pty.session.count":1}}
# {"timestamp":"2026-04-22T14:39:57.792Z","level":"info","service":"my-module","event":"metric.histogram","name":"control_center_operation_duration_ms","value":0,"unit":"ms","attributes":{"operation":"pty.bridge.sessions","route":"/api/pty/sessions","method":"GET"}}
# {"timestamp":"2026-04-22T14:39:57.792Z","level":"info","service":"my-module","event":"control_center.operation","trace_id":"d131c7c5c8194fdab476f1be16a0c715","parent_span_id":"84938a06f8644aec","span_id":"aeb729fd597745df","correlation_id":"56c02c1c-13fb-431b-ad78-9fe80add3dd8","request_id":"56c02c1c-13fb-431b-ad78-9fe80add3dd8","operation":"pty.bridge.sessions","route":"/api/pty/sessions","method":"GET","duration_ms":0,"message":"ok","pty.session.count":1}
# {"timestamp":"2026-04-22T14:39:57.798Z","level":"info","service":"my-module","event":"metric.counter","name":"pty_bridge_send_total","delta":1,"total":1,"attributes":{"route":"/api/pty/send","method":"POST","action":"prompt"}}
# {"timestamp":"2026-04-22T14:39:57.798Z","level":"info","service":"my-module","event":"span.end","trace_id":"9a50454df3a9413c9dc9093156df8b28","span_id":"16ea02cc69c7422d","parent_span_id":"96738f78ea2d4c2d","name":"pty.bridge.send","duration_ms":0,"status":"ok","attributes":{"http.route":"/api/pty/send","http.request.method":"POST","code.function":"createAppHandler","control_center.operation.duration_ms":0,"pty.session.pts":"node-control-center","pty.send.action":"prompt","pty.packet.id":"WP-SMOKE"}}
# {"timestamp":"2026-04-22T14:39:57.798Z","level":"info","service":"my-module","event":"metric.histogram","name":"control_center_operation_duration_ms","value":0,"unit":"ms","attributes":{"operation":"pty.bridge.send","route":"/api/pty/send","method":"POST"}}
# {"timestamp":"2026-04-22T14:39:57.798Z","level":"info","service":"my-module","event":"control_center.operation","trace_id":"9a50454df3a9413c9dc9093156df8b28","parent_span_id":"96738f78ea2d4c2d","span_id":"16ea02cc69c7422d","correlation_id":"9f8eb2c6-845a-4591-986c-4dc782a6c1fe","request_id":"9f8eb2c6-845a-4591-986c-4dc782a6c1fe","operation":"pty.bridge.send","route":"/api/pty/send","method":"POST","duration_ms":0,"message":"ok","pty.session.pts":"node-control-center","pty.send.action":"prompt","pty.packet.id":"WP-SMOKE"}
# {"timestamp":"2026-04-22T14:40:01.183Z","level":"info","service":"my-module","event":"metric.counter","name":"pty_scheduler_status_read_total","delta":1,"total":1,"attributes":{"route":"/api/pty/scheduler/status","method":"GET"}}
# {"timestamp":"2026-04-22T14:40:01.183Z","level":"info","service":"my-module","event":"span.end","trace_id":"4c983aa8ff4a48b0b2b744a1a6c9744b","span_id":"396ea99faa894006","parent_span_id":"b3f871af76574685","name":"pty.scheduler.status","duration_ms":0,"status":"ok","attributes":{"http.route":"/api/pty/scheduler/status","http.request.method":"GET","code.function":"createAppHandler","control_center.operation.duration_ms":0,"pty.scheduler.running":false,"pty.scheduler.worker_count":0}}
# {"timestamp":"2026-04-22T14:40:01.183Z","level":"info","service":"my-module","event":"metric.histogram","name":"control_center_operation_duration_ms","value":0,"unit":"ms","attributes":{"operation":"pty.scheduler.status","route":"/api/pty/scheduler/status","method":"GET"}}
# {"timestamp":"2026-04-22T14:40:01.183Z","level":"info","service":"my-module","event":"control_center.operation","trace_id":"4c983aa8ff4a48b0b2b744a1a6c9744b","parent_span_id":"b3f871af76574685","span_id":"396ea99faa894006","correlation_id":"622da623-b02b-4de3-9266-0d1e51b68cd6","request_id":"622da623-b02b-4de3-9266-0d1e51b68cd6","operation":"pty.scheduler.status","route":"/api/pty/scheduler/status","method":"GET","duration_ms":0,"message":"ok","pty.scheduler.running":false,"pty.scheduler.worker_count":0}
# {"timestamp":"2026-04-22T14:40:01.184Z","level":"info","service":"my-module","event":"metric.counter","name":"pty_scheduler_start_total","delta":1,"total":1,"attributes":{"route":"/api/pty/scheduler/start","method":"POST"}}
# {"timestamp":"2026-04-22T14:40:01.184Z","level":"info","service":"my-module","event":"span.end","trace_id":"b81c573d45f34b1db7402426f6b68677","span_id":"5fcbc94c8be24310","parent_span_id":"1719e5159ece40f4","name":"pty.scheduler.start","duration_ms":0,"status":"ok","attributes":{"http.route":"/api/pty/scheduler/start","http.request.method":"POST","code.function":"createAppHandler","control_center.operation.duration_ms":0,"pty.scheduler.worker_count":1}}
# {"timestamp":"2026-04-22T14:40:01.184Z","level":"info","service":"my-module","event":"metric.histogram","name":"control_center_operation_duration_ms","value":0,"unit":"ms","attributes":{"operation":"pty.scheduler.start","route":"/api/pty/scheduler/start","method":"POST"}}
# {"timestamp":"2026-04-22T14:40:01.184Z","level":"info","service":"my-module","event":"control_center.operation","trace_id":"b81c573d45f34b1db7402426f6b68677","parent_span_id":"1719e5159ece40f4","span_id":"5fcbc94c8be24310","correlation_id":"f0b97cef-a493-4926-a0fe-53544c8c2d3a","request_id":"f0b97cef-a493-4926-a0fe-53544c8c2d3a","operation":"pty.scheduler.start","route":"/api/pty/scheduler/start","method":"POST","duration_ms":0,"message":"ok","pty.scheduler.worker_count":1}
# {"timestamp":"2026-04-22T14:40:01.187Z","level":"info","service":"my-module","event":"metric.counter","name":"pty_scheduler_status_read_total","delta":1,"total":2,"attributes":{"route":"/api/pty/scheduler/status","method":"GET"}}
# {"timestamp":"2026-04-22T14:40:01.187Z","level":"info","service":"my-module","event":"span.end","trace_id":"757a0a4c286342a09d819cb8a928b009","span_id":"57e473be33af442a","parent_span_id":"215490829bb44504","name":"pty.scheduler.status","duration_ms":0,"status":"ok","attributes":{"http.route":"/api/pty/scheduler/status","http.request.method":"GET","code.function":"createAppHandler","control_center.operation.duration_ms":0,"pty.scheduler.running":true,"pty.scheduler.worker_count":1}}
# {"timestamp":"2026-04-22T14:40:01.187Z","level":"info","service":"my-module","event":"metric.histogram","name":"control_center_operation_duration_ms","value":0,"unit":"ms","attributes":{"operation":"pty.scheduler.status","route":"/api/pty/scheduler/status","method":"GET"}}
# {"timestamp":"2026-04-22T14:40:01.187Z","level":"info","service":"my-module","event":"control_center.operation","trace_id":"757a0a4c286342a09d819cb8a928b009","parent_span_id":"215490829bb44504","span_id":"57e473be33af442a","correlation_id":"568c3eab-c3e1-4a00-a153-09b95d59678c","request_id":"568c3eab-c3e1-4a00-a153-09b95d59678c","operation":"pty.scheduler.status","route":"/api/pty/scheduler/status","method":"GET","duration_ms":0,"message":"ok","pty.scheduler.running":true,"pty.scheduler.worker_count":1}
# {"timestamp":"2026-04-22T14:40:01.189Z","level":"info","service":"my-module","event":"metric.counter","name":"pty_bridge_send_total","delta":1,"total":2,"attributes":{"route":"/api/pty/send-now","method":"POST","action":"prompt"}}
# {"timestamp":"2026-04-22T14:40:02.369Z","level":"info","service":"my-module","event":"metric.counter","name":"pty_bridge_send_total","delta":1,"total":3,"attributes":{"route":"/api/pty/enter-now","method":"POST","action":"enter"}}
# {"timestamp":"2026-04-22T14:40:02.370Z","level":"info","service":"my-module","event":"metric.counter","name":"pty_scheduler_stop_total","delta":1,"total":1,"attributes":{"route":"/api/pty/scheduler/stop","method":"POST"}}
# {"timestamp":"2026-04-22T14:40:02.370Z","level":"info","service":"my-module","event":"span.end","trace_id":"822bd7b2e87c4db98b730930730cb3f5","span_id":"786f6613f0b34b44","parent_span_id":"e3449efe14fc4a50","name":"pty.scheduler.stop","duration_ms":0,"status":"ok","attributes":{"http.route":"/api/pty/scheduler/stop","http.request.method":"POST","code.function":"createAppHandler","control_center.operation.duration_ms":0,"pty.scheduler.worker_count":1}}
# {"timestamp":"2026-04-22T14:40:02.370Z","level":"info","service":"my-module","event":"metric.histogram","name":"control_center_operation_duration_ms","value":0,"unit":"ms","attributes":{"operation":"pty.scheduler.stop","route":"/api/pty/scheduler/stop","method":"POST"}}
# {"timestamp":"2026-04-22T14:40:02.370Z","level":"info","service":"my-module","event":"control_center.operation","trace_id":"822bd7b2e87c4db98b730930730cb3f5","parent_span_id":"e3449efe14fc4a50","span_id":"786f6613f0b34b44","correlation_id":"16de01c3-83d1-4a0e-895d-450b3a71cb04","request_id":"16de01c3-83d1-4a0e-895d-450b3a71cb04","operation":"pty.scheduler.stop","route":"/api/pty/scheduler/stop","method":"POST","duration_ms":0,"message":"ok","pty.scheduler.worker_count":1}
# {"timestamp":"2026-04-22T14:40:02.372Z","level":"info","service":"my-module","event":"metric.counter","name":"pty_scheduler_status_read_total","delta":1,"total":3,"attributes":{"route":"/api/pty/scheduler/status","method":"GET"}}
# {"timestamp":"2026-04-22T14:40:02.372Z","level":"info","service":"my-module","event":"span.end","trace_id":"49f0648c24a14ffa811a3ee4fa7b29de","span_id":"e000a440de6b4e16","parent_span_id":"570a75c7d0854989","name":"pty.scheduler.status","duration_ms":0,"status":"ok","attributes":{"http.route":"/api/pty/scheduler/status","http.request.method":"GET","code.function":"createAppHandler","control_center.operation.duration_ms":0,"pty.scheduler.running":false,"pty.scheduler.worker_count":1}}
# {"timestamp":"2026-04-22T14:40:02.372Z","level":"info","service":"my-module","event":"metric.histogram","name":"control_center_operation_duration_ms","value":0,"unit":"ms","attributes":{"operation":"pty.scheduler.status","route":"/api/pty/scheduler/status","method":"GET"}}
# {"timestamp":"2026-04-22T14:40:02.372Z","level":"info","service":"my-module","event":"control_center.operation","trace_id":"49f0648c24a14ffa811a3ee4fa7b29de","parent_span_id":"570a75c7d0854989","span_id":"e000a440de6b4e16","correlation_id":"19e143a7-84bd-4c79-bda0-d8302122ff9a","request_id":"19e143a7-84bd-4c79-bda0-d8302122ff9a","operation":"pty.scheduler.status","route":"/api/pty/scheduler/status","method":"GET","duration_ms":0,"message":"ok","pty.scheduler.running":false,"pty.scheduler.worker_count":1}
# {"timestamp":"2026-04-22T14:40:02.372Z","level":"warn","service":"my-module","event":"server.draining","reason":"test","drain_started_at":"2026-04-22T14:40:02.372Z"}
# Subtest: [dynamic frontend server smoke] node server renders dynamic frontend surfaces and keeps planning api alive
ok 37 - [dynamic frontend server smoke] node server renders dynamic frontend surfaces and keeps planning api alive
  ---
  duration_ms: 11732.615004
  type: 'test'
  ...
# {"timestamp":"2026-04-22T14:40:02.377Z","level":"info","service":"my-module","event":"metric.counter","name":"pty_bridge_failures_total","delta":1,"total":1,"attributes":{"route":"/api/pty/send","method":"POST","reason":"missing_pts"}}
# {"timestamp":"2026-04-22T14:40:02.377Z","level":"info","service":"my-module","event":"span.end","trace_id":"f83d957bde814f8e9cbb0359dfc23b28","span_id":"d4058ee932944cdc","parent_span_id":"1c69bad4f1914534","name":"pty.bridge.send","duration_ms":0,"status":"error","attributes":{"http.route":"/api/pty/send","http.request.method":"POST","code.function":"createAppHandler","exception.type":"Error","exception.message":"pts required","control_center.operation.duration_ms":0,"pty.send.reason":"missing_pts"}}
# {"timestamp":"2026-04-22T14:40:02.377Z","level":"info","service":"my-module","event":"metric.histogram","name":"control_center_operation_duration_ms","value":0,"unit":"ms","attributes":{"operation":"pty.bridge.send","route":"/api/pty/send","method":"POST","error":true}}
# {"timestamp":"2026-04-22T14:40:02.377Z","level":"info","service":"my-module","event":"control_center.operation.failed","trace_id":"f83d957bde814f8e9cbb0359dfc23b28","parent_span_id":"1c69bad4f1914534","span_id":"d4058ee932944cdc","correlation_id":"20323d2d-1ea2-446f-b0f5-b198b624f5d8","request_id":"20323d2d-1ea2-446f-b0f5-b198b624f5d8","operation":"pty.bridge.send","route":"/api/pty/send","method":"POST","duration_ms":0,"error_message":"pts required","pty.send.reason":"missing_pts"}
# {"timestamp":"2026-04-22T14:40:03.552Z","level":"info","service":"my-module","event":"metric.counter","name":"pty_bridge_failures_total","delta":1,"total":2,"attributes":{"route":"/api/pty/send","method":"POST","reason":"unknown_pts"}}
# {"timestamp":"2026-04-22T14:40:03.552Z","level":"info","service":"my-module","event":"span.end","trace_id":"19bd9df9690d4e4e8789938571435fd3","span_id":"aace770bd47a4c12","parent_span_id":"633cab15ff744d26","name":"pty.bridge.send","duration_ms":0,"status":"error","attributes":{"http.route":"/api/pty/send","http.request.method":"POST","code.function":"createAppHandler","exception.type":"Error","exception.message":"unknown pts","control_center.operation.duration_ms":0,"pty.send.reason":"unknown_pts","pty.session.pts":"/dev/pts/99999"}}
# {"timestamp":"2026-04-22T14:40:03.552Z","level":"info","service":"my-module","event":"metric.histogram","name":"control_center_operation_duration_ms","value":0,"unit":"ms","attributes":{"operation":"pty.bridge.send","route":"/api/pty/send","method":"POST","error":true}}
# {"timestamp":"2026-04-22T14:40:03.552Z","level":"info","service":"my-module","event":"control_center.operation.failed","trace_id":"19bd9df9690d4e4e8789938571435fd3","parent_span_id":"633cab15ff744d26","span_id":"aace770bd47a4c12","correlation_id":"ddceb53f-ccf2-4b5f-aad3-31f240b70928","request_id":"ddceb53f-ccf2-4b5f-aad3-31f240b70928","operation":"pty.bridge.send","route":"/api/pty/send","method":"POST","duration_ms":0,"error_message":"unknown pts","pty.send.reason":"unknown_pts","pty.session.pts":"/dev/pts/99999"}
# {"timestamp":"2026-04-22T14:40:04.634Z","level":"warn","service":"my-module","event":"server.draining","reason":"test","drain_started_at":"2026-04-22T14:40:04.634Z"}
# Subtest: [dynamic frontend server smoke] PTY send errors return RFC 7807 Problem Details
ok 38 - [dynamic frontend server smoke] PTY send errors return RFC 7807 Problem Details
  ---
  duration_ms: 2260.237147
  type: 'test'
  ...
# Subtest: [env-init] --dry-run outputs scaffold without writing file
ok 39 - [env-init] --dry-run outputs scaffold without writing file
  ---
  duration_ms: 32.04369
  type: 'test'
  ...
# Subtest: [env-init] generates .env scaffold in empty temp directory
ok 40 - [env-init] generates .env scaffold in empty temp directory
  ---
  duration_ms: 26.246127
  type: 'test'
  ...
# Subtest: [env-init] preserves existing active settings on incremental add
ok 41 - [env-init] preserves existing active settings on incremental add
  ---
  duration_ms: 21.871862
  type: 'test'
  ...
# Subtest: [env-init] groups flags into released/internal sections when metadata.json is present
ok 42 - [env-init] groups flags into released/internal sections when metadata.json is present
  ---
  duration_ms: 22.64917
  type: 'test'
  ...
# Subtest: [env-init] --force rewrites .env and creates .env.bak
ok 43 - [env-init] --force rewrites .env and creates .env.bak
  ---
  duration_ms: 22.703612
  type: 'test'
  ...
# (node:14526) ExperimentalWarning: SQLite is an experimental feature and might change at any time
# (Use `node --trace-warnings ...` to show where the warning was created)
# {"timestamp":"2026-04-22T14:39:50.692Z","level":"warn","service":"my-module","event":"server.draining","reason":"manual","drain_started_at":"2026-04-22T14:39:50.692Z"}
# {"timestamp":"2026-04-22T14:39:50.695Z","level":"warn","service":"my-module","event":"server.draining","reason":"manual","drain_started_at":"2026-04-22T14:39:50.695Z"}
# Subtest: [eventbus wiring smoke] task 생성 후 domain-events ring buffer에 이벤트가 기록된다
ok 44 - [eventbus wiring smoke] task 생성 후 domain-events ring buffer에 이벤트가 기록된다
  ---
  duration_ms: 22.065959
  type: 'test'
  ...
# Subtest: [eventbus wiring smoke] EventBus.getInstance()는 서버 시작 후 항상 동일 인스턴스
ok 45 - [eventbus wiring smoke] EventBus.getInstance()는 서버 시작 후 항상 동일 인스턴스
  ---
  duration_ms: 1.589939
  type: 'test'
  ...
# Subtest: [exception packet] bounded extra context becomes a packet draft
ok 46 - [exception packet] bounded extra context becomes a packet draft
  ---
  duration_ms: 54.635503
  type: 'test'
  ...
# Subtest: [exception replay] allowed exception context is summarized for study and next actions
ok 47 - [exception replay] allowed exception context is summarized for study and next actions
  ---
  duration_ms: 49.082478
  type: 'test'
  ...
# Subtest: [exception routing] exception replay becomes routing patch suggestions
ok 48 - [exception routing] exception replay becomes routing patch suggestions
  ---
  duration_ms: 50.458702
  type: 'test'
  ...
# Subtest: [context bundle export] current-wp and routing profile become a minimal read bundle
ok 49 - [context bundle export] current-wp and routing profile become a minimal read bundle
  ---
  duration_ms: 52.558852
  type: 'test'
  ...
# Subtest: [context lock] exact file manifest is exported for minimal read tiers
ok 50 - [context lock] exact file manifest is exported for minimal read tiers
  ---
  duration_ms: 56.475762
  type: 'test'
  ...
# [FeatureFlagProvider] ENV override: billing.enabled=true (via WOS_FLAG_BILLING_ENABLED) — rollout bypassed
# [FeatureFlagProvider] ENV override: enable_task_management=true (via WOS_FLAG_ENABLE_TASK_MANAGEMENT) — rollout bypassed
# [FeatureFlagProvider] ENV override: enable_debug_mode=false (via WOS_FLAG_ENABLE_DEBUG_MODE) — rollout bypassed
# [FeatureFlagProvider] ENV override: my_feature=true (via WOS_FLAG_MY_FEATURE) — rollout bypassed
# Subtest: [feature flags] evaluates metadata, targeting, hooks, and stale state
ok 51 - [feature flags] evaluates metadata, targeting, hooks, and stale state
  ---
  duration_ms: 4.005852
  type: 'test'
  ...
# Subtest: [feature flags] WOS_FLAG_ env override activates declared flags without creating phantom flags
ok 52 - [feature flags] WOS_FLAG_ env override activates declared flags without creating phantom flags
  ---
  duration_ms: 1.219267
  type: 'test'
  ...
# Subtest: [feature flags] WOS_FLAG_ env override can also disable a yaml-enabled flag
ok 53 - [feature flags] WOS_FLAG_ env override can also disable a yaml-enabled flag
  ---
  duration_ms: 0.529699
  type: 'test'
  ...
# Subtest: [feature flags] WOS_FLAG_ env override bypasses rollout percentage — full env activation
ok 54 - [feature flags] WOS_FLAG_ env override bypasses rollout percentage — full env activation
  ---
  duration_ms: 0.554561
  type: 'test'
  ...
# Subtest: [harness contract smoke] provider adapter contract baseline validates
ok 55 - [harness contract smoke] provider adapter contract baseline validates
  ---
  duration_ms: 133.24147
  type: 'test'
  ...
# Subtest: [harness evals smoke] offline harness eval runner emits a report artifact
ok 56 - [harness evals smoke] offline harness eval runner emits a report artifact
  ---
  duration_ms: 25.297494
  type: 'test'
  ...
# (node:14684) ExperimentalWarning: SQLite is an experimental feature and might change at any time
# (Use `node --trace-warnings ...` to show where the warning was created)
# Subtest: [harness live provider] HARNESS_PROVIDER=openai selects openai-responses chain
ok 57 - [harness live provider] HARNESS_PROVIDER=openai selects openai-responses chain
  ---
  duration_ms: 1.04628
  type: 'test'
  ...
# Subtest: [harness live provider] no HARNESS_PROVIDER uses null fallback chain
ok 58 - [harness live provider] no HARNESS_PROVIDER uses null fallback chain
  ---
  duration_ms: 0.218577
  type: 'test'
  ...
# {"timestamp":"2026-04-22T14:39:50.929Z","level":"info","service":"my-module","event":"span.end","trace_id":"5a209debdebf40d38fd34dd023c17886","span_id":"ffedcc443e7749da","parent_span_id":null,"name":"harness.provider.route","duration_ms":0,"status":"ok","attributes":{"harness.route.id":"mini-build","harness.route.mode":"Build","harness.route.tier":"mini"}}
# {"timestamp":"2026-04-22T14:39:50.930Z","level":"info","service":"my-module","event":"span.end","trace_id":"02cd8cbd6ed54affadf781d5474576f7","span_id":"72881f31b30849ad","parent_span_id":null,"name":"harness.provider.invoke","duration_ms":1,"status":"error","attributes":{"harness.provider.id":"openai-responses","harness.route.id":"mini-build","harness.route.mode":"Build","exception.type":"Error","exception.message":"OpenAI provider requester or API key is not configured"}}
# {"timestamp":"2026-04-22T14:39:50.930Z","level":"warn","service":"my-module","event":"harness.provider.invoke_failed","correlation_id":"bdb2cb24-8278-4fab-9d37-7dcf7c0d4c1f","request_id":"bdb2cb24-8278-4fab-9d37-7dcf7c0d4c1f","provider_id":"openai-responses","route_id":"mini-build","error_code":"PROVIDER_NOT_CONFIGURED","error_message":"OpenAI provider requester or API key is not configured"}
# {"timestamp":"2026-04-22T14:39:50.930Z","level":"info","service":"my-module","event":"span.end","trace_id":"cf64e34e98d04c9a9041c380c891b6dd","span_id":"06eeba2266c348d4","parent_span_id":null,"name":"harness.provider.fallback","duration_ms":0,"status":"ok","attributes":{"harness.provider.from":"openai-responses","harness.provider.to":"null-harness-provider","harness.provider.reason":"PROVIDER_NOT_CONFIGURED"}}
# {"timestamp":"2026-04-22T14:39:50.930Z","level":"info","service":"my-module","event":"metric.histogram","name":"gen_ai_client_operation_duration_ms","value":0,"unit":"ms","attributes":{"provider_id":"null-harness-provider","route_id":"mini-build","mode":"Build"}}
# {"timestamp":"2026-04-22T14:39:50.931Z","level":"info","service":"my-module","event":"metric.counter","name":"gen_ai_client_input_tokens","delta":20,"total":20,"attributes":{"provider_id":"null-harness-provider","route_id":"mini-build","mode":"Build"}}
# {"timestamp":"2026-04-22T14:39:50.931Z","level":"info","service":"my-module","event":"metric.counter","name":"gen_ai_client_output_tokens","delta":1,"total":1,"attributes":{"provider_id":"null-harness-provider","route_id":"mini-build","mode":"Build"}}
# {"timestamp":"2026-04-22T14:39:50.931Z","level":"info","service":"my-module","event":"span.end","trace_id":"0b3c31036fc64777ac22ecbdd42d2d86","span_id":"b0ef8b0a279c46d4","parent_span_id":null,"name":"harness.provider.invoke","duration_ms":1,"status":"ok","attributes":{"harness.provider.id":"null-harness-provider","harness.route.id":"mini-build","harness.route.mode":"Build","harness.provider.fallback_applied":true,"harness.provider.model":"null-mini"}}
# {"timestamp":"2026-04-22T14:39:50.931Z","level":"info","service":"my-module","event":"harness.provider.invoke","correlation_id":"bdb2cb24-8278-4fab-9d37-7dcf7c0d4c1f","request_id":"bdb2cb24-8278-4fab-9d37-7dcf7c0d4c1f","provider_id":"null-harness-provider","model":"null-mini","route_id":"mini-build","reasoning_effort":"medium","prompt_version":"0.2.0","retry_count":0,"fallback_applied":true,"latency_ms":0,"input_tokens":20,"output_tokens":1}
# {"timestamp":"2026-04-22T14:39:50.931Z","level":"info","service":"my-module","event":"metric.counter","name":"control_center_prompt_recommendations_total","delta":1,"total":1,"attributes":{}}
# {"timestamp":"2026-04-22T14:39:50.931Z","level":"info","service":"my-module","event":"span.end","trace_id":"c676b74a3c4b4384ac95bd006fcf362a","span_id":"191d2f4a927d40a6","parent_span_id":"e5e1d62a1f4b4204","name":"harness.prompt_recommendation","duration_ms":2,"status":"ok","attributes":{"http.route":"/api/harness/prompt-recommendation","http.request.method":"POST","code.function":"createAppHandler","control_center.operation.duration_ms":2,"harness.mode":"Build","harness.route_id":"mini-build","harness.provider_id":"null-harness-provider","harness.fallback_applied":"true"}}
# {"timestamp":"2026-04-22T14:39:50.931Z","level":"info","service":"my-module","event":"metric.histogram","name":"control_center_operation_duration_ms","value":2,"unit":"ms","attributes":{"operation":"harness.prompt_recommendation","route":"/api/harness/prompt-recommendation","method":"POST"}}
# {"timestamp":"2026-04-22T14:39:50.932Z","level":"info","service":"my-module","event":"control_center.operation","trace_id":"c676b74a3c4b4384ac95bd006fcf362a","parent_span_id":"e5e1d62a1f4b4204","span_id":"191d2f4a927d40a6","correlation_id":"bdb2cb24-8278-4fab-9d37-7dcf7c0d4c1f","request_id":"bdb2cb24-8278-4fab-9d37-7dcf7c0d4c1f","operation":"harness.prompt_recommendation","route":"/api/harness/prompt-recommendation","method":"POST","duration_ms":2,"message":"ok","harness.mode":"Build","harness.route_id":"mini-build","harness.provider_id":"null-harness-provider","harness.fallback_applied":"true"}
# {"timestamp":"2026-04-22T14:39:50.937Z","level":"warn","service":"my-module","event":"server.draining","reason":"test","drain_started_at":"2026-04-22T14:39:50.937Z"}
# Subtest: [harness live provider] HARNESS_PROVIDER=openai with no key returns null fallback on HTTP surface
ok 59 - [harness live provider] HARNESS_PROVIDER=openai with no key returns null fallback on HTTP surface
  ---
  duration_ms: 45.444339
  type: 'test'
  ...
# (node:14702) ExperimentalWarning: SQLite is an experimental feature and might change at any time
# (Use `node --trace-warnings ...` to show where the warning was created)
# {"timestamp":"2026-04-22T14:39:50.947Z","level":"info","service":"my-module","event":"span.end","trace_id":"556f61048447422c949870f568c01bd7","span_id":"deb38a25583248f6","parent_span_id":null,"name":"harness.provider.route","duration_ms":0,"status":"ok","attributes":{"harness.route.id":"mini-build","harness.route.mode":"Build","harness.route.tier":"mini"}}
# {"timestamp":"2026-04-22T14:39:50.947Z","level":"info","service":"my-module","event":"span.end","trace_id":"6e11679a280f436eab33252a87f48674","span_id":"927192a661644805","parent_span_id":null,"name":"harness.provider.invoke","duration_ms":0,"status":"error","attributes":{"harness.provider.id":"openai-responses","harness.route.id":"mini-build","harness.route.mode":"Build","exception.type":"Error","exception.message":"OpenAI provider requester or API key is not configured"}}
# {"timestamp":"2026-04-22T14:39:50.947Z","level":"warn","service":"my-module","event":"harness.provider.invoke_failed","correlation_id":"715c769c-1769-41ef-8e87-e84aac104585","request_id":"715c769c-1769-41ef-8e87-e84aac104585","provider_id":"openai-responses","route_id":"mini-build","error_code":"PROVIDER_NOT_CONFIGURED","error_message":"OpenAI provider requester or API key is not configured"}
# {"timestamp":"2026-04-22T14:39:50.950Z","level":"info","service":"my-module","event":"span.end","trace_id":"f5ae7601051247e89b2565ad9d01b500","span_id":"006e1349a93c492d","parent_span_id":null,"name":"harness.provider.fallback","duration_ms":0,"status":"ok","attributes":{"harness.provider.from":"openai-responses","harness.provider.to":"null-harness-provider","harness.provider.reason":"PROVIDER_NOT_CONFIGURED"}}
# {"timestamp":"2026-04-22T14:39:50.951Z","level":"info","service":"my-module","event":"metric.histogram","name":"gen_ai_client_operation_duration_ms","value":0,"unit":"ms","attributes":{"provider_id":"null-harness-provider","route_id":"mini-build","mode":"Build"}}
# {"timestamp":"2026-04-22T14:39:50.951Z","level":"info","service":"my-module","event":"metric.counter","name":"gen_ai_client_input_tokens","delta":20,"total":20,"attributes":{"provider_id":"null-harness-provider","route_id":"mini-build","mode":"Build"}}
# {"timestamp":"2026-04-22T14:39:50.951Z","level":"info","service":"my-module","event":"metric.counter","name":"gen_ai_client_output_tokens","delta":1,"total":1,"attributes":{"provider_id":"null-harness-provider","route_id":"mini-build","mode":"Build"}}
# {"timestamp":"2026-04-22T14:39:50.951Z","level":"info","service":"my-module","event":"span.end","trace_id":"ff555e93a38c4868a217befe1222634f","span_id":"b0d9b7153bb64e88","parent_span_id":null,"name":"harness.provider.invoke","duration_ms":0,"status":"ok","attributes":{"harness.provider.id":"null-harness-provider","harness.route.id":"mini-build","harness.route.mode":"Build","harness.provider.fallback_applied":true,"harness.provider.model":"null-mini"}}
# {"timestamp":"2026-04-22T14:39:50.951Z","level":"info","service":"my-module","event":"harness.provider.invoke","correlation_id":"715c769c-1769-41ef-8e87-e84aac104585","request_id":"715c769c-1769-41ef-8e87-e84aac104585","provider_id":"null-harness-provider","model":"null-mini","route_id":"mini-build","reasoning_effort":"medium","prompt_version":"0.2.0","retry_count":0,"fallback_applied":true,"latency_ms":0,"input_tokens":20,"output_tokens":1}
# {"timestamp":"2026-04-22T14:39:50.952Z","level":"info","service":"my-module","event":"metric.counter","name":"control_center_prompt_recommendations_total","delta":1,"total":1,"attributes":{}}
# {"timestamp":"2026-04-22T14:39:50.952Z","level":"info","service":"my-module","event":"span.end","trace_id":"4c1aeec06c7549008b1f22823bdcf809","span_id":"5ec2bd206b2849f8","parent_span_id":"db426e5ce05c4c1c","name":"harness.prompt_recommendation","duration_ms":6,"status":"ok","attributes":{"http.route":"/api/harness/prompt-recommendation","http.request.method":"POST","code.function":"createAppHandler","control_center.operation.duration_ms":6,"harness.mode":"Build","harness.route_id":"mini-build","harness.provider_id":"null-harness-provider","harness.fallback_applied":"true"}}
# {"timestamp":"2026-04-22T14:39:50.952Z","level":"info","service":"my-module","event":"metric.histogram","name":"control_center_operation_duration_ms","value":6,"unit":"ms","attributes":{"operation":"harness.prompt_recommendation","route":"/api/harness/prompt-recommendation","method":"POST"}}
# {"timestamp":"2026-04-22T14:39:50.952Z","level":"info","service":"my-module","event":"control_center.operation","trace_id":"4c1aeec06c7549008b1f22823bdcf809","parent_span_id":"db426e5ce05c4c1c","span_id":"5ec2bd206b2849f8","correlation_id":"715c769c-1769-41ef-8e87-e84aac104585","request_id":"715c769c-1769-41ef-8e87-e84aac104585","operation":"harness.prompt_recommendation","route":"/api/harness/prompt-recommendation","method":"POST","duration_ms":6,"message":"ok","harness.mode":"Build","harness.route_id":"mini-build","harness.provider_id":"null-harness-provider","harness.fallback_applied":"true"}
# {"timestamp":"2026-04-22T14:39:50.958Z","level":"warn","service":"my-module","event":"server.draining","reason":"test","drain_started_at":"2026-04-22T14:39:50.958Z"}
# Subtest: [harness provider failure smoke] no-secret openai preference falls back to null provider on HTTP surface
ok 60 - [harness provider failure smoke] no-secret openai preference falls back to null provider on HTTP surface
  ---
  duration_ms: 55.636995
  type: 'test'
  ...
# {"timestamp":"2026-04-22T14:39:50.966Z","level":"info","service":"my-module","event":"span.end","trace_id":"880af78c1b3f474e800c029949852359","span_id":"675630a6a3bb4f17","parent_span_id":null,"name":"harness.provider.route","duration_ms":0,"status":"ok","attributes":{"harness.route.id":"mini-build","harness.route.mode":"Build","harness.route.tier":"mini"}}
# {"timestamp":"2026-04-22T14:39:50.966Z","level":"info","service":"my-module","event":"span.end","trace_id":"980971b70023476d926f5d0ee134a241","span_id":"c51a19998e724fe3","parent_span_id":null,"name":"harness.provider.invoke","duration_ms":0,"status":"error","attributes":{"harness.provider.id":"throwing-PROVIDER_SCHEMA_MISMATCH","harness.route.id":"mini-build","harness.route.mode":"Build","exception.type":"Error","exception.message":"provider payload invalid"}}
# {"timestamp":"2026-04-22T14:39:50.966Z","level":"warn","service":"my-module","event":"harness.provider.invoke_failed","correlation_id":"37fe05e4-435e-4107-8bd6-01ed82e8ac13","request_id":"37fe05e4-435e-4107-8bd6-01ed82e8ac13","provider_id":"throwing-PROVIDER_SCHEMA_MISMATCH","route_id":"mini-build","error_code":"PROVIDER_SCHEMA_MISMATCH","error_message":"provider payload invalid"}
# {"timestamp":"2026-04-22T14:39:50.966Z","level":"info","service":"my-module","event":"span.end","trace_id":"2840f9cf331d4c28a80b4d78c8dee572","span_id":"48b2451062f4471a","parent_span_id":"0a7f66cdd24c4331","name":"harness.prompt_recommendation","duration_ms":0,"status":"error","attributes":{"http.route":"/api/harness/prompt-recommendation","http.request.method":"POST","code.function":"createAppHandler","exception.type":"Error","exception.message":"provider payload invalid","control_center.operation.duration_ms":0,"harness.mode":"Build"}}
# {"timestamp":"2026-04-22T14:39:50.966Z","level":"info","service":"my-module","event":"metric.histogram","name":"control_center_operation_duration_ms","value":0,"unit":"ms","attributes":{"operation":"harness.prompt_recommendation","route":"/api/harness/prompt-recommendation","method":"POST","error":true}}
# {"timestamp":"2026-04-22T14:39:50.966Z","level":"info","service":"my-module","event":"control_center.operation.failed","trace_id":"2840f9cf331d4c28a80b4d78c8dee572","parent_span_id":"0a7f66cdd24c4331","span_id":"48b2451062f4471a","correlation_id":"37fe05e4-435e-4107-8bd6-01ed82e8ac13","request_id":"37fe05e4-435e-4107-8bd6-01ed82e8ac13","operation":"harness.prompt_recommendation","route":"/api/harness/prompt-recommendation","method":"POST","duration_ms":0,"error_message":"provider payload invalid","harness.mode":"Build"}
# {"timestamp":"2026-04-22T14:39:50.967Z","level":"warn","service":"my-module","event":"server.draining","reason":"test","drain_started_at":"2026-04-22T14:39:50.967Z"}
# Subtest: [harness provider failure smoke] schema mismatch returns structured 500 without null fallback
ok 61 - [harness provider failure smoke] schema mismatch returns structured 500 without null fallback
  ---
  duration_ms: 8.308414
  type: 'test'
  ...
# {"timestamp":"2026-04-22T14:39:50.972Z","level":"info","service":"my-module","event":"span.end","trace_id":"2fd55d47bca74a5f85afe3ba5ac29926","span_id":"06e184c4e58945e8","parent_span_id":null,"name":"harness.provider.route","duration_ms":0,"status":"ok","attributes":{"harness.route.id":"mini-build","harness.route.mode":"Build","harness.route.tier":"mini"}}
# {"timestamp":"2026-04-22T14:39:50.972Z","level":"info","service":"my-module","event":"span.end","trace_id":"8f6f9602683945899afef633886c7d11","span_id":"d0b836ff63394209","parent_span_id":null,"name":"harness.provider.invoke","duration_ms":0,"status":"error","attributes":{"harness.provider.id":"throwing-PROVIDER_UNAVAILABLE","harness.route.id":"mini-build","harness.route.mode":"Build","exception.type":"Error","exception.message":"provider outage"}}
# {"timestamp":"2026-04-22T14:39:50.972Z","level":"warn","service":"my-module","event":"harness.provider.invoke_failed","correlation_id":"893c44dd-5f3f-4c6d-94b1-41a6e40f3c34","request_id":"893c44dd-5f3f-4c6d-94b1-41a6e40f3c34","provider_id":"throwing-PROVIDER_UNAVAILABLE","route_id":"mini-build","error_code":"PROVIDER_UNAVAILABLE","error_message":"provider outage"}
# {"timestamp":"2026-04-22T14:39:50.972Z","level":"info","service":"my-module","event":"span.end","trace_id":"6c4a16b31672432aaa82a89f86baa6a7","span_id":"9f2dcccf9aa8464c","parent_span_id":null,"name":"harness.provider.fallback","duration_ms":0,"status":"ok","attributes":{"harness.provider.from":"throwing-PROVIDER_UNAVAILABLE","harness.provider.to":"throwing-PROVIDER_UNAVAILABLE","harness.provider.reason":"PROVIDER_UNAVAILABLE"}}
# {"timestamp":"2026-04-22T14:39:50.972Z","level":"info","service":"my-module","event":"span.end","trace_id":"67bdf9f7add143f1b459e935274d68f9","span_id":"69d93933274244df","parent_span_id":null,"name":"harness.provider.invoke","duration_ms":0,"status":"error","attributes":{"harness.provider.id":"throwing-PROVIDER_UNAVAILABLE","harness.route.id":"mini-build","harness.route.mode":"Build","exception.type":"Error","exception.message":"provider outage"}}
# {"timestamp":"2026-04-22T14:39:50.973Z","level":"warn","service":"my-module","event":"harness.provider.invoke_failed","correlation_id":"893c44dd-5f3f-4c6d-94b1-41a6e40f3c34","request_id":"893c44dd-5f3f-4c6d-94b1-41a6e40f3c34","provider_id":"throwing-PROVIDER_UNAVAILABLE","route_id":"mini-build","error_code":"PROVIDER_UNAVAILABLE","error_message":"provider outage"}
# {"timestamp":"2026-04-22T14:39:50.973Z","level":"info","service":"my-module","event":"span.end","trace_id":"dd2b93955a904e0c96686f07af075702","span_id":"347a665db3a94d83","parent_span_id":"45c89343e16341e6","name":"harness.prompt_recommendation","duration_ms":1,"status":"error","attributes":{"http.route":"/api/harness/prompt-recommendation","http.request.method":"POST","code.function":"createAppHandler","exception.type":"Error","exception.message":"provider outage","control_center.operation.duration_ms":1,"harness.mode":"Build"}}
# {"timestamp":"2026-04-22T14:39:50.973Z","level":"info","service":"my-module","event":"metric.histogram","name":"control_center_operation_duration_ms","value":1,"unit":"ms","attributes":{"operation":"harness.prompt_recommendation","route":"/api/harness/prompt-recommendation","method":"POST","error":true}}
# {"timestamp":"2026-04-22T14:39:50.973Z","level":"info","service":"my-module","event":"control_center.operation.failed","trace_id":"dd2b93955a904e0c96686f07af075702","parent_span_id":"45c89343e16341e6","span_id":"347a665db3a94d83","correlation_id":"893c44dd-5f3f-4c6d-94b1-41a6e40f3c34","request_id":"893c44dd-5f3f-4c6d-94b1-41a6e40f3c34","operation":"harness.prompt_recommendation","route":"/api/harness/prompt-recommendation","method":"POST","duration_ms":1,"error_message":"provider outage","harness.mode":"Build"}
# {"timestamp":"2026-04-22T14:39:50.973Z","level":"warn","service":"my-module","event":"server.draining","reason":"test","drain_started_at":"2026-04-22T14:39:50.973Z"}
# Subtest: [harness provider failure smoke] provider outage returns structured 503
ok 62 - [harness provider failure smoke] provider outage returns structured 503
  ---
  duration_ms: 5.946688
  type: 'test'
  ...
# Subtest: [harness release smoke] release evidence includes prompt version and rollback metadata
ok 63 - [harness release smoke] release evidence includes prompt version and rollback metadata
  ---
  duration_ms: 236.814425
  type: 'test'
  ...
# Subtest: [harness routing smoke] cost and latency routing baseline validates
ok 64 - [harness routing smoke] cost and latency routing baseline validates
  ---
  duration_ms: 27.38416
  type: 'test'
  ...
# Subtest: [harness security smoke] trust-boundary and red-team baseline validate
ok 65 - [harness security smoke] trust-boundary and red-team baseline validate
  ---
  duration_ms: 25.266705
  type: 'test'
  ...
# Subtest: [kickoff evidence] kickoff surfaces are bundled into one evidence artifact
ok 66 - [kickoff evidence] kickoff surfaces are bundled into one evidence artifact
  ---
  duration_ms: 1137.273824
  type: 'test'
  ...
# Subtest: [kickoff ready gate] kickoff evidence becomes a single ready review blocked signal
ok 67 - [kickoff ready gate] kickoff evidence becomes a single ready review blocked signal
  ---
  duration_ms: 1130.661655
  type: 'test'
  ...
# Subtest: [launch brief autopilot] kickoff and starter evidence become one launch recommendation
ok 68 - [launch brief autopilot] kickoff and starter evidence become one launch recommendation
  ---
  duration_ms: 1408.483525
  type: 'test'
  ...
# Subtest: [learned preset memory] decision/apply history becomes reusable preset memory
ok 69 - [learned preset memory] decision/apply history becomes reusable preset memory
  ---
  duration_ms: 972.147019
  type: 'test'
  ...
# Subtest: [master planner] bundles per-screen UI guides for operators and planners
ok 70 - [master planner] bundles per-screen UI guides for operators and planners
  ---
  duration_ms: 418.3611
  type: 'test'
  ...
# Subtest: [master shell smoke] benchmark catalog and planner composition validate together
ok 71 - [master shell smoke] benchmark catalog and planner composition validate together
  ---
  duration_ms: 285.563256
  type: 'test'
  ...
# Subtest: [mindmap control center smoke] integrated control center is generated with plan board and module workbench
ok 72 - [mindmap control center smoke] integrated control center is generated with plan board and module workbench
  ---
  duration_ms: 915.045307
  type: 'test'
  ...
# (node:14904) ExperimentalWarning: SQLite is an experimental feature and might change at any time
# (Use `node --trace-warnings ...` to show where the warning was created)
# {"timestamp":"2026-04-22T14:39:51.327Z","level":"info","service":"my-module","event":"metric.counter","name":"pty_bridge_sessions_read_total","delta":1,"total":1,"attributes":{"route":"/api/pty/sessions","method":"GET"}}
# {"timestamp":"2026-04-22T14:39:51.327Z","level":"info","service":"my-module","event":"span.end","trace_id":"1f0936eb98654270890210ab47526d92","span_id":"f4e092f053fa4d35","parent_span_id":"e447cdb062a3495f","name":"pty.bridge.sessions","duration_ms":0,"status":"ok","attributes":{"http.route":"/api/pty/sessions","http.request.method":"GET","code.function":"createAppHandler","control_center.operation.duration_ms":0,"pty.session.count":1}}
# {"timestamp":"2026-04-22T14:39:51.327Z","level":"info","service":"my-module","event":"metric.histogram","name":"control_center_operation_duration_ms","value":0,"unit":"ms","attributes":{"operation":"pty.bridge.sessions","route":"/api/pty/sessions","method":"GET"}}
# {"timestamp":"2026-04-22T14:39:51.327Z","level":"info","service":"my-module","event":"control_center.operation","trace_id":"1f0936eb98654270890210ab47526d92","parent_span_id":"e447cdb062a3495f","span_id":"f4e092f053fa4d35","correlation_id":"fa48915f-f7cf-481e-a141-90a0b11d1fa2","request_id":"fa48915f-f7cf-481e-a141-90a0b11d1fa2","operation":"pty.bridge.sessions","route":"/api/pty/sessions","method":"GET","duration_ms":0,"message":"ok","pty.session.count":1}
# {"timestamp":"2026-04-22T14:39:51.335Z","level":"info","service":"my-module","event":"metric.counter","name":"pty_scheduler_start_total","delta":1,"total":1,"attributes":{"route":"/api/pty/scheduler/start","method":"POST"}}
# {"timestamp":"2026-04-22T14:39:51.335Z","level":"info","service":"my-module","event":"span.end","trace_id":"3cb3f838acbd4833ba6cecde855bc648","span_id":"d7cc407bd1e44f3a","parent_span_id":"fb1697a3713445f8","name":"pty.scheduler.start","duration_ms":0,"status":"ok","attributes":{"http.route":"/api/pty/scheduler/start","http.request.method":"POST","code.function":"createAppHandler","control_center.operation.duration_ms":0,"pty.scheduler.worker_count":2}}
# {"timestamp":"2026-04-22T14:39:51.335Z","level":"info","service":"my-module","event":"metric.histogram","name":"control_center_operation_duration_ms","value":0,"unit":"ms","attributes":{"operation":"pty.scheduler.start","route":"/api/pty/scheduler/start","method":"POST"}}
# {"timestamp":"2026-04-22T14:39:51.335Z","level":"info","service":"my-module","event":"control_center.operation","trace_id":"3cb3f838acbd4833ba6cecde855bc648","parent_span_id":"fb1697a3713445f8","span_id":"d7cc407bd1e44f3a","correlation_id":"33cbea5d-0a7d-4e7b-b6f5-9123226b4999","request_id":"33cbea5d-0a7d-4e7b-b6f5-9123226b4999","operation":"pty.scheduler.start","route":"/api/pty/scheduler/start","method":"POST","duration_ms":0,"message":"ok","pty.scheduler.worker_count":2}
# {"timestamp":"2026-04-22T14:39:53.105Z","level":"info","service":"my-module","event":"metric.counter","name":"pty_bridge_send_total","delta":1,"total":1,"attributes":{"route":"/api/pty/send-now","method":"POST","action":"prompt"}}
# {"timestamp":"2026-04-22T14:39:54.850Z","level":"warn","service":"my-module","event":"server.draining","reason":"test","drain_started_at":"2026-04-22T14:39:54.850Z"}
# Subtest: [mindmap control center browser interaction smoke] selected worker wiring reaches send-now runtime path
ok 73 - [mindmap control center browser interaction smoke] selected worker wiring reaches send-now runtime path
  ---
  duration_ms: 3571.035469
  type: 'test'
  ...
# {"timestamp":"2026-04-22T14:39:54.865Z","level":"info","service":"my-module","event":"metric.counter","name":"pty_bridge_sessions_read_total","delta":1,"total":2,"attributes":{"route":"/api/pty/sessions","method":"GET"}}
# {"timestamp":"2026-04-22T14:39:54.865Z","level":"info","service":"my-module","event":"span.end","trace_id":"0908ef7bf387454e9ccf411fc02ce70e","span_id":"22d78521bbc244ef","parent_span_id":"505b2ddc966849db","name":"pty.bridge.sessions","duration_ms":0,"status":"ok","attributes":{"http.route":"/api/pty/sessions","http.request.method":"GET","code.function":"createAppHandler","control_center.operation.duration_ms":0,"pty.session.count":1}}
# {"timestamp":"2026-04-22T14:39:54.865Z","level":"info","service":"my-module","event":"metric.histogram","name":"control_center_operation_duration_ms","value":0,"unit":"ms","attributes":{"operation":"pty.bridge.sessions","route":"/api/pty/sessions","method":"GET"}}
# {"timestamp":"2026-04-22T14:39:54.865Z","level":"info","service":"my-module","event":"control_center.operation","trace_id":"0908ef7bf387454e9ccf411fc02ce70e","parent_span_id":"505b2ddc966849db","span_id":"22d78521bbc244ef","correlation_id":"a5dbde15-cd29-4bb9-827e-44dad813d3a6","request_id":"a5dbde15-cd29-4bb9-827e-44dad813d3a6","operation":"pty.bridge.sessions","route":"/api/pty/sessions","method":"GET","duration_ms":0,"message":"ok","pty.session.count":1}
# {"timestamp":"2026-04-22T14:39:54.867Z","level":"info","service":"my-module","event":"metric.counter","name":"pty_scheduler_start_total","delta":1,"total":2,"attributes":{"route":"/api/pty/scheduler/start","method":"POST"}}
# {"timestamp":"2026-04-22T14:39:54.867Z","level":"info","service":"my-module","event":"span.end","trace_id":"0068d96c2afa4d42abf0d13ef141b84b","span_id":"377c0917fe2b4619","parent_span_id":"25c6e3f882c84b0a","name":"pty.scheduler.start","duration_ms":0,"status":"ok","attributes":{"http.route":"/api/pty/scheduler/start","http.request.method":"POST","code.function":"createAppHandler","control_center.operation.duration_ms":0,"pty.scheduler.worker_count":2}}
# {"timestamp":"2026-04-22T14:39:54.867Z","level":"info","service":"my-module","event":"metric.histogram","name":"control_center_operation_duration_ms","value":0,"unit":"ms","attributes":{"operation":"pty.scheduler.start","route":"/api/pty/scheduler/start","method":"POST"}}
# {"timestamp":"2026-04-22T14:39:54.867Z","level":"info","service":"my-module","event":"control_center.operation","trace_id":"0068d96c2afa4d42abf0d13ef141b84b","parent_span_id":"25c6e3f882c84b0a","span_id":"377c0917fe2b4619","correlation_id":"668d183f-bfe6-4441-8c5e-ca92e551000e","request_id":"668d183f-bfe6-4441-8c5e-ca92e551000e","operation":"pty.scheduler.start","route":"/api/pty/scheduler/start","method":"POST","duration_ms":0,"message":"ok","pty.scheduler.worker_count":2}
# {"timestamp":"2026-04-22T14:39:54.870Z","level":"info","service":"my-module","event":"metric.counter","name":"pty_bridge_send_total","delta":1,"total":2,"attributes":{"route":"/api/pty/send-now","method":"POST","action":"prompt"}}
# {"timestamp":"2026-04-22T14:39:54.872Z","level":"info","service":"my-module","event":"metric.counter","name":"pty_bridge_failures_total","delta":1,"total":1,"attributes":{"route":"/api/pty/send-now","method":"POST","reason":"scheduler_send_now_failed"}}
# {"timestamp":"2026-04-22T14:39:56.560Z","level":"warn","service":"my-module","event":"server.draining","reason":"test","drain_started_at":"2026-04-22T14:39:56.560Z"}
# Subtest: [mindmap control center browser interaction smoke] selected failing worker propagates runtime error details
ok 74 - [mindmap control center browser interaction smoke] selected failing worker propagates runtime error details
  ---
  duration_ms: 1709.331928
  type: 'test'
  ...
# {"timestamp":"2026-04-22T14:39:56.564Z","level":"info","service":"my-module","event":"metric.counter","name":"pty_bridge_sessions_read_total","delta":1,"total":3,"attributes":{"route":"/api/pty/sessions","method":"GET"}}
# {"timestamp":"2026-04-22T14:39:56.564Z","level":"info","service":"my-module","event":"span.end","trace_id":"7d77972413904e5ca8e27e0b70197110","span_id":"94932a96c98f42d0","parent_span_id":"cc49cfc5dcd74c2a","name":"pty.bridge.sessions","duration_ms":0,"status":"ok","attributes":{"http.route":"/api/pty/sessions","http.request.method":"GET","code.function":"createAppHandler","control_center.operation.duration_ms":0,"pty.session.count":1}}
# {"timestamp":"2026-04-22T14:39:56.564Z","level":"info","service":"my-module","event":"metric.histogram","name":"control_center_operation_duration_ms","value":0,"unit":"ms","attributes":{"operation":"pty.bridge.sessions","route":"/api/pty/sessions","method":"GET"}}
# {"timestamp":"2026-04-22T14:39:56.564Z","level":"info","service":"my-module","event":"control_center.operation","trace_id":"7d77972413904e5ca8e27e0b70197110","parent_span_id":"cc49cfc5dcd74c2a","span_id":"94932a96c98f42d0","correlation_id":"aeb0cd06-135d-4722-8023-0d1239414ddb","request_id":"aeb0cd06-135d-4722-8023-0d1239414ddb","operation":"pty.bridge.sessions","route":"/api/pty/sessions","method":"GET","duration_ms":0,"message":"ok","pty.session.count":1}
# {"timestamp":"2026-04-22T14:39:56.566Z","level":"info","service":"my-module","event":"metric.counter","name":"pty_scheduler_start_total","delta":1,"total":3,"attributes":{"route":"/api/pty/scheduler/start","method":"POST"}}
# {"timestamp":"2026-04-22T14:39:56.566Z","level":"info","service":"my-module","event":"span.end","trace_id":"6188d656cb00448985e8c929b97b640c","span_id":"c146ebfcd100489d","parent_span_id":"4ba1c0fea45442eb","name":"pty.scheduler.start","duration_ms":0,"status":"ok","attributes":{"http.route":"/api/pty/scheduler/start","http.request.method":"POST","code.function":"createAppHandler","control_center.operation.duration_ms":0,"pty.scheduler.worker_count":1}}
# {"timestamp":"2026-04-22T14:39:56.566Z","level":"info","service":"my-module","event":"metric.histogram","name":"control_center_operation_duration_ms","value":0,"unit":"ms","attributes":{"operation":"pty.scheduler.start","route":"/api/pty/scheduler/start","method":"POST"}}
# {"timestamp":"2026-04-22T14:39:56.566Z","level":"info","service":"my-module","event":"control_center.operation","trace_id":"6188d656cb00448985e8c929b97b640c","parent_span_id":"4ba1c0fea45442eb","span_id":"c146ebfcd100489d","correlation_id":"ed454229-3373-4577-8042-cd098a69d349","request_id":"ed454229-3373-4577-8042-cd098a69d349","operation":"pty.scheduler.start","route":"/api/pty/scheduler/start","method":"POST","duration_ms":0,"message":"ok","pty.scheduler.worker_count":1}
# {"timestamp":"2026-04-22T14:39:56.568Z","level":"info","service":"my-module","event":"metric.counter","name":"pty_bridge_send_total","delta":1,"total":3,"attributes":{"route":"/api/pty/send-now","method":"POST","action":"prompt"}}
# {"timestamp":"2026-04-22T14:39:56.570Z","level":"warn","service":"my-module","event":"server.draining","reason":"test","drain_started_at":"2026-04-22T14:39:56.570Z"}
# Subtest: [mindmap control center browser interaction smoke] send-now idempotency key replays completed response
ok 75 - [mindmap control center browser interaction smoke] send-now idempotency key replays completed response
  ---
  duration_ms: 9.986959
  type: 'test'
  ...
# {"timestamp":"2026-04-22T14:39:56.573Z","level":"info","service":"my-module","event":"metric.counter","name":"pty_bridge_sessions_read_total","delta":1,"total":4,"attributes":{"route":"/api/pty/sessions","method":"GET"}}
# {"timestamp":"2026-04-22T14:39:56.573Z","level":"info","service":"my-module","event":"span.end","trace_id":"e1826865af384574a1b4593479066bd5","span_id":"a469be1e9e784a13","parent_span_id":"f4433f307baf416c","name":"pty.bridge.sessions","duration_ms":0,"status":"ok","attributes":{"http.route":"/api/pty/sessions","http.request.method":"GET","code.function":"createAppHandler","control_center.operation.duration_ms":0,"pty.session.count":1}}
# {"timestamp":"2026-04-22T14:39:56.574Z","level":"info","service":"my-module","event":"metric.histogram","name":"control_center_operation_duration_ms","value":0,"unit":"ms","attributes":{"operation":"pty.bridge.sessions","route":"/api/pty/sessions","method":"GET"}}
# {"timestamp":"2026-04-22T14:39:56.574Z","level":"info","service":"my-module","event":"control_center.operation","trace_id":"e1826865af384574a1b4593479066bd5","parent_span_id":"f4433f307baf416c","span_id":"a469be1e9e784a13","correlation_id":"4107ae5f-bddb-4d6f-a2da-deffc57658b8","request_id":"4107ae5f-bddb-4d6f-a2da-deffc57658b8","operation":"pty.bridge.sessions","route":"/api/pty/sessions","method":"GET","duration_ms":0,"message":"ok","pty.session.count":1}
# {"timestamp":"2026-04-22T14:39:56.576Z","level":"info","service":"my-module","event":"metric.counter","name":"pty_scheduler_start_total","delta":1,"total":4,"attributes":{"route":"/api/pty/scheduler/start","method":"POST"}}
# {"timestamp":"2026-04-22T14:39:56.576Z","level":"info","service":"my-module","event":"span.end","trace_id":"b605b1c4c1a64997bfdbb357c1f6ba07","span_id":"5ee30bbc28d54311","parent_span_id":"ce035c541f9d4257","name":"pty.scheduler.start","duration_ms":0,"status":"ok","attributes":{"http.route":"/api/pty/scheduler/start","http.request.method":"POST","code.function":"createAppHandler","control_center.operation.duration_ms":0,"pty.scheduler.worker_count":2}}
# {"timestamp":"2026-04-22T14:39:56.576Z","level":"info","service":"my-module","event":"metric.histogram","name":"control_center_operation_duration_ms","value":0,"unit":"ms","attributes":{"operation":"pty.scheduler.start","route":"/api/pty/scheduler/start","method":"POST"}}
# {"timestamp":"2026-04-22T14:39:56.576Z","level":"info","service":"my-module","event":"control_center.operation","trace_id":"b605b1c4c1a64997bfdbb357c1f6ba07","parent_span_id":"ce035c541f9d4257","span_id":"5ee30bbc28d54311","correlation_id":"c99be156-0a21-4962-9ba1-d1cbe3c87204","request_id":"c99be156-0a21-4962-9ba1-d1cbe3c87204","operation":"pty.scheduler.start","route":"/api/pty/scheduler/start","method":"POST","duration_ms":0,"message":"ok","pty.scheduler.worker_count":2}
# {"timestamp":"2026-04-22T14:39:56.577Z","level":"info","service":"my-module","event":"metric.counter","name":"pty_bridge_send_total","delta":1,"total":4,"attributes":{"route":"/api/pty/enter-now","method":"POST","action":"enter"}}
# {"timestamp":"2026-04-22T14:39:56.577Z","level":"info","service":"my-module","event":"metric.counter","name":"pty_bridge_send_total","delta":1,"total":5,"attributes":{"route":"/api/pty/enter-now","method":"POST","action":"enter"}}
# {"timestamp":"2026-04-22T14:39:56.581Z","level":"info","service":"my-module","event":"metric.counter","name":"pty_bridge_send_total","delta":1,"total":6,"attributes":{"route":"/api/pty/enter-now","method":"POST","action":"enter"}}
# {"timestamp":"2026-04-22T14:39:58.111Z","level":"warn","service":"my-module","event":"server.draining","reason":"test","drain_started_at":"2026-04-22T14:39:58.111Z"}
# Subtest: [mindmap control center browser interaction smoke] enter-now worker_index targets single worker
ok 76 - [mindmap control center browser interaction smoke] enter-now worker_index targets single worker
  ---
  duration_ms: 1540.425377
  type: 'test'
  ...
# Subtest: [mindmap control center interaction smoke] worker selection is wired to immediate dispatch controls
ok 77 - [mindmap control center interaction smoke] worker selection is wired to immediate dispatch controls
  ---
  duration_ms: 910.895249
  type: 'test'
  ...
# (node:14960) ExperimentalWarning: SQLite is an experimental feature and might change at any time
# (Use `node --trace-warnings ...` to show where the warning was created)
# Subtest: [mindmap rebuild smoke] generateMindmapWorker.js 파일이 존재한다
ok 78 - [mindmap rebuild smoke] generateMindmapWorker.js 파일이 존재한다
  ---
  duration_ms: 0.60061
  type: 'test'
  ...
# Subtest: [mindmap rebuild smoke] POST /api/mindmap/rebuild — 200 + ok:true + durationMs
ok 79 - [mindmap rebuild smoke] POST /api/mindmap/rebuild — 200 + ok:true + durationMs
  ---
  duration_ms: 95.526105
  type: 'test'
  ...
# Subtest: [mindmap rebuild smoke] 재생성 후 artifacts/mindmap/index.html 존재
ok 80 - [mindmap rebuild smoke] 재생성 후 artifacts/mindmap/index.html 존재
  ---
  duration_ms: 0.247405
  type: 'test'
  ...
# Subtest: [mindmap stage trace action smoke] trace query helper includes request and correlation ids
ok 81 - [mindmap stage trace action smoke] trace query helper includes request and correlation ids
  ---
  duration_ms: 886.220087
  type: 'test'
  ...
# Subtest: [mindmap stage trace action smoke] copy action stores current stage trace query and updates status
ok 82 - [mindmap stage trace action smoke] copy action stores current stage trace query and updates status
  ---
  duration_ms: 951.700926
  type: 'test'
  ...
# Subtest: [mindmap stage trace action smoke] copy action can target history entry and warns when no report exists
ok 83 - [mindmap stage trace action smoke] copy action can target history entry and warns when no report exists
  ---
  duration_ms: 1822.552647
  type: 'test'
  ...
# Subtest: [mindmap stage trace action smoke] load action stores trace query into execution prompt and updates status
ok 84 - [mindmap stage trace action smoke] load action stores trace query into execution prompt and updates status
  ---
  duration_ms: 915.449262
  type: 'test'
  ...
# Subtest: [mindmap stage trace action smoke] load action can target history entry and warns when no report exists
ok 85 - [mindmap stage trace action smoke] load action can target history entry and warns when no report exists
  ---
  duration_ms: 1630.971947
  type: 'test'
  ...
# Subtest: [mindmap stage trace action smoke] send action fills prompt and forwards to send-now helper
ok 86 - [mindmap stage trace action smoke] send action fills prompt and forwards to send-now helper
  ---
  duration_ms: 735.645937
  type: 'test'
  ...
# Subtest: [mindmap stage trace action smoke] send action does not forward when no report exists
ok 87 - [mindmap stage trace action smoke] send action does not forward when no report exists
  ---
  duration_ms: 688.315691
  type: 'test'
  ...
# Subtest: [mindmap stage trace action smoke] contract recovery load action stores recovery prompt into execution prompt
ok 88 - [mindmap stage trace action smoke] contract recovery load action stores recovery prompt into execution prompt
  ---
  duration_ms: 625.133134
  type: 'test'
  ...
# Subtest: [mindmap stage trace action smoke] contract recovery send action loads prompt and forwards to send-now helper
ok 89 - [mindmap stage trace action smoke] contract recovery send action loads prompt and forwards to send-now helper
  ---
  duration_ms: 611.291068
  type: 'test'
  ...
# Subtest: [mindmap stage trace action smoke] contract refresh action rehydrates snapshot and reports result
ok 90 - [mindmap stage trace action smoke] contract refresh action rehydrates snapshot and reports result
  ---
  duration_ms: 1218.697037
  type: 'test'
  ...
# (node:15001) ExperimentalWarning: SQLite is an experimental feature and might change at any time
# (Use `node --trace-warnings ...` to show where the warning was created)
# Subtest: [mpo runtime smoke] in-process /api/v1/mpo/plan auto-approves and completes representative flow
ok 91 - [mpo runtime smoke] in-process /api/v1/mpo/plan auto-approves and completes representative flow
  ---
  duration_ms: 8082.762145
  type: 'test'
  ...
# Subtest: [mpo runtime smoke] approval-required plan waits, then executes after explicit approve
ok 92 - [mpo runtime smoke] approval-required plan waits, then executes after explicit approve
  ---
  duration_ms: 3771.73159
  type: 'test'
  ...
# Subtest: [mpo runtime smoke] auto-replanned execution surfaces completed_with_replan session status
ok 93 - [mpo runtime smoke] auto-replanned execution surfaces completed_with_replan session status
  ---
  duration_ms: 5494.98304
  type: 'test'
  ...
# Subtest: [mpo runtime smoke] /api/v1/system/events streams mpo.* events over SSE
ok 94 - [mpo runtime smoke] /api/v1/system/events streams mpo.* events over SSE
  ---
  duration_ms: 60.401768
  type: 'test'
  ...
# Subtest: [operations baseline smoke] observability and rollback validations pass for requirement portfolio
ok 95 - [operations baseline smoke] observability and rollback validations pass for requirement portfolio
  ---
  duration_ms: 103.900476
  type: 'test'
  ...
# Subtest: [operator cockpit smoke] session, branch, and commit readiness collapse into one operator summary
ok 96 - [operator cockpit smoke] session, branch, and commit readiness collapse into one operator summary
  ---
  duration_ms: 836.778229
  type: 'test'
  ...
# (node:15188) ExperimentalWarning: SQLite is an experimental feature and might change at any time
# (Use `node --trace-warnings ...` to show where the warning was created)
# {"timestamp":"2026-04-22T14:39:52.102Z","level":"warn","service":"my-module","event":"server.draining","reason":"manual","drain_started_at":"2026-04-22T14:39:52.102Z"}
# Subtest: [optimistic lock http smoke] 선행 전이 후 stale 전이는 HTTP 409를 반환한다
ok 97 - [optimistic lock http smoke] 선행 전이 후 stale 전이는 HTTP 409를 반환한다
  ---
  duration_ms: 26.011387
  type: 'test'
  ...
# Subtest: [optimistic lock http smoke] ProblemDetails가 OPTIMISTIC_LOCK_CONFLICT → 409로 매핑된다
ok 98 - [optimistic lock http smoke] ProblemDetails가 OPTIMISTIC_LOCK_CONFLICT → 409로 매핑된다
  ---
  duration_ms: 0.468709
  type: 'test'
  ...
# (node:15212) ExperimentalWarning: SQLite is an experimental feature and might change at any time
# (Use `node --trace-warnings ...` to show where the warning was created)
# {"timestamp":"2026-04-22T14:39:52.192Z","level":"warn","service":"my-module","event":"server.draining","reason":"manual","drain_started_at":"2026-04-22T14:39:52.192Z"}
# {"timestamp":"2026-04-22T14:39:52.194Z","level":"warn","service":"my-module","event":"server.draining","reason":"manual","drain_started_at":"2026-04-22T14:39:52.194Z"}
# Subtest: [outbox poller wiring smoke] 서버 기동 후 OutboxPoller가 실행 중이다
ok 99 - [outbox poller wiring smoke] 서버 기동 후 OutboxPoller가 실행 중이다
  ---
  duration_ms: 19.656631
  type: 'test'
  ...
# Subtest: [outbox poller wiring smoke] 서버 shutdown 후 OutboxPoller가 정지된다
ok 100 - [outbox poller wiring smoke] 서버 shutdown 후 OutboxPoller가 정지된다
  ---
  duration_ms: 1.760639
  type: 'test'
  ...
# {"timestamp":"2026-04-22T14:39:52.197Z","level":"info","service":"my-module","event":"metric.counter","name":"http_requests_total","delta":1,"total":1,"attributes":{"route":"/health","method":"GET"}}
# {"timestamp":"2026-04-22T14:39:52.197Z","level":"info","service":"my-module","event":"span.end","trace_id":"a28d75050afb48f0be959ade2c6716ce","span_id":"fbe8942a64e6498a","parent_span_id":null,"name":"http.GET /health","duration_ms":0,"status":"ok","attributes":{"http.method":"GET","http.route":"/health"}}
# {"timestamp":"2026-04-22T14:39:52.198Z","level":"warn","service":"my-module","event":"server.draining","reason":"manual","drain_started_at":"2026-04-22T14:39:52.198Z"}
# Subtest: [outbox poller wiring smoke] /health 엔드포인트가 observability 데이터를 포함한다
ok 101 - [outbox poller wiring smoke] /health 엔드포인트가 observability 데이터를 포함한다
  ---
  duration_ms: 3.620005
  type: 'test'
  ...
# {"timestamp":"2026-04-22T14:39:52.201Z","level":"warn","service":"my-module","event":"server.draining","reason":"manual","drain_started_at":"2026-04-22T14:39:52.201Z"}
# Subtest: [outbox poller wiring smoke] /api/v1/domain-events/dlq 엔드포인트가 응답한다
ok 102 - [outbox poller wiring smoke] /api/v1/domain-events/dlq 엔드포인트가 응답한다
  ---
  duration_ms: 2.878887
  type: 'test'
  ...
# Subtest: [packet hierarchy] capability-scoped packet progress and next packets are exported
ok 103 - [packet hierarchy] capability-scoped packet progress and next packets are exported
  ---
  duration_ms: 101.464411
  type: 'test'
  ...
# (node:15240) ExperimentalWarning: SQLite is an experimental feature and might change at any time
# (Use `node --trace-warnings ...` to show where the warning was created)
# {"timestamp":"2026-04-22T14:39:52.211Z","level":"info","service":"my-module","event":"metric.counter","name":"http_errors_total","delta":1,"total":1,"attributes":{"route":"/billing/payments","method":"POST","status":500}}
# {"timestamp":"2026-04-22T14:39:52.211Z","level":"info","service":"my-module","event":"metric.histogram","name":"http_duration_ms","value":1,"unit":"ms","attributes":{"route":"/billing/payments","error":true}}
# {"timestamp":"2026-04-22T14:39:52.211Z","level":"info","service":"my-module","event":"span.end","trace_id":"83f8b612c516432cafdd013a8355d29f","span_id":"25412658b5584245","parent_span_id":null,"name":"http.POST /billing/payments","duration_ms":1,"status":"error","attributes":{"http.method":"POST","http.route":"/billing/payments","http.status_code":500,"exception.type":"TypeError","exception.message":"req.on is not a function"}}
# {"timestamp":"2026-04-22T14:39:52.211Z","level":"error","service":"my-module","event":"http.error","trace_id":"83f8b612c516432cafdd013a8355d29f","correlation_id":"d21dc36d-f47d-4c3e-807a-68c7611f5e93","route":"/billing/payments","status":500,"message":"req.on is not a function"}
# {"timestamp":"2026-04-22T14:39:52.211Z","level":"info","service":"my-module","event":"metric.counter","name":"http_errors_total","delta":1,"total":2,"attributes":{"route":"/billing/payments","method":"POST","status":500}}
# {"timestamp":"2026-04-22T14:39:52.212Z","level":"info","service":"my-module","event":"metric.histogram","name":"http_duration_ms","value":1,"unit":"ms","attributes":{"route":"/billing/payments","error":true}}
# {"timestamp":"2026-04-22T14:39:52.212Z","level":"info","service":"my-module","event":"span.end","trace_id":"7537f9bc7a5e44aaa1c6f61b646c7760","span_id":"d7758b5a9b004de0","parent_span_id":null,"name":"http.POST /billing/payments","duration_ms":1,"status":"error","attributes":{"http.method":"POST","http.route":"/billing/payments","http.status_code":500,"exception.type":"TypeError","exception.message":"req.on is not a function"}}
# {"timestamp":"2026-04-22T14:39:52.212Z","level":"error","service":"my-module","event":"http.error","trace_id":"7537f9bc7a5e44aaa1c6f61b646c7760","correlation_id":"c9fb026a-65be-4911-a644-505dcf5ac01a","route":"/billing/payments","status":500,"message":"req.on is not a function"}
# {"timestamp":"2026-04-22T14:39:52.212Z","level":"info","service":"my-module","event":"metric.counter","name":"http_errors_total","delta":1,"total":3,"attributes":{"route":"/billing/payments","method":"POST","status":500}}
# {"timestamp":"2026-04-22T14:39:52.212Z","level":"info","service":"my-module","event":"metric.histogram","name":"http_duration_ms","value":0,"unit":"ms","attributes":{"route":"/billing/payments","error":true}}
# {"timestamp":"2026-04-22T14:39:52.212Z","level":"info","service":"my-module","event":"span.end","trace_id":"14d6eddbdc784cea84e554b1a06b94f5","span_id":"1fa29a5a60fc4206","parent_span_id":null,"name":"http.POST /billing/payments","duration_ms":0,"status":"error","attributes":{"http.method":"POST","http.route":"/billing/payments","http.status_code":500,"exception.type":"TypeError","exception.message":"req.on is not a function"}}
# {"timestamp":"2026-04-22T14:39:52.212Z","level":"error","service":"my-module","event":"http.error","trace_id":"14d6eddbdc784cea84e554b1a06b94f5","correlation_id":"7c4f4129-9301-472e-97ec-c317ccf0f5ab","route":"/billing/payments","status":500,"message":"req.on is not a function"}
# {"timestamp":"2026-04-22T14:39:52.212Z","level":"info","service":"my-module","event":"metric.counter","name":"http_errors_total","delta":1,"total":4,"attributes":{"route":"/billing/payments","method":"POST","status":429}}
# {"timestamp":"2026-04-22T14:39:52.212Z","level":"info","service":"my-module","event":"metric.histogram","name":"http_duration_ms","value":0,"unit":"ms","attributes":{"route":"/billing/payments","error":true}}
# {"timestamp":"2026-04-22T14:39:52.212Z","level":"info","service":"my-module","event":"span.end","trace_id":"fce1d73a4a524608af7d86dace1eb790","span_id":"23b08403a6af40e3","parent_span_id":null,"name":"http.POST /billing/payments","duration_ms":0,"status":"error","attributes":{"http.method":"POST","http.route":"/billing/payments","http.status_code":429,"exception.type":"Error","exception.message":"Rate limit exceeded for route POST:/billing/payments"}}
# {"timestamp":"2026-04-22T14:39:52.213Z","level":"error","service":"my-module","event":"http.error","trace_id":"fce1d73a4a524608af7d86dace1eb790","correlation_id":"c5351639-2fdd-4633-ad2d-d31a639a2e62","route":"/billing/payments","status":429,"message":"Rate limit exceeded for route POST:/billing/payments"}
# {"timestamp":"2026-04-22T14:39:52.214Z","level":"info","service":"my-module","event":"metric.counter","name":"http_errors_total","delta":1,"total":5,"attributes":{"route":"/video/videos","method":"POST","status":500}}
# {"timestamp":"2026-04-22T14:39:52.214Z","level":"info","service":"my-module","event":"metric.histogram","name":"http_duration_ms","value":0,"unit":"ms","attributes":{"route":"/video/videos","error":true}}
# {"timestamp":"2026-04-22T14:39:52.214Z","level":"info","service":"my-module","event":"span.end","trace_id":"2e6408d17cda43e2835d8a7cce50ac96","span_id":"38d051b478db460a","parent_span_id":null,"name":"http.POST /video/videos","duration_ms":0,"status":"error","attributes":{"http.method":"POST","http.route":"/video/videos","http.status_code":500,"exception.type":"TypeError","exception.message":"req.on is not a function"}}
# {"timestamp":"2026-04-22T14:39:52.214Z","level":"error","service":"my-module","event":"http.error","trace_id":"2e6408d17cda43e2835d8a7cce50ac96","correlation_id":"9a6ef854-7734-45a0-96ac-7e6433ece61d","route":"/video/videos","status":500,"message":"req.on is not a function"}
# {"timestamp":"2026-04-22T14:39:52.214Z","level":"info","service":"my-module","event":"metric.counter","name":"http_errors_total","delta":1,"total":6,"attributes":{"route":"/video/videos","method":"POST","status":500}}
# {"timestamp":"2026-04-22T14:39:52.214Z","level":"info","service":"my-module","event":"metric.histogram","name":"http_duration_ms","value":0,"unit":"ms","attributes":{"route":"/video/videos","error":true}}
# {"timestamp":"2026-04-22T14:39:52.214Z","level":"info","service":"my-module","event":"span.end","trace_id":"7f9b41e0e76c456599591eae7341a2fe","span_id":"c932887de08e4e6c","parent_span_id":null,"name":"http.POST /video/videos","duration_ms":0,"status":"error","attributes":{"http.method":"POST","http.route":"/video/videos","http.status_code":500,"exception.type":"TypeError","exception.message":"req.on is not a function"}}
# {"timestamp":"2026-04-22T14:39:52.214Z","level":"error","service":"my-module","event":"http.error","trace_id":"7f9b41e0e76c456599591eae7341a2fe","correlation_id":"a1b3a5a4-9f8d-4b03-999c-fe920d6a840a","route":"/video/videos","status":500,"message":"req.on is not a function"}
# {"timestamp":"2026-04-22T14:39:52.214Z","level":"info","service":"my-module","event":"metric.counter","name":"http_errors_total","delta":1,"total":7,"attributes":{"route":"/video/videos","method":"POST","status":429}}
# {"timestamp":"2026-04-22T14:39:52.215Z","level":"info","service":"my-module","event":"metric.histogram","name":"http_duration_ms","value":1,"unit":"ms","attributes":{"route":"/video/videos","error":true}}
# {"timestamp":"2026-04-22T14:39:52.215Z","level":"info","service":"my-module","event":"span.end","trace_id":"565e5330bcbc438bbb1d965dee015796","span_id":"d2a68aac41bb4dd3","parent_span_id":null,"name":"http.POST /video/videos","duration_ms":1,"status":"error","attributes":{"http.method":"POST","http.route":"/video/videos","http.status_code":429,"exception.type":"Error","exception.message":"Rate limit exceeded for route POST:/video/videos"}}
# {"timestamp":"2026-04-22T14:39:52.215Z","level":"error","service":"my-module","event":"http.error","trace_id":"565e5330bcbc438bbb1d965dee015796","correlation_id":"213ee1ee-167f-4fbf-879e-85b96b0a4d05","route":"/video/videos","status":429,"message":"Rate limit exceeded for route POST:/video/videos"}
# {"timestamp":"2026-04-22T14:39:52.215Z","level":"info","service":"my-module","event":"metric.counter","name":"http_requests_total","delta":1,"total":1,"attributes":{"route":"/livez","method":"GET"}}
# {"timestamp":"2026-04-22T14:39:52.215Z","level":"info","service":"my-module","event":"span.end","trace_id":"2f9d32da6f8346e2b355e3b468bd66e4","span_id":"8fcfbcb918d74a13","parent_span_id":null,"name":"http.GET /livez","duration_ms":0,"status":"ok","attributes":{"http.method":"GET","http.route":"/livez"}}
# {"timestamp":"2026-04-22T14:39:52.216Z","level":"info","service":"my-module","event":"metric.counter","name":"http_requests_total","delta":1,"total":2,"attributes":{"route":"/livez","method":"GET"}}
# {"timestamp":"2026-04-22T14:39:52.216Z","level":"info","service":"my-module","event":"span.end","trace_id":"6a53704d3fe0499badb542e310846a4c","span_id":"f4419b76500d438c","parent_span_id":null,"name":"http.GET /livez","duration_ms":0,"status":"ok","attributes":{"http.method":"GET","http.route":"/livez"}}
# {"timestamp":"2026-04-22T14:39:52.216Z","level":"info","service":"my-module","event":"metric.counter","name":"http_requests_total","delta":1,"total":3,"attributes":{"route":"/livez","method":"GET"}}
# {"timestamp":"2026-04-22T14:39:52.216Z","level":"info","service":"my-module","event":"span.end","trace_id":"0584820347914d78b08f0bc708cb0497","span_id":"764468aa96fc4b16","parent_span_id":null,"name":"http.GET /livez","duration_ms":0,"status":"ok","attributes":{"http.method":"GET","http.route":"/livez"}}
# {"timestamp":"2026-04-22T14:39:52.216Z","level":"info","service":"my-module","event":"metric.counter","name":"http_requests_total","delta":1,"total":4,"attributes":{"route":"/livez","method":"GET"}}
# {"timestamp":"2026-04-22T14:39:52.216Z","level":"info","service":"my-module","event":"span.end","trace_id":"2a224475094a4645b7e1693879bc25a7","span_id":"fdad84b5b517439c","parent_span_id":null,"name":"http.GET /livez","duration_ms":0,"status":"ok","attributes":{"http.method":"GET","http.route":"/livez"}}
# {"timestamp":"2026-04-22T14:39:52.216Z","level":"info","service":"my-module","event":"metric.counter","name":"http_requests_total","delta":1,"total":5,"attributes":{"route":"/livez","method":"GET"}}
# {"timestamp":"2026-04-22T14:39:52.216Z","level":"info","service":"my-module","event":"span.end","trace_id":"7236dee8e6654c818364eaefb03bad05","span_id":"c7c9c9de5db443f1","parent_span_id":null,"name":"http.GET /livez","duration_ms":0,"status":"ok","attributes":{"http.method":"GET","http.route":"/livez"}}
# {"timestamp":"2026-04-22T14:39:52.218Z","level":"info","service":"my-module","event":"metric.counter","name":"http_requests_total","delta":1,"total":6,"attributes":{"route":"/livez","method":"GET"}}
# {"timestamp":"2026-04-22T14:39:52.218Z","level":"info","service":"my-module","event":"span.end","trace_id":"4e365b99ca964e8294c146b003abb729","span_id":"7eae6226c3124bf2","parent_span_id":null,"name":"http.GET /livez","duration_ms":1,"status":"ok","attributes":{"http.method":"GET","http.route":"/livez"}}
# {"timestamp":"2026-04-22T14:39:52.218Z","level":"info","service":"my-module","event":"metric.counter","name":"http_requests_total","delta":1,"total":7,"attributes":{"route":"/livez","method":"GET"}}
# {"timestamp":"2026-04-22T14:39:52.218Z","level":"info","service":"my-module","event":"span.end","trace_id":"dd4edad063a84c6196c3814ec2998d64","span_id":"3f3f0ce907714c14","parent_span_id":null,"name":"http.GET /livez","duration_ms":0,"status":"ok","attributes":{"http.method":"GET","http.route":"/livez"}}
# {"timestamp":"2026-04-22T14:39:52.218Z","level":"info","service":"my-module","event":"metric.counter","name":"http_requests_total","delta":1,"total":8,"attributes":{"route":"/livez","method":"GET"}}
# {"timestamp":"2026-04-22T14:39:52.218Z","level":"info","service":"my-module","event":"span.end","trace_id":"aff7386961d341d5979099d4b9596f70","span_id":"139e7191be194f68","parent_span_id":null,"name":"http.GET /livez","duration_ms":0,"status":"ok","attributes":{"http.method":"GET","http.route":"/livez"}}
# {"timestamp":"2026-04-22T14:39:52.218Z","level":"info","service":"my-module","event":"metric.counter","name":"http_requests_total","delta":1,"total":9,"attributes":{"route":"/livez","method":"GET"}}
# {"timestamp":"2026-04-22T14:39:52.218Z","level":"info","service":"my-module","event":"span.end","trace_id":"e1da3acf41ff467b8a0681201288a6cf","span_id":"9465e4b4240b4c23","parent_span_id":null,"name":"http.GET /livez","duration_ms":0,"status":"ok","attributes":{"http.method":"GET","http.route":"/livez"}}
# {"timestamp":"2026-04-22T14:39:52.218Z","level":"info","service":"my-module","event":"metric.counter","name":"http_requests_total","delta":1,"total":10,"attributes":{"route":"/livez","method":"GET"}}
# {"timestamp":"2026-04-22T14:39:52.218Z","level":"info","service":"my-module","event":"span.end","trace_id":"01371c80027942aa86fe115e01568748","span_id":"cbdf215d91694371","parent_span_id":null,"name":"http.GET /livez","duration_ms":0,"status":"ok","attributes":{"http.method":"GET","http.route":"/livez"}}
# Subtest: [per-route rate-limit smoke] POST /billing/payments enforces stricter 10/min limit
ok 104 - [per-route rate-limit smoke] POST /billing/payments enforces stricter 10/min limit
  ---
  duration_ms: 5.622982
  type: 'test'
  ...
# Subtest: [per-route rate-limit smoke] POST /video/videos enforces stricter 5/min limit
ok 105 - [per-route rate-limit smoke] POST /video/videos enforces stricter 5/min limit
  ---
  duration_ms: 1.37302
  type: 'test'
  ...
# Subtest: [per-route rate-limit smoke] routes without stricter policy use global limit only
ok 106 - [per-route rate-limit smoke] routes without stricter policy use global limit only
  ---
  duration_ms: 3.199098
  type: 'test'
  ...
# Subtest: [planning studio stage-run migration smoke] snapshot backfills legacy stage-run storage with release evidence observability
ok 107 - [planning studio stage-run migration smoke] snapshot backfills legacy stage-run storage with release evidence observability
  ---
  duration_ms: 347.2161
  type: 'test'
  ...
# Subtest: [project status smoke] next_wp는 canonical wp-queue 기준으로 계산된다
ok 108 - [project status smoke] next_wp는 canonical wp-queue 기준으로 계산된다
  ---
  duration_ms: 544.330208
  type: 'test'
  ...
# Subtest: [promote packet] validated promotion can write next execution packet
ok 109 - [promote packet] validated promotion can write next execution packet
  ---
  duration_ms: 96.206261
  type: 'test'
  ...
# Subtest: [promotion decision] readiness, fit, and reread state become a single gate
ok 110 - [promotion decision] readiness, fit, and reread state become a single gate
  ---
  duration_ms: 808.898349
  type: 'test'
  ...
# Subtest: [promotion pipeline] artifacts and optional apply are orchestrated together
ok 111 - [promotion pipeline] artifacts and optional apply are orchestrated together
  ---
  duration_ms: 167.94361
  type: 'test'
  ...
# Subtest: [proven kickoff] blueprint, learned preset, and token budget are bundled together
ok 112 - [proven kickoff] blueprint, learned preset, and token budget are bundled together
  ---
  duration_ms: 255.889251
  type: 'test'
  ...
# Subtest: [readiness brief] promotion, scheduler, reread, benchmark state are summarized together
ok 113 - [readiness brief] promotion, scheduler, reread, benchmark state are summarized together
  ---
  duration_ms: 798.00238
  type: 'test'
  ...
# Subtest: [release evidence smoke] sbom, provenance, and release evidence are regenerated with artifact digests
ok 114 - [release evidence smoke] sbom, provenance, and release evidence are regenerated with artifact digests
  ---
  duration_ms: 307.657613
  type: 'test'
  ...
# Subtest: [replay packet] logs and replay lenses produce a next packet draft
ok 115 - [replay packet] logs and replay lenses produce a next packet draft
  ---
  duration_ms: 60.526454
  type: 'test'
  ...
# Subtest: [requirements validation smoke] baseline requirements file passes
ok 116 - [requirements validation smoke] baseline requirements file passes
  ---
  duration_ms: 112.101842
  type: 'test'
  ...
# Subtest: [requirements validation smoke] --all mode validates all domain requirements files
ok 117 - [requirements validation smoke] --all mode validates all domain requirements files
  ---
  duration_ms: 204.877534
  type: 'test'
  ...
# Subtest: [requirements validation smoke] missing module.id is rejected
ok 118 - [requirements validation smoke] missing module.id is rejected
  ---
  duration_ms: 135.409077
  type: 'test'
  ...
# Subtest: [requirements validation smoke] invalid NFR latency is rejected
ok 119 - [requirements validation smoke] invalid NFR latency is rejected
  ---
  duration_ms: 121.324673
  type: 'test'
  ...
# Subtest: [requirements validation smoke] schema-enforced uniqueItems rejects duplicate dependencies
ok 120 - [requirements validation smoke] schema-enforced uniqueItems rejects duplicate dependencies
  ---
  duration_ms: 115.778113
  type: 'test'
  ...
# Subtest: [requirements validation smoke] schema-enforced uniqueItems rejects duplicate provided contracts
ok 121 - [requirements validation smoke] schema-enforced uniqueItems rejects duplicate provided contracts
  ---
  duration_ms: 119.785821
  type: 'test'
  ...
# Subtest: [reread queue] context drift candidates are exported in priority order
ok 122 - [reread queue] context drift candidates are exported in priority order
  ---
  duration_ms: 197.015194
  type: 'test'
  ...
# Subtest: [routing learning] exception and ROI signals merge into canonical routing memory
ok 123 - [routing learning] exception and ROI signals merge into canonical routing memory
  ---
  duration_ms: 292.781674
  type: 'test'
  ...
# (node:15542) ExperimentalWarning: SQLite is an experimental feature and might change at any time
# (Use `node --trace-warnings ...` to show where the warning was created)
# {"timestamp":"2026-04-22T14:39:52.888Z","level":"info","service":"my-module","event":"metric.counter","name":"http_requests_total","delta":1,"total":1,"attributes":{"route":"/livez","method":"GET"}}
# {"timestamp":"2026-04-22T14:39:52.888Z","level":"info","service":"my-module","event":"span.end","trace_id":"a23889a7f9d447d7a56f74af37d34afc","span_id":"19ee4ee341904291","parent_span_id":null,"name":"http.GET /livez","duration_ms":0,"status":"ok","attributes":{"http.method":"GET","http.route":"/livez"}}
# {"timestamp":"2026-04-22T14:39:52.899Z","level":"info","service":"my-module","event":"metric.counter","name":"http_requests_total","delta":1,"total":2,"attributes":{"route":"/startupz","method":"GET"}}
# {"timestamp":"2026-04-22T14:39:52.899Z","level":"info","service":"my-module","event":"span.end","trace_id":"9d098ce081364a6588bcf04b098df024","span_id":"762c70a2d4864d59","parent_span_id":null,"name":"http.GET /startupz","duration_ms":0,"status":"ok","attributes":{"http.method":"GET","http.route":"/startupz"}}
# {"timestamp":"2026-04-22T14:39:52.906Z","level":"info","service":"my-module","event":"metric.counter","name":"http_requests_total","delta":1,"total":3,"attributes":{"route":"/readyz","method":"GET","status":200}}
# {"timestamp":"2026-04-22T14:39:52.906Z","level":"info","service":"my-module","event":"span.end","trace_id":"ef621de69a1349099e31e90e4146322f","span_id":"391e1323ce5b4560","parent_span_id":null,"name":"http.GET /readyz","duration_ms":0,"status":"ok","attributes":{"http.method":"GET","http.route":"/readyz","http.status_code":200}}
# {"timestamp":"2026-04-22T14:39:52.908Z","level":"info","service":"my-module","event":"metric.counter","name":"http_requests_total","delta":1,"total":4,"attributes":{"route":"/health","method":"GET"}}
# {"timestamp":"2026-04-22T14:39:52.908Z","level":"info","service":"my-module","event":"span.end","trace_id":"640941be2c254f00ad208aa2f2ec37c2","span_id":"6b4b230287474282","parent_span_id":null,"name":"http.GET /health","duration_ms":0,"status":"ok","attributes":{"http.method":"GET","http.route":"/health"}}
# Subtest: [deployment smoke runner] executes the deployed-environment checklist and writes an artifact
ok 124 - [deployment smoke runner] executes the deployed-environment checklist and writes an artifact
  ---
  duration_ms: 137.845702
  type: 'test'
  ...
# (node:15578) ExperimentalWarning: SQLite is an experimental feature and might change at any time
# (Use `node --trace-warnings ...` to show where the warning was created)
# {"timestamp":"2026-04-22T14:39:52.904Z","level":"warn","service":"my-module","event":"server.draining","reason":"manual","drain_started_at":"2026-04-22T14:39:52.904Z"}
# Subtest: [scaffold smoke] POST /api/planning-studio/scaffold-preview returns 400 on missing domain
ok 125 - [scaffold smoke] POST /api/planning-studio/scaffold-preview returns 400 on missing domain
  ---
  duration_ms: 19.909506
  type: 'test'
  ...
# {"timestamp":"2026-04-22T14:39:52.952Z","level":"warn","service":"my-module","event":"server.draining","reason":"manual","drain_started_at":"2026-04-22T14:39:52.952Z"}
# Subtest: [scaffold smoke] POST /api/planning-studio/scaffold-preview with valid args returns 200 with preview
ok 126 - [scaffold smoke] POST /api/planning-studio/scaffold-preview with valid args returns 200 with preview
  ---
  duration_ms: 46.890628
  type: 'test'
  ...
# {"timestamp":"2026-04-22T14:39:52.957Z","level":"warn","service":"my-module","event":"server.draining","reason":"manual","drain_started_at":"2026-04-22T14:39:52.957Z"}
# Subtest: [scaffold smoke] POST /api/planning-studio/scaffold-create with missing blueprint returns 400
ok 127 - [scaffold smoke] POST /api/planning-studio/scaffold-create with missing blueprint returns 400
  ---
  duration_ms: 4.071602
  type: 'test'
  ...
# {"timestamp":"2026-04-22T14:39:52.985Z","level":"warn","service":"my-module","event":"server.draining","reason":"manual","drain_started_at":"2026-04-22T14:39:52.985Z"}
# Subtest: [scaffold smoke] scaffold-preview idempotency replay returns same 200 on second call
ok 128 - [scaffold smoke] scaffold-preview idempotency replay returns same 200 on second call
  ---
  duration_ms: 28.274553
  type: 'test'
  ...
# {"timestamp":"2026-04-22T14:39:53.136Z","level":"warn","service":"my-module","event":"server.draining","reason":"manual","drain_started_at":"2026-04-22T14:39:53.135Z"}
# Subtest: [scaffold smoke] scaffold-create auto-registers Stage C baselines in runtime root
ok 129 - [scaffold smoke] scaffold-create auto-registers Stage C baselines in runtime root
  ---
  duration_ms: 157.244154
  type: 'test'
  ...
# (node:15618) ExperimentalWarning: SQLite is an experimental feature and might change at any time
# (Use `node --trace-warnings ...` to show where the warning was created)
# {"timestamp":"2026-04-22T14:39:52.962Z","level":"info","service":"my-module","event":"metric.counter","name":"pty_bridge_sessions_read_total","delta":1,"total":1,"attributes":{"route":"/api/pty/sessions","method":"GET"}}
# {"timestamp":"2026-04-22T14:39:52.963Z","level":"info","service":"my-module","event":"span.end","trace_id":"ca8f674fa27e4a4b9aa81d5b70c32d08","span_id":"a00156ff0aa34c30","parent_span_id":"df645011db3d44f5","name":"pty.bridge.sessions","duration_ms":1,"status":"ok","attributes":{"http.route":"/api/pty/sessions","http.request.method":"GET","code.function":"createAppHandler","control_center.operation.duration_ms":1,"pty.session.count":1}}
# {"timestamp":"2026-04-22T14:39:52.963Z","level":"info","service":"my-module","event":"metric.histogram","name":"control_center_operation_duration_ms","value":1,"unit":"ms","attributes":{"operation":"pty.bridge.sessions","route":"/api/pty/sessions","method":"GET"}}
# {"timestamp":"2026-04-22T14:39:52.963Z","level":"info","service":"my-module","event":"control_center.operation","trace_id":"ca8f674fa27e4a4b9aa81d5b70c32d08","parent_span_id":"df645011db3d44f5","span_id":"a00156ff0aa34c30","correlation_id":"f7b17889-d2cc-485e-b6e2-b4b4be3d07ec","request_id":"f7b17889-d2cc-485e-b6e2-b4b4be3d07ec","operation":"pty.bridge.sessions","route":"/api/pty/sessions","method":"GET","duration_ms":1,"message":"ok","pty.session.count":1}
# {"timestamp":"2026-04-22T14:39:52.978Z","level":"info","service":"my-module","event":"metric.counter","name":"pty_scheduler_start_total","delta":1,"total":1,"attributes":{"route":"/api/pty/scheduler/start","method":"POST"}}
# {"timestamp":"2026-04-22T14:39:52.978Z","level":"info","service":"my-module","event":"span.end","trace_id":"577032fa3ca94767a150a34b62a3b6bf","span_id":"2193338766cd4bf2","parent_span_id":"cce3f43a73b94e18","name":"pty.scheduler.start","duration_ms":0,"status":"ok","attributes":{"http.route":"/api/pty/scheduler/start","http.request.method":"POST","code.function":"createAppHandler","control_center.operation.duration_ms":0,"pty.scheduler.worker_count":2}}
# {"timestamp":"2026-04-22T14:39:52.978Z","level":"info","service":"my-module","event":"metric.histogram","name":"control_center_operation_duration_ms","value":0,"unit":"ms","attributes":{"operation":"pty.scheduler.start","route":"/api/pty/scheduler/start","method":"POST"}}
# {"timestamp":"2026-04-22T14:39:52.978Z","level":"info","service":"my-module","event":"control_center.operation","trace_id":"577032fa3ca94767a150a34b62a3b6bf","parent_span_id":"cce3f43a73b94e18","span_id":"2193338766cd4bf2","correlation_id":"813b3398-8bb8-4be3-9486-40b6bbdd4b0e","request_id":"813b3398-8bb8-4be3-9486-40b6bbdd4b0e","operation":"pty.scheduler.start","route":"/api/pty/scheduler/start","method":"POST","duration_ms":0,"message":"ok","pty.scheduler.worker_count":2}
# {"timestamp":"2026-04-22T14:39:52.981Z","level":"info","service":"my-module","event":"metric.counter","name":"pty_bridge_send_total","delta":1,"total":1,"attributes":{"route":"/api/pty/enter-now","method":"POST","action":"enter"}}
# {"timestamp":"2026-04-22T14:39:52.983Z","level":"info","service":"my-module","event":"metric.counter","name":"pty_bridge_send_total","delta":1,"total":2,"attributes":{"route":"/api/pty/send-now","method":"POST","action":"prompt"}}
# {"timestamp":"2026-04-22T14:39:54.741Z","level":"info","service":"my-module","event":"metric.counter","name":"pty_scheduler_stop_total","delta":1,"total":1,"attributes":{"route":"/api/pty/scheduler/stop","method":"POST"}}
# {"timestamp":"2026-04-22T14:39:54.741Z","level":"info","service":"my-module","event":"span.end","trace_id":"394f05b3642c464dbd9a9686afbea649","span_id":"e654eead6cb545e9","parent_span_id":"91bbff63e4c94351","name":"pty.scheduler.stop","duration_ms":0,"status":"ok","attributes":{"http.route":"/api/pty/scheduler/stop","http.request.method":"POST","code.function":"createAppHandler","control_center.operation.duration_ms":0,"pty.scheduler.worker_count":2}}
# {"timestamp":"2026-04-22T14:39:54.741Z","level":"info","service":"my-module","event":"metric.histogram","name":"control_center_operation_duration_ms","value":0,"unit":"ms","attributes":{"operation":"pty.scheduler.stop","route":"/api/pty/scheduler/stop","method":"POST"}}
# {"timestamp":"2026-04-22T14:39:54.741Z","level":"info","service":"my-module","event":"control_center.operation","trace_id":"394f05b3642c464dbd9a9686afbea649","parent_span_id":"91bbff63e4c94351","span_id":"e654eead6cb545e9","correlation_id":"c1c4d5fe-2528-45e7-babe-011f3bd857a6","request_id":"c1c4d5fe-2528-45e7-babe-011f3bd857a6","operation":"pty.scheduler.stop","route":"/api/pty/scheduler/stop","method":"POST","duration_ms":0,"message":"ok","pty.scheduler.worker_count":2}
# {"timestamp":"2026-04-22T14:39:54.744Z","level":"info","service":"my-module","event":"metric.counter","name":"pty_scheduler_start_total","delta":1,"total":2,"attributes":{"route":"/api/pty/scheduler/start","method":"POST"}}
# {"timestamp":"2026-04-22T14:39:54.744Z","level":"info","service":"my-module","event":"span.end","trace_id":"256e69e52f81487da38a384f30e2022c","span_id":"1d9882e55ebc4934","parent_span_id":"b04c39b4f7ce4b4a","name":"pty.scheduler.start","duration_ms":0,"status":"ok","attributes":{"http.route":"/api/pty/scheduler/start","http.request.method":"POST","code.function":"createAppHandler","control_center.operation.duration_ms":0,"pty.scheduler.worker_count":2}}
# {"timestamp":"2026-04-22T14:39:54.744Z","level":"info","service":"my-module","event":"metric.histogram","name":"control_center_operation_duration_ms","value":0,"unit":"ms","attributes":{"operation":"pty.scheduler.start","route":"/api/pty/scheduler/start","method":"POST"}}
# {"timestamp":"2026-04-22T14:39:54.744Z","level":"info","service":"my-module","event":"control_center.operation","trace_id":"256e69e52f81487da38a384f30e2022c","parent_span_id":"b04c39b4f7ce4b4a","span_id":"1d9882e55ebc4934","correlation_id":"27be2ce3-811c-4d80-874f-8cf611a6f18d","request_id":"27be2ce3-811c-4d80-874f-8cf611a6f18d","operation":"pty.scheduler.start","route":"/api/pty/scheduler/start","method":"POST","duration_ms":0,"message":"ok","pty.scheduler.worker_count":2}
# {"timestamp":"2026-04-22T14:39:54.747Z","level":"info","service":"my-module","event":"metric.counter","name":"pty_bridge_send_total","delta":1,"total":3,"attributes":{"route":"/api/pty/send-now","method":"POST","action":"prompt"}}
# {"timestamp":"2026-04-22T14:39:54.749Z","level":"info","service":"my-module","event":"metric.counter","name":"pty_bridge_send_total","delta":1,"total":4,"attributes":{"route":"/api/pty/enter-now","method":"POST","action":"enter"}}
# {"timestamp":"2026-04-22T14:39:54.751Z","level":"info","service":"my-module","event":"metric.counter","name":"pty_bridge_send_total","delta":1,"total":5,"attributes":{"route":"/api/pty/send-now","method":"POST","action":"prompt"}}
# {"timestamp":"2026-04-22T14:39:54.754Z","level":"info","service":"my-module","event":"metric.counter","name":"pty_bridge_send_total","delta":1,"total":6,"attributes":{"route":"/api/pty/enter-now","method":"POST","action":"enter"}}
# {"timestamp":"2026-04-22T14:39:54.756Z","level":"info","service":"my-module","event":"metric.counter","name":"pty_bridge_send_total","delta":1,"total":7,"attributes":{"route":"/api/pty/send-now","method":"POST","action":"prompt"}}
# {"timestamp":"2026-04-22T14:39:54.757Z","level":"info","service":"my-module","event":"metric.counter","name":"pty_bridge_send_total","delta":1,"total":8,"attributes":{"route":"/api/pty/enter-now","method":"POST","action":"enter"}}
# {"timestamp":"2026-04-22T14:39:56.444Z","level":"info","service":"my-module","event":"metric.counter","name":"pty_scheduler_stop_total","delta":1,"total":2,"attributes":{"route":"/api/pty/scheduler/stop","method":"POST"}}
# {"timestamp":"2026-04-22T14:39:56.444Z","level":"info","service":"my-module","event":"span.end","trace_id":"6275b98602394771814397e194e2c853","span_id":"28850c145203493f","parent_span_id":"7f366f773f4a4bee","name":"pty.scheduler.stop","duration_ms":0,"status":"ok","attributes":{"http.route":"/api/pty/scheduler/stop","http.request.method":"POST","code.function":"createAppHandler","control_center.operation.duration_ms":0,"pty.scheduler.worker_count":2}}
# {"timestamp":"2026-04-22T14:39:56.444Z","level":"info","service":"my-module","event":"metric.histogram","name":"control_center_operation_duration_ms","value":0,"unit":"ms","attributes":{"operation":"pty.scheduler.stop","route":"/api/pty/scheduler/stop","method":"POST"}}
# {"timestamp":"2026-04-22T14:39:56.444Z","level":"info","service":"my-module","event":"control_center.operation","trace_id":"6275b98602394771814397e194e2c853","parent_span_id":"7f366f773f4a4bee","span_id":"28850c145203493f","correlation_id":"33db1452-feee-49f8-ad4c-564d470c35a8","request_id":"33db1452-feee-49f8-ad4c-564d470c35a8","operation":"pty.scheduler.stop","route":"/api/pty/scheduler/stop","method":"POST","duration_ms":0,"message":"ok","pty.scheduler.worker_count":2}
# {"timestamp":"2026-04-22T14:39:56.446Z","level":"info","service":"my-module","event":"metric.counter","name":"pty_scheduler_start_total","delta":1,"total":3,"attributes":{"route":"/api/pty/scheduler/start","method":"POST"}}
# {"timestamp":"2026-04-22T14:39:56.446Z","level":"info","service":"my-module","event":"span.end","trace_id":"d7bfd77f00f64ff489568b77cc911eeb","span_id":"8d5a7c876ad24cfa","parent_span_id":"7750e5ffe9ec41ec","name":"pty.scheduler.start","duration_ms":0,"status":"ok","attributes":{"http.route":"/api/pty/scheduler/start","http.request.method":"POST","code.function":"createAppHandler","control_center.operation.duration_ms":0,"pty.scheduler.worker_count":2}}
# {"timestamp":"2026-04-22T14:39:56.446Z","level":"info","service":"my-module","event":"metric.histogram","name":"control_center_operation_duration_ms","value":0,"unit":"ms","attributes":{"operation":"pty.scheduler.start","route":"/api/pty/scheduler/start","method":"POST"}}
# {"timestamp":"2026-04-22T14:39:56.446Z","level":"info","service":"my-module","event":"control_center.operation","trace_id":"d7bfd77f00f64ff489568b77cc911eeb","parent_span_id":"7750e5ffe9ec41ec","span_id":"8d5a7c876ad24cfa","correlation_id":"3a9eaa85-5fe6-447c-b3b4-88372f9fef3a","request_id":"3a9eaa85-5fe6-447c-b3b4-88372f9fef3a","operation":"pty.scheduler.start","route":"/api/pty/scheduler/start","method":"POST","duration_ms":0,"message":"ok","pty.scheduler.worker_count":2}
# {"timestamp":"2026-04-22T14:39:56.447Z","level":"info","service":"my-module","event":"metric.counter","name":"pty_bridge_send_total","delta":1,"total":9,"attributes":{"route":"/api/pty/enter-now","method":"POST","action":"enter"}}
# {"timestamp":"2026-04-22T14:39:56.448Z","level":"info","service":"my-module","event":"metric.counter","name":"pty_bridge_send_total","delta":1,"total":10,"attributes":{"route":"/api/pty/enter-now","method":"POST","action":"enter"}}
# {"timestamp":"2026-04-22T14:39:56.453Z","level":"info","service":"my-module","event":"metric.counter","name":"pty_bridge_send_total","delta":1,"total":11,"attributes":{"route":"/api/pty/enter-now","method":"POST","action":"enter"}}
# {"timestamp":"2026-04-22T14:39:56.454Z","level":"info","service":"my-module","event":"metric.counter","name":"pty_bridge_send_total","delta":1,"total":12,"attributes":{"route":"/api/pty/send-now","method":"POST","action":"prompt"}}
# {"timestamp":"2026-04-22T14:39:56.456Z","level":"info","service":"my-module","event":"metric.counter","name":"pty_bridge_send_total","delta":1,"total":13,"attributes":{"route":"/api/pty/send-now","method":"POST","action":"prompt"}}
# {"timestamp":"2026-04-22T14:39:56.457Z","level":"info","service":"my-module","event":"metric.counter","name":"pty_bridge_send_total","delta":1,"total":14,"attributes":{"route":"/api/pty/send-now","method":"POST","action":"prompt"}}
# {"timestamp":"2026-04-22T14:39:57.979Z","level":"info","service":"my-module","event":"metric.counter","name":"pty_scheduler_stop_total","delta":1,"total":3,"attributes":{"route":"/api/pty/scheduler/stop","method":"POST"}}
# {"timestamp":"2026-04-22T14:39:57.979Z","level":"info","service":"my-module","event":"span.end","trace_id":"d5b64bcad7d74db8836073066b259409","span_id":"c276200960b84555","parent_span_id":"6f1dd4e5532c42d0","name":"pty.scheduler.stop","duration_ms":0,"status":"ok","attributes":{"http.route":"/api/pty/scheduler/stop","http.request.method":"POST","code.function":"createAppHandler","control_center.operation.duration_ms":0,"pty.scheduler.worker_count":2}}
# {"timestamp":"2026-04-22T14:39:57.979Z","level":"info","service":"my-module","event":"metric.histogram","name":"control_center_operation_duration_ms","value":0,"unit":"ms","attributes":{"operation":"pty.scheduler.stop","route":"/api/pty/scheduler/stop","method":"POST"}}
# {"timestamp":"2026-04-22T14:39:57.979Z","level":"info","service":"my-module","event":"control_center.operation","trace_id":"d5b64bcad7d74db8836073066b259409","parent_span_id":"6f1dd4e5532c42d0","span_id":"c276200960b84555","correlation_id":"0184985e-f5e0-43a1-b5e9-b54cfa027dc8","request_id":"0184985e-f5e0-43a1-b5e9-b54cfa027dc8","operation":"pty.scheduler.stop","route":"/api/pty/scheduler/stop","method":"POST","duration_ms":0,"message":"ok","pty.scheduler.worker_count":2}
# {"timestamp":"2026-04-22T14:39:57.980Z","level":"info","service":"my-module","event":"metric.counter","name":"pty_scheduler_start_total","delta":1,"total":4,"attributes":{"route":"/api/pty/scheduler/start","method":"POST"}}
# {"timestamp":"2026-04-22T14:39:57.980Z","level":"info","service":"my-module","event":"span.end","trace_id":"2f4bb3aaeecf491eb26652d928fb8f7d","span_id":"a90dbca5e45b4ca0","parent_span_id":"ff966195ea5941e8","name":"pty.scheduler.start","duration_ms":0,"status":"ok","attributes":{"http.route":"/api/pty/scheduler/start","http.request.method":"POST","code.function":"createAppHandler","control_center.operation.duration_ms":0,"pty.scheduler.worker_count":2}}
# {"timestamp":"2026-04-22T14:39:57.980Z","level":"info","service":"my-module","event":"metric.histogram","name":"control_center_operation_duration_ms","value":0,"unit":"ms","attributes":{"operation":"pty.scheduler.start","route":"/api/pty/scheduler/start","method":"POST"}}
# {"timestamp":"2026-04-22T14:39:57.980Z","level":"info","service":"my-module","event":"control_center.operation","trace_id":"2f4bb3aaeecf491eb26652d928fb8f7d","parent_span_id":"ff966195ea5941e8","span_id":"a90dbca5e45b4ca0","correlation_id":"db93fc77-879a-41ec-b06e-557d7408d107","request_id":"db93fc77-879a-41ec-b06e-557d7408d107","operation":"pty.scheduler.start","route":"/api/pty/scheduler/start","method":"POST","duration_ms":0,"message":"ok","pty.scheduler.worker_count":2}
# {"timestamp":"2026-04-22T14:39:57.981Z","level":"info","service":"my-module","event":"metric.counter","name":"pty_bridge_send_total","delta":1,"total":15,"attributes":{"route":"/api/pty/enter-now","method":"POST","action":"enter"}}
# {"timestamp":"2026-04-22T14:39:59.293Z","level":"info","service":"my-module","event":"metric.counter","name":"pty_scheduler_stop_total","delta":1,"total":4,"attributes":{"route":"/api/pty/scheduler/stop","method":"POST"}}
# {"timestamp":"2026-04-22T14:39:59.293Z","level":"info","service":"my-module","event":"span.end","trace_id":"39c79683a5704f17a73c188faefa3b79","span_id":"6830922ce13541c7","parent_span_id":"b371c187f74f4a08","name":"pty.scheduler.stop","duration_ms":0,"status":"ok","attributes":{"http.route":"/api/pty/scheduler/stop","http.request.method":"POST","code.function":"createAppHandler","control_center.operation.duration_ms":0,"pty.scheduler.worker_count":2}}
# {"timestamp":"2026-04-22T14:39:59.293Z","level":"info","service":"my-module","event":"metric.histogram","name":"control_center_operation_duration_ms","value":0,"unit":"ms","attributes":{"operation":"pty.scheduler.stop","route":"/api/pty/scheduler/stop","method":"POST"}}
# {"timestamp":"2026-04-22T14:39:59.293Z","level":"info","service":"my-module","event":"control_center.operation","trace_id":"39c79683a5704f17a73c188faefa3b79","parent_span_id":"b371c187f74f4a08","span_id":"6830922ce13541c7","correlation_id":"25f7277c-dc0a-49f7-8a06-0e2be467d979","request_id":"25f7277c-dc0a-49f7-8a06-0e2be467d979","operation":"pty.scheduler.stop","route":"/api/pty/scheduler/stop","method":"POST","duration_ms":0,"message":"ok","pty.scheduler.worker_count":2}
# {"timestamp":"2026-04-22T14:39:59.294Z","level":"info","service":"my-module","event":"metric.counter","name":"pty_scheduler_start_total","delta":1,"total":5,"attributes":{"route":"/api/pty/scheduler/start","method":"POST"}}
# {"timestamp":"2026-04-22T14:39:59.294Z","level":"info","service":"my-module","event":"span.end","trace_id":"bd7529576616432d8dd2197c9d5b9d1e","span_id":"65b0eca4a54941f7","parent_span_id":"7655008c88614014","name":"pty.scheduler.start","duration_ms":0,"status":"ok","attributes":{"http.route":"/api/pty/scheduler/start","http.request.method":"POST","code.function":"createAppHandler","control_center.operation.duration_ms":0,"pty.scheduler.worker_count":2}}
# {"timestamp":"2026-04-22T14:39:59.294Z","level":"info","service":"my-module","event":"metric.histogram","name":"control_center_operation_duration_ms","value":0,"unit":"ms","attributes":{"operation":"pty.scheduler.start","route":"/api/pty/scheduler/start","method":"POST"}}
# {"timestamp":"2026-04-22T14:39:59.294Z","level":"info","service":"my-module","event":"control_center.operation","trace_id":"bd7529576616432d8dd2197c9d5b9d1e","parent_span_id":"7655008c88614014","span_id":"65b0eca4a54941f7","correlation_id":"b83a6701-8045-4bab-8ce5-672943a0de10","request_id":"b83a6701-8045-4bab-8ce5-672943a0de10","operation":"pty.scheduler.start","route":"/api/pty/scheduler/start","method":"POST","duration_ms":0,"message":"ok","pty.scheduler.worker_count":2}
# {"timestamp":"2026-04-22T14:39:59.296Z","level":"info","service":"my-module","event":"metric.counter","name":"pty_bridge_send_total","delta":1,"total":16,"attributes":{"route":"/api/pty/enter-now","method":"POST","action":"enter"}}
# {"timestamp":"2026-04-22T14:39:59.297Z","level":"info","service":"my-module","event":"metric.counter","name":"pty_bridge_send_total","delta":1,"total":17,"attributes":{"route":"/api/pty/enter-now","method":"POST","action":"enter"}}
# {"timestamp":"2026-04-22T14:39:59.297Z","level":"info","service":"my-module","event":"metric.counter","name":"pty_bridge_send_total","delta":1,"total":18,"attributes":{"route":"/api/pty/send-now","method":"POST","action":"prompt"}}
# {"timestamp":"2026-04-22T14:40:00.432Z","level":"info","service":"my-module","event":"metric.counter","name":"pty_scheduler_stop_total","delta":1,"total":5,"attributes":{"route":"/api/pty/scheduler/stop","method":"POST"}}
# {"timestamp":"2026-04-22T14:40:00.432Z","level":"info","service":"my-module","event":"span.end","trace_id":"49f27a57ef634c9b8c4c431b16995831","span_id":"8867fcc0206a4250","parent_span_id":"f4752d70aeea4db7","name":"pty.scheduler.stop","duration_ms":0,"status":"ok","attributes":{"http.route":"/api/pty/scheduler/stop","http.request.method":"POST","code.function":"createAppHandler","control_center.operation.duration_ms":0,"pty.scheduler.worker_count":2}}
# {"timestamp":"2026-04-22T14:40:00.432Z","level":"info","service":"my-module","event":"metric.histogram","name":"control_center_operation_duration_ms","value":0,"unit":"ms","attributes":{"operation":"pty.scheduler.stop","route":"/api/pty/scheduler/stop","method":"POST"}}
# {"timestamp":"2026-04-22T14:40:00.432Z","level":"info","service":"my-module","event":"control_center.operation","trace_id":"49f27a57ef634c9b8c4c431b16995831","parent_span_id":"f4752d70aeea4db7","span_id":"8867fcc0206a4250","correlation_id":"69cc33c6-24f7-4506-933f-9c412ef84bee","request_id":"69cc33c6-24f7-4506-933f-9c412ef84bee","operation":"pty.scheduler.stop","route":"/api/pty/scheduler/stop","method":"POST","duration_ms":0,"message":"ok","pty.scheduler.worker_count":2}
# {"timestamp":"2026-04-22T14:40:00.433Z","level":"info","service":"my-module","event":"metric.counter","name":"pty_scheduler_start_total","delta":1,"total":6,"attributes":{"route":"/api/pty/scheduler/start","method":"POST"}}
# {"timestamp":"2026-04-22T14:40:00.433Z","level":"info","service":"my-module","event":"span.end","trace_id":"36c82920d7f54ecea890a687f268d0ba","span_id":"261d0b6d20b84967","parent_span_id":"eee10288eaaa48f2","name":"pty.scheduler.start","duration_ms":0,"status":"ok","attributes":{"http.route":"/api/pty/scheduler/start","http.request.method":"POST","code.function":"createAppHandler","control_center.operation.duration_ms":0,"pty.scheduler.worker_count":2}}
# {"timestamp":"2026-04-22T14:40:00.433Z","level":"info","service":"my-module","event":"metric.histogram","name":"control_center_operation_duration_ms","value":0,"unit":"ms","attributes":{"operation":"pty.scheduler.start","route":"/api/pty/scheduler/start","method":"POST"}}
# {"timestamp":"2026-04-22T14:40:00.433Z","level":"info","service":"my-module","event":"control_center.operation","trace_id":"36c82920d7f54ecea890a687f268d0ba","parent_span_id":"eee10288eaaa48f2","span_id":"261d0b6d20b84967","correlation_id":"7c4aaa07-7941-4630-9293-527ed5b1315c","request_id":"7c4aaa07-7941-4630-9293-527ed5b1315c","operation":"pty.scheduler.start","route":"/api/pty/scheduler/start","method":"POST","duration_ms":0,"message":"ok","pty.scheduler.worker_count":2}
# {"timestamp":"2026-04-22T14:40:00.433Z","level":"info","service":"my-module","event":"metric.counter","name":"pty_bridge_send_total","delta":1,"total":19,"attributes":{"route":"/api/pty/send-now","method":"POST","action":"prompt"}}
# {"timestamp":"2026-04-22T14:40:00.434Z","level":"info","service":"my-module","event":"metric.counter","name":"pty_bridge_send_total","delta":1,"total":20,"attributes":{"route":"/api/pty/enter-now","method":"POST","action":"enter"}}
# {"timestamp":"2026-04-22T14:40:01.614Z","level":"info","service":"my-module","event":"metric.counter","name":"pty_scheduler_stop_total","delta":1,"total":6,"attributes":{"route":"/api/pty/scheduler/stop","method":"POST"}}
# {"timestamp":"2026-04-22T14:40:01.614Z","level":"info","service":"my-module","event":"span.end","trace_id":"cf86fecf78d84a21858e3067feebdd15","span_id":"d2a38a2dc2a94216","parent_span_id":"abb8ddc13ced44d4","name":"pty.scheduler.stop","duration_ms":0,"status":"ok","attributes":{"http.route":"/api/pty/scheduler/stop","http.request.method":"POST","code.function":"createAppHandler","control_center.operation.duration_ms":0,"pty.scheduler.worker_count":2}}
# {"timestamp":"2026-04-22T14:40:01.614Z","level":"info","service":"my-module","event":"metric.histogram","name":"control_center_operation_duration_ms","value":0,"unit":"ms","attributes":{"operation":"pty.scheduler.stop","route":"/api/pty/scheduler/stop","method":"POST"}}
# {"timestamp":"2026-04-22T14:40:01.614Z","level":"info","service":"my-module","event":"control_center.operation","trace_id":"cf86fecf78d84a21858e3067feebdd15","parent_span_id":"abb8ddc13ced44d4","span_id":"d2a38a2dc2a94216","correlation_id":"915b8f05-7fb9-46e1-934d-ac874864d1ad","request_id":"915b8f05-7fb9-46e1-934d-ac874864d1ad","operation":"pty.scheduler.stop","route":"/api/pty/scheduler/stop","method":"POST","duration_ms":0,"message":"ok","pty.scheduler.worker_count":2}
# {"timestamp":"2026-04-22T14:40:01.615Z","level":"info","service":"my-module","event":"metric.counter","name":"pty_scheduler_start_total","delta":1,"total":7,"attributes":{"route":"/api/pty/scheduler/start","method":"POST"}}
# {"timestamp":"2026-04-22T14:40:01.615Z","level":"info","service":"my-module","event":"span.end","trace_id":"5d3c4a8e94334a1387e99cacc87c15e1","span_id":"fd1b578e4ac243b4","parent_span_id":"04c02a804ddc4f3f","name":"pty.scheduler.start","duration_ms":0,"status":"ok","attributes":{"http.route":"/api/pty/scheduler/start","http.request.method":"POST","code.function":"createAppHandler","control_center.operation.duration_ms":0,"pty.scheduler.worker_count":2}}
# {"timestamp":"2026-04-22T14:40:01.615Z","level":"info","service":"my-module","event":"metric.histogram","name":"control_center_operation_duration_ms","value":0,"unit":"ms","attributes":{"operation":"pty.scheduler.start","route":"/api/pty/scheduler/start","method":"POST"}}
# {"timestamp":"2026-04-22T14:40:01.615Z","level":"info","service":"my-module","event":"control_center.operation","trace_id":"5d3c4a8e94334a1387e99cacc87c15e1","parent_span_id":"04c02a804ddc4f3f","span_id":"fd1b578e4ac243b4","correlation_id":"94dd9974-13a8-4b54-a0e0-9a0fdf6e900a","request_id":"94dd9974-13a8-4b54-a0e0-9a0fdf6e900a","operation":"pty.scheduler.start","route":"/api/pty/scheduler/start","method":"POST","duration_ms":0,"message":"ok","pty.scheduler.worker_count":2}
# {"timestamp":"2026-04-22T14:40:01.616Z","level":"info","service":"my-module","event":"metric.counter","name":"pty_bridge_send_total","delta":1,"total":21,"attributes":{"route":"/api/pty/send-now","method":"POST","action":"prompt"}}
# {"timestamp":"2026-04-22T14:40:01.616Z","level":"info","service":"my-module","event":"metric.counter","name":"pty_bridge_send_total","delta":1,"total":22,"attributes":{"route":"/api/pty/send-now","method":"POST","action":"prompt"}}
# {"timestamp":"2026-04-22T14:40:01.617Z","level":"info","service":"my-module","event":"metric.counter","name":"pty_bridge_send_total","delta":1,"total":23,"attributes":{"route":"/api/pty/send-now","method":"POST","action":"prompt"}}
# {"timestamp":"2026-04-22T14:40:01.617Z","level":"info","service":"my-module","event":"metric.counter","name":"pty_bridge_send_total","delta":1,"total":24,"attributes":{"route":"/api/pty/send-now","method":"POST","action":"prompt"}}
# {"timestamp":"2026-04-22T14:40:01.618Z","level":"info","service":"my-module","event":"metric.counter","name":"pty_bridge_send_total","delta":1,"total":25,"attributes":{"route":"/api/pty/enter-now","method":"POST","action":"enter"}}
# {"timestamp":"2026-04-22T14:40:01.619Z","level":"info","service":"my-module","event":"metric.counter","name":"pty_bridge_send_total","delta":1,"total":26,"attributes":{"route":"/api/pty/send-now","method":"POST","action":"prompt"}}
# {"timestamp":"2026-04-22T14:40:02.821Z","level":"info","service":"my-module","event":"metric.counter","name":"pty_scheduler_stop_total","delta":1,"total":7,"attributes":{"route":"/api/pty/scheduler/stop","method":"POST"}}
# {"timestamp":"2026-04-22T14:40:02.822Z","level":"info","service":"my-module","event":"span.end","trace_id":"82b0080fc4564cb0a9461f103a859d1b","span_id":"dcb7ec18334d4f08","parent_span_id":"ccc5e67696134201","name":"pty.scheduler.stop","duration_ms":1,"status":"ok","attributes":{"http.route":"/api/pty/scheduler/stop","http.request.method":"POST","code.function":"createAppHandler","control_center.operation.duration_ms":1,"pty.scheduler.worker_count":2}}
# {"timestamp":"2026-04-22T14:40:02.822Z","level":"info","service":"my-module","event":"metric.histogram","name":"control_center_operation_duration_ms","value":1,"unit":"ms","attributes":{"operation":"pty.scheduler.stop","route":"/api/pty/scheduler/stop","method":"POST"}}
# {"timestamp":"2026-04-22T14:40:02.822Z","level":"info","service":"my-module","event":"control_center.operation","trace_id":"82b0080fc4564cb0a9461f103a859d1b","parent_span_id":"ccc5e67696134201","span_id":"dcb7ec18334d4f08","correlation_id":"032e82b8-fa3a-42e1-99bd-5f139528336e","request_id":"032e82b8-fa3a-42e1-99bd-5f139528336e","operation":"pty.scheduler.stop","route":"/api/pty/scheduler/stop","method":"POST","duration_ms":1,"message":"ok","pty.scheduler.worker_count":2}
# {"timestamp":"2026-04-22T14:40:02.823Z","level":"info","service":"my-module","event":"metric.counter","name":"pty_scheduler_start_total","delta":1,"total":8,"attributes":{"route":"/api/pty/scheduler/start","method":"POST"}}
# {"timestamp":"2026-04-22T14:40:02.823Z","level":"info","service":"my-module","event":"span.end","trace_id":"f83dab7c7c7349428344771eef5a820f","span_id":"2e8be2d460544408","parent_span_id":"59aa1bb195be40f1","name":"pty.scheduler.start","duration_ms":0,"status":"ok","attributes":{"http.route":"/api/pty/scheduler/start","http.request.method":"POST","code.function":"createAppHandler","control_center.operation.duration_ms":0,"pty.scheduler.worker_count":2}}
# {"timestamp":"2026-04-22T14:40:02.823Z","level":"info","service":"my-module","event":"metric.histogram","name":"control_center_operation_duration_ms","value":0,"unit":"ms","attributes":{"operation":"pty.scheduler.start","route":"/api/pty/scheduler/start","method":"POST"}}
# {"timestamp":"2026-04-22T14:40:02.823Z","level":"info","service":"my-module","event":"control_center.operation","trace_id":"f83dab7c7c7349428344771eef5a820f","parent_span_id":"59aa1bb195be40f1","span_id":"2e8be2d460544408","correlation_id":"484fb480-d615-47bd-ba2a-cbb5ae795b97","request_id":"484fb480-d615-47bd-ba2a-cbb5ae795b97","operation":"pty.scheduler.start","route":"/api/pty/scheduler/start","method":"POST","duration_ms":0,"message":"ok","pty.scheduler.worker_count":2}
# {"timestamp":"2026-04-22T14:40:02.824Z","level":"info","service":"my-module","event":"metric.counter","name":"pty_bridge_send_total","delta":1,"total":27,"attributes":{"route":"/api/pty/send-now","method":"POST","action":"prompt"}}
# {"timestamp":"2026-04-22T14:40:02.825Z","level":"info","service":"my-module","event":"metric.counter","name":"pty_bridge_send_total","delta":1,"total":28,"attributes":{"route":"/api/pty/send-now","method":"POST","action":"prompt"}}
# {"timestamp":"2026-04-22T14:40:02.826Z","level":"info","service":"my-module","event":"metric.counter","name":"pty_bridge_send_total","delta":1,"total":29,"attributes":{"route":"/api/pty/send-now","method":"POST","action":"prompt"}}
# {"timestamp":"2026-04-22T14:40:03.925Z","level":"info","service":"my-module","event":"metric.counter","name":"pty_scheduler_stop_total","delta":1,"total":8,"attributes":{"route":"/api/pty/scheduler/stop","method":"POST"}}
# {"timestamp":"2026-04-22T14:40:03.925Z","level":"info","service":"my-module","event":"span.end","trace_id":"6fcacaf995ea4acfb1836f060e8b1ff7","span_id":"ef99d17d48694927","parent_span_id":"051b15e364c14905","name":"pty.scheduler.stop","duration_ms":0,"status":"ok","attributes":{"http.route":"/api/pty/scheduler/stop","http.request.method":"POST","code.function":"createAppHandler","control_center.operation.duration_ms":0,"pty.scheduler.worker_count":2}}
# {"timestamp":"2026-04-22T14:40:03.925Z","level":"info","service":"my-module","event":"metric.histogram","name":"control_center_operation_duration_ms","value":0,"unit":"ms","attributes":{"operation":"pty.scheduler.stop","route":"/api/pty/scheduler/stop","method":"POST"}}
# {"timestamp":"2026-04-22T14:40:03.925Z","level":"info","service":"my-module","event":"control_center.operation","trace_id":"6fcacaf995ea4acfb1836f060e8b1ff7","parent_span_id":"051b15e364c14905","span_id":"ef99d17d48694927","correlation_id":"e38c3515-2566-47e3-ac17-24548d388d11","request_id":"e38c3515-2566-47e3-ac17-24548d388d11","operation":"pty.scheduler.stop","route":"/api/pty/scheduler/stop","method":"POST","duration_ms":0,"message":"ok","pty.scheduler.worker_count":2}
# {"timestamp":"2026-04-22T14:40:03.926Z","level":"info","service":"my-module","event":"metric.counter","name":"pty_scheduler_start_total","delta":1,"total":9,"attributes":{"route":"/api/pty/scheduler/start","method":"POST"}}
# {"timestamp":"2026-04-22T14:40:03.926Z","level":"info","service":"my-module","event":"span.end","trace_id":"8cbdfa292a614e89917068fa3f2085c3","span_id":"46ece4573dca4e00","parent_span_id":"07aab2dd0a3844d4","name":"pty.scheduler.start","duration_ms":0,"status":"ok","attributes":{"http.route":"/api/pty/scheduler/start","http.request.method":"POST","code.function":"createAppHandler","control_center.operation.duration_ms":0,"pty.scheduler.worker_count":2}}
# {"timestamp":"2026-04-22T14:40:03.926Z","level":"info","service":"my-module","event":"metric.histogram","name":"control_center_operation_duration_ms","value":0,"unit":"ms","attributes":{"operation":"pty.scheduler.start","route":"/api/pty/scheduler/start","method":"POST"}}
# {"timestamp":"2026-04-22T14:40:03.926Z","level":"info","service":"my-module","event":"control_center.operation","trace_id":"8cbdfa292a614e89917068fa3f2085c3","parent_span_id":"07aab2dd0a3844d4","span_id":"46ece4573dca4e00","correlation_id":"7f5c92da-57d3-40f3-801b-934120ac676d","request_id":"7f5c92da-57d3-40f3-801b-934120ac676d","operation":"pty.scheduler.start","route":"/api/pty/scheduler/start","method":"POST","duration_ms":0,"message":"ok","pty.scheduler.worker_count":2}
# {"timestamp":"2026-04-22T14:40:03.927Z","level":"info","service":"my-module","event":"metric.counter","name":"pty_bridge_send_total","delta":1,"total":30,"attributes":{"route":"/api/pty/enter-now","method":"POST","action":"enter"}}
# {"timestamp":"2026-04-22T14:40:03.928Z","level":"info","service":"my-module","event":"metric.counter","name":"pty_bridge_send_total","delta":1,"total":31,"attributes":{"route":"/api/pty/send-now","method":"POST","action":"prompt"}}
# {"timestamp":"2026-04-22T14:40:03.929Z","level":"info","service":"my-module","event":"metric.counter","name":"pty_bridge_send_total","delta":1,"total":32,"attributes":{"route":"/api/pty/send-now","method":"POST","action":"prompt"}}
# {"timestamp":"2026-04-22T14:40:04.999Z","level":"info","service":"my-module","event":"metric.counter","name":"pty_scheduler_stop_total","delta":1,"total":9,"attributes":{"route":"/api/pty/scheduler/stop","method":"POST"}}
# {"timestamp":"2026-04-22T14:40:04.999Z","level":"info","service":"my-module","event":"span.end","trace_id":"54c483c7264c49899dec8dd51c06fc8c","span_id":"05be794ad1184a8c","parent_span_id":"a9ad6a1867994c6a","name":"pty.scheduler.stop","duration_ms":0,"status":"ok","attributes":{"http.route":"/api/pty/scheduler/stop","http.request.method":"POST","code.function":"createAppHandler","control_center.operation.duration_ms":0,"pty.scheduler.worker_count":2}}
# {"timestamp":"2026-04-22T14:40:04.999Z","level":"info","service":"my-module","event":"metric.histogram","name":"control_center_operation_duration_ms","value":0,"unit":"ms","attributes":{"operation":"pty.scheduler.stop","route":"/api/pty/scheduler/stop","method":"POST"}}
# {"timestamp":"2026-04-22T14:40:04.999Z","level":"info","service":"my-module","event":"control_center.operation","trace_id":"54c483c7264c49899dec8dd51c06fc8c","parent_span_id":"a9ad6a1867994c6a","span_id":"05be794ad1184a8c","correlation_id":"608e0dbe-e01c-43e1-8ec1-76e320851409","request_id":"608e0dbe-e01c-43e1-8ec1-76e320851409","operation":"pty.scheduler.stop","route":"/api/pty/scheduler/stop","method":"POST","duration_ms":0,"message":"ok","pty.scheduler.worker_count":2}
# {"timestamp":"2026-04-22T14:40:05.000Z","level":"info","service":"my-module","event":"metric.counter","name":"pty_scheduler_start_total","delta":1,"total":10,"attributes":{"route":"/api/pty/scheduler/start","method":"POST"}}
# {"timestamp":"2026-04-22T14:40:05.000Z","level":"info","service":"my-module","event":"span.end","trace_id":"c7db362975f74de191ae079131a271f1","span_id":"4eac12ca91c048c4","parent_span_id":"6958ded504e04593","name":"pty.scheduler.start","duration_ms":0,"status":"ok","attributes":{"http.route":"/api/pty/scheduler/start","http.request.method":"POST","code.function":"createAppHandler","control_center.operation.duration_ms":0,"pty.scheduler.worker_count":2}}
# {"timestamp":"2026-04-22T14:40:05.000Z","level":"info","service":"my-module","event":"metric.histogram","name":"control_center_operation_duration_ms","value":0,"unit":"ms","attributes":{"operation":"pty.scheduler.start","route":"/api/pty/scheduler/start","method":"POST"}}
# {"timestamp":"2026-04-22T14:40:05.000Z","level":"info","service":"my-module","event":"control_center.operation","trace_id":"c7db362975f74de191ae079131a271f1","parent_span_id":"6958ded504e04593","span_id":"4eac12ca91c048c4","correlation_id":"7eed9ebb-6991-4bed-9a0f-748e48deb622","request_id":"7eed9ebb-6991-4bed-9a0f-748e48deb622","operation":"pty.scheduler.start","route":"/api/pty/scheduler/start","method":"POST","duration_ms":0,"message":"ok","pty.scheduler.worker_count":2}
# {"timestamp":"2026-04-22T14:40:05.004Z","level":"info","service":"my-module","event":"metric.counter","name":"pty_bridge_send_total","delta":1,"total":33,"attributes":{"route":"/api/pty/enter-now","method":"POST","action":"enter"}}
# {"timestamp":"2026-04-22T14:40:05.005Z","level":"info","service":"my-module","event":"metric.counter","name":"pty_bridge_send_total","delta":1,"total":34,"attributes":{"route":"/api/pty/send-now","method":"POST","action":"prompt"}}
# {"timestamp":"2026-04-22T14:40:05.005Z","level":"info","service":"my-module","event":"metric.counter","name":"pty_bridge_send_total","delta":1,"total":35,"attributes":{"route":"/api/pty/enter-now","method":"POST","action":"enter"}}
# {"timestamp":"2026-04-22T14:40:06.088Z","level":"info","service":"my-module","event":"metric.counter","name":"pty_scheduler_stop_total","delta":1,"total":10,"attributes":{"route":"/api/pty/scheduler/stop","method":"POST"}}
# {"timestamp":"2026-04-22T14:40:06.089Z","level":"info","service":"my-module","event":"span.end","trace_id":"04937eba0e1d4ec68d3f96e6e719cc11","span_id":"00bfa38ab742418d","parent_span_id":"390c073210104b20","name":"pty.scheduler.stop","duration_ms":1,"status":"ok","attributes":{"http.route":"/api/pty/scheduler/stop","http.request.method":"POST","code.function":"createAppHandler","control_center.operation.duration_ms":1,"pty.scheduler.worker_count":2}}
# {"timestamp":"2026-04-22T14:40:06.089Z","level":"info","service":"my-module","event":"metric.histogram","name":"control_center_operation_duration_ms","value":1,"unit":"ms","attributes":{"operation":"pty.scheduler.stop","route":"/api/pty/scheduler/stop","method":"POST"}}
# {"timestamp":"2026-04-22T14:40:06.089Z","level":"info","service":"my-module","event":"control_center.operation","trace_id":"04937eba0e1d4ec68d3f96e6e719cc11","parent_span_id":"390c073210104b20","span_id":"00bfa38ab742418d","correlation_id":"982b3192-1994-4878-a862-4e44a4325e7e","request_id":"982b3192-1994-4878-a862-4e44a4325e7e","operation":"pty.scheduler.stop","route":"/api/pty/scheduler/stop","method":"POST","duration_ms":1,"message":"ok","pty.scheduler.worker_count":2}
# {"timestamp":"2026-04-22T14:40:06.090Z","level":"info","service":"my-module","event":"metric.counter","name":"pty_scheduler_start_total","delta":1,"total":11,"attributes":{"route":"/api/pty/scheduler/start","method":"POST"}}
# {"timestamp":"2026-04-22T14:40:06.090Z","level":"info","service":"my-module","event":"span.end","trace_id":"27269460f5bb43b092424f38a4f6276f","span_id":"b0c441872be74d40","parent_span_id":"8f8afffd23cf44fb","name":"pty.scheduler.start","duration_ms":0,"status":"ok","attributes":{"http.route":"/api/pty/scheduler/start","http.request.method":"POST","code.function":"createAppHandler","control_center.operation.duration_ms":0,"pty.scheduler.worker_count":2}}
# {"timestamp":"2026-04-22T14:40:06.090Z","level":"info","service":"my-module","event":"metric.histogram","name":"control_center_operation_duration_ms","value":0,"unit":"ms","attributes":{"operation":"pty.scheduler.start","route":"/api/pty/scheduler/start","method":"POST"}}
# {"timestamp":"2026-04-22T14:40:06.090Z","level":"info","service":"my-module","event":"control_center.operation","trace_id":"27269460f5bb43b092424f38a4f6276f","parent_span_id":"8f8afffd23cf44fb","span_id":"b0c441872be74d40","correlation_id":"b1dfd0ec-6636-4576-af98-7ef5667de4cc","request_id":"b1dfd0ec-6636-4576-af98-7ef5667de4cc","operation":"pty.scheduler.start","route":"/api/pty/scheduler/start","method":"POST","duration_ms":0,"message":"ok","pty.scheduler.worker_count":2}
# {"timestamp":"2026-04-22T14:40:06.091Z","level":"info","service":"my-module","event":"metric.counter","name":"pty_bridge_send_total","delta":1,"total":36,"attributes":{"route":"/api/pty/send-now","method":"POST","action":"prompt"}}
# {"timestamp":"2026-04-22T14:40:06.091Z","level":"info","service":"my-module","event":"metric.counter","name":"pty_bridge_send_total","delta":1,"total":37,"attributes":{"route":"/api/pty/send-now","method":"POST","action":"prompt"}}
# {"timestamp":"2026-04-22T14:40:06.092Z","level":"info","service":"my-module","event":"metric.counter","name":"pty_bridge_send_total","delta":1,"total":38,"attributes":{"route":"/api/pty/send-now","method":"POST","action":"prompt"}}
# {"timestamp":"2026-04-22T14:40:06.093Z","level":"info","service":"my-module","event":"metric.counter","name":"pty_bridge_send_total","delta":1,"total":39,"attributes":{"route":"/api/pty/send-now","method":"POST","action":"prompt"}}
# {"timestamp":"2026-04-22T14:40:06.094Z","level":"info","service":"my-module","event":"metric.counter","name":"pty_bridge_send_total","delta":1,"total":40,"attributes":{"route":"/api/pty/enter-now","method":"POST","action":"enter"}}
# {"timestamp":"2026-04-22T14:40:07.140Z","level":"info","service":"my-module","event":"metric.counter","name":"pty_scheduler_stop_total","delta":1,"total":11,"attributes":{"route":"/api/pty/scheduler/stop","method":"POST"}}
# {"timestamp":"2026-04-22T14:40:07.140Z","level":"info","service":"my-module","event":"span.end","trace_id":"1dcd61b5b46841879130e8900230d2e7","span_id":"bc4b534b0ce844b7","parent_span_id":"e4c953934ea7406d","name":"pty.scheduler.stop","duration_ms":0,"status":"ok","attributes":{"http.route":"/api/pty/scheduler/stop","http.request.method":"POST","code.function":"createAppHandler","control_center.operation.duration_ms":0,"pty.scheduler.worker_count":2}}
# {"timestamp":"2026-04-22T14:40:07.140Z","level":"info","service":"my-module","event":"metric.histogram","name":"control_center_operation_duration_ms","value":0,"unit":"ms","attributes":{"operation":"pty.scheduler.stop","route":"/api/pty/scheduler/stop","method":"POST"}}
# {"timestamp":"2026-04-22T14:40:07.140Z","level":"info","service":"my-module","event":"control_center.operation","trace_id":"1dcd61b5b46841879130e8900230d2e7","parent_span_id":"e4c953934ea7406d","span_id":"bc4b534b0ce844b7","correlation_id":"12e09f4c-246b-4886-8af0-ed58b7d53d47","request_id":"12e09f4c-246b-4886-8af0-ed58b7d53d47","operation":"pty.scheduler.stop","route":"/api/pty/scheduler/stop","method":"POST","duration_ms":0,"message":"ok","pty.scheduler.worker_count":2}
# {"timestamp":"2026-04-22T14:40:07.141Z","level":"info","service":"my-module","event":"metric.counter","name":"pty_scheduler_start_total","delta":1,"total":12,"attributes":{"route":"/api/pty/scheduler/start","method":"POST"}}
# {"timestamp":"2026-04-22T14:40:07.141Z","level":"info","service":"my-module","event":"span.end","trace_id":"2e7dec7058ab468eb35f326733d880bf","span_id":"675c6c06dc70478a","parent_span_id":"aef5380cc2dc4720","name":"pty.scheduler.start","duration_ms":0,"status":"ok","attributes":{"http.route":"/api/pty/scheduler/start","http.request.method":"POST","code.function":"createAppHandler","control_center.operation.duration_ms":0,"pty.scheduler.worker_count":2}}
# {"timestamp":"2026-04-22T14:40:07.141Z","level":"info","service":"my-module","event":"metric.histogram","name":"control_center_operation_duration_ms","value":0,"unit":"ms","attributes":{"operation":"pty.scheduler.start","route":"/api/pty/scheduler/start","method":"POST"}}
# {"timestamp":"2026-04-22T14:40:07.141Z","level":"info","service":"my-module","event":"control_center.operation","trace_id":"2e7dec7058ab468eb35f326733d880bf","parent_span_id":"aef5380cc2dc4720","span_id":"675c6c06dc70478a","correlation_id":"761e6cad-1602-42f7-8268-508fec3f4e31","request_id":"761e6cad-1602-42f7-8268-508fec3f4e31","operation":"pty.scheduler.start","route":"/api/pty/scheduler/start","method":"POST","duration_ms":0,"message":"ok","pty.scheduler.worker_count":2}
# {"timestamp":"2026-04-22T14:40:07.142Z","level":"info","service":"my-module","event":"metric.counter","name":"pty_bridge_send_total","delta":1,"total":41,"attributes":{"route":"/api/pty/enter-now","method":"POST","action":"enter"}}
# {"timestamp":"2026-04-22T14:40:07.143Z","level":"info","service":"my-module","event":"metric.counter","name":"pty_bridge_send_total","delta":1,"total":42,"attributes":{"route":"/api/pty/send-now","method":"POST","action":"prompt"}}
# {"timestamp":"2026-04-22T14:40:07.143Z","level":"info","service":"my-module","event":"metric.counter","name":"pty_bridge_send_total","delta":1,"total":43,"attributes":{"route":"/api/pty/enter-now","method":"POST","action":"enter"}}
# {"timestamp":"2026-04-22T14:40:07.144Z","level":"info","service":"my-module","event":"metric.counter","name":"pty_bridge_send_total","delta":1,"total":44,"attributes":{"route":"/api/pty/enter-now","method":"POST","action":"enter"}}
# {"timestamp":"2026-04-22T14:40:07.144Z","level":"info","service":"my-module","event":"metric.counter","name":"pty_bridge_send_total","delta":1,"total":45,"attributes":{"route":"/api/pty/enter-now","method":"POST","action":"enter"}}
# {"timestamp":"2026-04-22T14:40:07.145Z","level":"info","service":"my-module","event":"metric.counter","name":"pty_bridge_send_total","delta":1,"total":46,"attributes":{"route":"/api/pty/send-now","method":"POST","action":"prompt"}}
# {"timestamp":"2026-04-22T14:40:08.269Z","level":"info","service":"my-module","event":"metric.counter","name":"pty_scheduler_stop_total","delta":1,"total":12,"attributes":{"route":"/api/pty/scheduler/stop","method":"POST"}}
# {"timestamp":"2026-04-22T14:40:08.269Z","level":"info","service":"my-module","event":"span.end","trace_id":"44a82c2b2cde4060ac7994dd9ff08d76","span_id":"ac90d7cfb97345f2","parent_span_id":"b645f4fc15d34ac1","name":"pty.scheduler.stop","duration_ms":0,"status":"ok","attributes":{"http.route":"/api/pty/scheduler/stop","http.request.method":"POST","code.function":"createAppHandler","control_center.operation.duration_ms":0,"pty.scheduler.worker_count":2}}
# {"timestamp":"2026-04-22T14:40:08.269Z","level":"info","service":"my-module","event":"metric.histogram","name":"control_center_operation_duration_ms","value":0,"unit":"ms","attributes":{"operation":"pty.scheduler.stop","route":"/api/pty/scheduler/stop","method":"POST"}}
# {"timestamp":"2026-04-22T14:40:08.269Z","level":"info","service":"my-module","event":"control_center.operation","trace_id":"44a82c2b2cde4060ac7994dd9ff08d76","parent_span_id":"b645f4fc15d34ac1","span_id":"ac90d7cfb97345f2","correlation_id":"1dcc5c73-73bf-4b2c-998a-a003be3beba8","request_id":"1dcc5c73-73bf-4b2c-998a-a003be3beba8","operation":"pty.scheduler.stop","route":"/api/pty/scheduler/stop","method":"POST","duration_ms":0,"message":"ok","pty.scheduler.worker_count":2}
# {"timestamp":"2026-04-22T14:40:08.269Z","level":"warn","service":"my-module","event":"server.draining","reason":"test","drain_started_at":"2026-04-22T14:40:08.269Z"}
# Subtest: [property] scheduler current activity follows the last successful targeted worker across valid action sequences
ok 130 - [property] scheduler current activity follows the last successful targeted worker across valid action sequences
  ---
  duration_ms: 15335.130565
  type: 'test'
  ...
# {"timestamp":"2026-04-22T14:40:08.274Z","level":"info","service":"my-module","event":"metric.counter","name":"pty_bridge_sessions_read_total","delta":1,"total":2,"attributes":{"route":"/api/pty/sessions","method":"GET"}}
# {"timestamp":"2026-04-22T14:40:08.274Z","level":"info","service":"my-module","event":"span.end","trace_id":"3caef70d8a1547839d41af3a977b9064","span_id":"47cb720b819c4cda","parent_span_id":"5ecfaedf6c9f4f8c","name":"pty.bridge.sessions","duration_ms":0,"status":"ok","attributes":{"http.route":"/api/pty/sessions","http.request.method":"GET","code.function":"createAppHandler","control_center.operation.duration_ms":0,"pty.session.count":1}}
# {"timestamp":"2026-04-22T14:40:08.274Z","level":"info","service":"my-module","event":"metric.histogram","name":"control_center_operation_duration_ms","value":0,"unit":"ms","attributes":{"operation":"pty.bridge.sessions","route":"/api/pty/sessions","method":"GET"}}
# {"timestamp":"2026-04-22T14:40:08.274Z","level":"info","service":"my-module","event":"control_center.operation","trace_id":"3caef70d8a1547839d41af3a977b9064","parent_span_id":"5ecfaedf6c9f4f8c","span_id":"47cb720b819c4cda","correlation_id":"448f3f65-2607-4b15-ad93-9e79ef2cc152","request_id":"448f3f65-2607-4b15-ad93-9e79ef2cc152","operation":"pty.bridge.sessions","route":"/api/pty/sessions","method":"GET","duration_ms":0,"message":"ok","pty.session.count":1}
# {"timestamp":"2026-04-22T14:40:08.275Z","level":"info","service":"my-module","event":"metric.counter","name":"pty_scheduler_start_total","delta":1,"total":13,"attributes":{"route":"/api/pty/scheduler/start","method":"POST"}}
# {"timestamp":"2026-04-22T14:40:08.275Z","level":"info","service":"my-module","event":"span.end","trace_id":"8f1455e368554f699fb5c7a3469d98f4","span_id":"c8dc2d46a8a94b47","parent_span_id":"a9bb1253b15b4b16","name":"pty.scheduler.start","duration_ms":0,"status":"ok","attributes":{"http.route":"/api/pty/scheduler/start","http.request.method":"POST","code.function":"createAppHandler","control_center.operation.duration_ms":0,"pty.scheduler.worker_count":2}}
# {"timestamp":"2026-04-22T14:40:08.275Z","level":"info","service":"my-module","event":"metric.histogram","name":"control_center_operation_duration_ms","value":0,"unit":"ms","attributes":{"operation":"pty.scheduler.start","route":"/api/pty/scheduler/start","method":"POST"}}
# {"timestamp":"2026-04-22T14:40:08.275Z","level":"info","service":"my-module","event":"control_center.operation","trace_id":"8f1455e368554f699fb5c7a3469d98f4","parent_span_id":"a9bb1253b15b4b16","span_id":"c8dc2d46a8a94b47","correlation_id":"59094382-0b6d-493f-8575-706f47201201","request_id":"59094382-0b6d-493f-8575-706f47201201","operation":"pty.scheduler.start","route":"/api/pty/scheduler/start","method":"POST","duration_ms":0,"message":"ok","pty.scheduler.worker_count":2}
# {"timestamp":"2026-04-22T14:40:08.276Z","level":"info","service":"my-module","event":"metric.counter","name":"pty_bridge_send_total","delta":1,"total":47,"attributes":{"route":"/api/pty/enter-now","method":"POST","action":"enter"}}
# {"timestamp":"2026-04-22T14:40:08.277Z","level":"info","service":"my-module","event":"metric.counter","name":"pty_bridge_send_total","delta":1,"total":48,"attributes":{"route":"/api/pty/send-now","method":"POST","action":"prompt"}}
# {"timestamp":"2026-04-22T14:40:08.277Z","level":"info","service":"my-module","event":"metric.counter","name":"pty_bridge_failures_total","delta":1,"total":1,"attributes":{"route":"/api/pty/send-now","method":"POST","reason":"scheduler_send_now_failed"}}
# {"timestamp":"2026-04-22T14:40:08.278Z","level":"info","service":"my-module","event":"metric.counter","name":"pty_bridge_failures_total","delta":1,"total":2,"attributes":{"route":"/api/pty/enter-now","method":"POST","reason":"scheduler_enter_now_failed"}}
# {"timestamp":"2026-04-22T14:40:08.279Z","level":"info","service":"my-module","event":"metric.counter","name":"pty_bridge_failures_total","delta":1,"total":3,"attributes":{"route":"/api/pty/send-now","method":"POST","reason":"scheduler_send_now_failed"}}
# {"timestamp":"2026-04-22T14:40:08.279Z","level":"info","service":"my-module","event":"metric.counter","name":"pty_bridge_send_total","delta":1,"total":49,"attributes":{"route":"/api/pty/send-now","method":"POST","action":"prompt"}}
# {"timestamp":"2026-04-22T14:40:09.336Z","level":"info","service":"my-module","event":"metric.counter","name":"pty_scheduler_stop_total","delta":1,"total":13,"attributes":{"route":"/api/pty/scheduler/stop","method":"POST"}}
# {"timestamp":"2026-04-22T14:40:09.336Z","level":"info","service":"my-module","event":"span.end","trace_id":"95cee2be041e4c37be5cacb213ddf00f","span_id":"9e31d26676c04a19","parent_span_id":"7b3b1b30677c4c8a","name":"pty.scheduler.stop","duration_ms":0,"status":"ok","attributes":{"http.route":"/api/pty/scheduler/stop","http.request.method":"POST","code.function":"createAppHandler","control_center.operation.duration_ms":0,"pty.scheduler.worker_count":2}}
# {"timestamp":"2026-04-22T14:40:09.336Z","level":"info","service":"my-module","event":"metric.histogram","name":"control_center_operation_duration_ms","value":0,"unit":"ms","attributes":{"operation":"pty.scheduler.stop","route":"/api/pty/scheduler/stop","method":"POST"}}
# {"timestamp":"2026-04-22T14:40:09.336Z","level":"info","service":"my-module","event":"control_center.operation","trace_id":"95cee2be041e4c37be5cacb213ddf00f","parent_span_id":"7b3b1b30677c4c8a","span_id":"9e31d26676c04a19","correlation_id":"068dd1fa-dcb8-41ce-b729-59d61dc1d29b","request_id":"068dd1fa-dcb8-41ce-b729-59d61dc1d29b","operation":"pty.scheduler.stop","route":"/api/pty/scheduler/stop","method":"POST","duration_ms":0,"message":"ok","pty.scheduler.worker_count":2}
# {"timestamp":"2026-04-22T14:40:09.337Z","level":"info","service":"my-module","event":"metric.counter","name":"pty_scheduler_start_total","delta":1,"total":14,"attributes":{"route":"/api/pty/scheduler/start","method":"POST"}}
# {"timestamp":"2026-04-22T14:40:09.337Z","level":"info","service":"my-module","event":"span.end","trace_id":"164a185771b04fc6806af57aa32e372a","span_id":"5f82065fc6aa4b00","parent_span_id":"4270be89d164404b","name":"pty.scheduler.start","duration_ms":0,"status":"ok","attributes":{"http.route":"/api/pty/scheduler/start","http.request.method":"POST","code.function":"createAppHandler","control_center.operation.duration_ms":0,"pty.scheduler.worker_count":2}}
# {"timestamp":"2026-04-22T14:40:09.337Z","level":"info","service":"my-module","event":"metric.histogram","name":"control_center_operation_duration_ms","value":0,"unit":"ms","attributes":{"operation":"pty.scheduler.start","route":"/api/pty/scheduler/start","method":"POST"}}
# {"timestamp":"2026-04-22T14:40:09.337Z","level":"info","service":"my-module","event":"control_center.operation","trace_id":"164a185771b04fc6806af57aa32e372a","parent_span_id":"4270be89d164404b","span_id":"5f82065fc6aa4b00","correlation_id":"78ba3ec0-f99c-4ba8-bf19-4a0381a4177c","request_id":"78ba3ec0-f99c-4ba8-bf19-4a0381a4177c","operation":"pty.scheduler.start","route":"/api/pty/scheduler/start","method":"POST","duration_ms":0,"message":"ok","pty.scheduler.worker_count":2}
# {"timestamp":"2026-04-22T14:40:09.338Z","level":"info","service":"my-module","event":"metric.counter","name":"pty_bridge_failures_total","delta":1,"total":4,"attributes":{"route":"/api/pty/send-now","method":"POST","reason":"scheduler_send_now_failed"}}
# {"timestamp":"2026-04-22T14:40:09.339Z","level":"info","service":"my-module","event":"metric.counter","name":"pty_bridge_send_total","delta":1,"total":50,"attributes":{"route":"/api/pty/send-now","method":"POST","action":"prompt"}}
# {"timestamp":"2026-04-22T14:40:09.339Z","level":"info","service":"my-module","event":"metric.counter","name":"pty_bridge_send_total","delta":1,"total":51,"attributes":{"route":"/api/pty/send-now","method":"POST","action":"prompt"}}
# {"timestamp":"2026-04-22T14:40:09.340Z","level":"info","service":"my-module","event":"metric.counter","name":"pty_bridge_send_total","delta":1,"total":52,"attributes":{"route":"/api/pty/enter-now","method":"POST","action":"enter"}}
# {"timestamp":"2026-04-22T14:40:09.340Z","level":"info","service":"my-module","event":"metric.counter","name":"pty_bridge_send_total","delta":1,"total":53,"attributes":{"route":"/api/pty/enter-now","method":"POST","action":"enter"}}
# {"timestamp":"2026-04-22T14:40:09.341Z","level":"info","service":"my-module","event":"metric.counter","name":"pty_bridge_failures_total","delta":1,"total":5,"attributes":{"route":"/api/pty/send-now","method":"POST","reason":"scheduler_send_now_failed"}}
# {"timestamp":"2026-04-22T14:40:10.329Z","level":"info","service":"my-module","event":"metric.counter","name":"pty_scheduler_stop_total","delta":1,"total":14,"attributes":{"route":"/api/pty/scheduler/stop","method":"POST"}}
# {"timestamp":"2026-04-22T14:40:10.329Z","level":"info","service":"my-module","event":"span.end","trace_id":"9ef24d75920641f08b533dfe754f765a","span_id":"ee4b3df57e914599","parent_span_id":"72061fba01e94d6e","name":"pty.scheduler.stop","duration_ms":0,"status":"ok","attributes":{"http.route":"/api/pty/scheduler/stop","http.request.method":"POST","code.function":"createAppHandler","control_center.operation.duration_ms":0,"pty.scheduler.worker_count":2}}
# {"timestamp":"2026-04-22T14:40:10.329Z","level":"info","service":"my-module","event":"metric.histogram","name":"control_center_operation_duration_ms","value":0,"unit":"ms","attributes":{"operation":"pty.scheduler.stop","route":"/api/pty/scheduler/stop","method":"POST"}}
# {"timestamp":"2026-04-22T14:40:10.329Z","level":"info","service":"my-module","event":"control_center.operation","trace_id":"9ef24d75920641f08b533dfe754f765a","parent_span_id":"72061fba01e94d6e","span_id":"ee4b3df57e914599","correlation_id":"6040445a-6746-46c4-8ecb-5f52fd86c96a","request_id":"6040445a-6746-46c4-8ecb-5f52fd86c96a","operation":"pty.scheduler.stop","route":"/api/pty/scheduler/stop","method":"POST","duration_ms":0,"message":"ok","pty.scheduler.worker_count":2}
# {"timestamp":"2026-04-22T14:40:10.330Z","level":"info","service":"my-module","event":"metric.counter","name":"pty_scheduler_start_total","delta":1,"total":15,"attributes":{"route":"/api/pty/scheduler/start","method":"POST"}}
# {"timestamp":"2026-04-22T14:40:10.330Z","level":"info","service":"my-module","event":"span.end","trace_id":"0be83dceb1f74800a928d2f50811a89a","span_id":"13c3396c9f8543ab","parent_span_id":"3ed6862e11a748ef","name":"pty.scheduler.start","duration_ms":0,"status":"ok","attributes":{"http.route":"/api/pty/scheduler/start","http.request.method":"POST","code.function":"createAppHandler","control_center.operation.duration_ms":0,"pty.scheduler.worker_count":2}}
# {"timestamp":"2026-04-22T14:40:10.330Z","level":"info","service":"my-module","event":"metric.histogram","name":"control_center_operation_duration_ms","value":0,"unit":"ms","attributes":{"operation":"pty.scheduler.start","route":"/api/pty/scheduler/start","method":"POST"}}
# {"timestamp":"2026-04-22T14:40:10.330Z","level":"info","service":"my-module","event":"control_center.operation","trace_id":"0be83dceb1f74800a928d2f50811a89a","parent_span_id":"3ed6862e11a748ef","span_id":"13c3396c9f8543ab","correlation_id":"a98091e3-8ebb-45d9-87a5-9fa3f84be5b0","request_id":"a98091e3-8ebb-45d9-87a5-9fa3f84be5b0","operation":"pty.scheduler.start","route":"/api/pty/scheduler/start","method":"POST","duration_ms":0,"message":"ok","pty.scheduler.worker_count":2}
# {"timestamp":"2026-04-22T14:40:10.331Z","level":"info","service":"my-module","event":"metric.counter","name":"pty_bridge_failures_total","delta":1,"total":6,"attributes":{"route":"/api/pty/send-now","method":"POST","reason":"scheduler_send_now_failed"}}
# {"timestamp":"2026-04-22T14:40:10.332Z","level":"info","service":"my-module","event":"metric.counter","name":"pty_bridge_send_total","delta":1,"total":54,"attributes":{"route":"/api/pty/send-now","method":"POST","action":"prompt"}}
# {"timestamp":"2026-04-22T14:40:11.321Z","level":"info","service":"my-module","event":"metric.counter","name":"pty_scheduler_stop_total","delta":1,"total":15,"attributes":{"route":"/api/pty/scheduler/stop","method":"POST"}}
# {"timestamp":"2026-04-22T14:40:11.321Z","level":"info","service":"my-module","event":"span.end","trace_id":"ed2d7791ac094122a4aa73406317fb3f","span_id":"ac1f69c6cbcd4fff","parent_span_id":"00a26505b8784fe1","name":"pty.scheduler.stop","duration_ms":0,"status":"ok","attributes":{"http.route":"/api/pty/scheduler/stop","http.request.method":"POST","code.function":"createAppHandler","control_center.operation.duration_ms":0,"pty.scheduler.worker_count":2}}
# {"timestamp":"2026-04-22T14:40:11.321Z","level":"info","service":"my-module","event":"metric.histogram","name":"control_center_operation_duration_ms","value":0,"unit":"ms","attributes":{"operation":"pty.scheduler.stop","route":"/api/pty/scheduler/stop","method":"POST"}}
# {"timestamp":"2026-04-22T14:40:11.321Z","level":"info","service":"my-module","event":"control_center.operation","trace_id":"ed2d7791ac094122a4aa73406317fb3f","parent_span_id":"00a26505b8784fe1","span_id":"ac1f69c6cbcd4fff","correlation_id":"b4c9860e-5c19-4a7d-a779-c1ce6a0331f1","request_id":"b4c9860e-5c19-4a7d-a779-c1ce6a0331f1","operation":"pty.scheduler.stop","route":"/api/pty/scheduler/stop","method":"POST","duration_ms":0,"message":"ok","pty.scheduler.worker_count":2}
# {"timestamp":"2026-04-22T14:40:11.322Z","level":"info","service":"my-module","event":"metric.counter","name":"pty_scheduler_start_total","delta":1,"total":16,"attributes":{"route":"/api/pty/scheduler/start","method":"POST"}}
# {"timestamp":"2026-04-22T14:40:11.322Z","level":"info","service":"my-module","event":"span.end","trace_id":"578231ae9c904270bc88649460d003b4","span_id":"6dce1eaee8a94c87","parent_span_id":"879d0eb474e84fac","name":"pty.scheduler.start","duration_ms":0,"status":"ok","attributes":{"http.route":"/api/pty/scheduler/start","http.request.method":"POST","code.function":"createAppHandler","control_center.operation.duration_ms":0,"pty.scheduler.worker_count":2}}
# {"timestamp":"2026-04-22T14:40:11.322Z","level":"info","service":"my-module","event":"metric.histogram","name":"control_center_operation_duration_ms","value":0,"unit":"ms","attributes":{"operation":"pty.scheduler.start","route":"/api/pty/scheduler/start","method":"POST"}}
# {"timestamp":"2026-04-22T14:40:11.322Z","level":"info","service":"my-module","event":"control_center.operation","trace_id":"578231ae9c904270bc88649460d003b4","parent_span_id":"879d0eb474e84fac","span_id":"6dce1eaee8a94c87","correlation_id":"656afed1-bce9-4927-a219-196e380f46ef","request_id":"656afed1-bce9-4927-a219-196e380f46ef","operation":"pty.scheduler.start","route":"/api/pty/scheduler/start","method":"POST","duration_ms":0,"message":"ok","pty.scheduler.worker_count":2}
# {"timestamp":"2026-04-22T14:40:11.322Z","level":"info","service":"my-module","event":"metric.counter","name":"pty_bridge_send_total","delta":1,"total":55,"attributes":{"route":"/api/pty/enter-now","method":"POST","action":"enter"}}
# {"timestamp":"2026-04-22T14:40:11.323Z","level":"info","service":"my-module","event":"metric.counter","name":"pty_bridge_send_total","delta":1,"total":56,"attributes":{"route":"/api/pty/send-now","method":"POST","action":"prompt"}}
# {"timestamp":"2026-04-22T14:40:11.324Z","level":"info","service":"my-module","event":"metric.counter","name":"pty_bridge_failures_total","delta":1,"total":7,"attributes":{"route":"/api/pty/send-now","method":"POST","reason":"scheduler_send_now_failed"}}
# {"timestamp":"2026-04-22T14:40:11.324Z","level":"info","service":"my-module","event":"metric.counter","name":"pty_bridge_failures_total","delta":1,"total":8,"attributes":{"route":"/api/pty/enter-now","method":"POST","reason":"scheduler_enter_now_failed"}}
# {"timestamp":"2026-04-22T14:40:11.325Z","level":"info","service":"my-module","event":"metric.counter","name":"pty_bridge_failures_total","delta":1,"total":9,"attributes":{"route":"/api/pty/enter-now","method":"POST","reason":"scheduler_enter_now_failed"}}
# {"timestamp":"2026-04-22T14:40:11.326Z","level":"info","service":"my-module","event":"metric.counter","name":"pty_bridge_send_total","delta":1,"total":57,"attributes":{"route":"/api/pty/send-now","method":"POST","action":"prompt"}}
# {"timestamp":"2026-04-22T14:40:13.422Z","level":"info","service":"my-module","event":"metric.counter","name":"pty_scheduler_stop_total","delta":1,"total":16,"attributes":{"route":"/api/pty/scheduler/stop","method":"POST"}}
# {"timestamp":"2026-04-22T14:40:13.422Z","level":"info","service":"my-module","event":"span.end","trace_id":"eb1a9a3b6d7c4f8b9b1f2bd46610627c","span_id":"60a004cba97349fb","parent_span_id":"355a1a9db4a84270","name":"pty.scheduler.stop","duration_ms":0,"status":"ok","attributes":{"http.route":"/api/pty/scheduler/stop","http.request.method":"POST","code.function":"createAppHandler","control_center.operation.duration_ms":0,"pty.scheduler.worker_count":2}}
# {"timestamp":"2026-04-22T14:40:13.422Z","level":"info","service":"my-module","event":"metric.histogram","name":"control_center_operation_duration_ms","value":0,"unit":"ms","attributes":{"operation":"pty.scheduler.stop","route":"/api/pty/scheduler/stop","method":"POST"}}
# {"timestamp":"2026-04-22T14:40:13.422Z","level":"info","service":"my-module","event":"control_center.operation","trace_id":"eb1a9a3b6d7c4f8b9b1f2bd46610627c","parent_span_id":"355a1a9db4a84270","span_id":"60a004cba97349fb","correlation_id":"a0537d54-89ad-4ac9-ad5d-1dcda4265686","request_id":"a0537d54-89ad-4ac9-ad5d-1dcda4265686","operation":"pty.scheduler.stop","route":"/api/pty/scheduler/stop","method":"POST","duration_ms":0,"message":"ok","pty.scheduler.worker_count":2}
# {"timestamp":"2026-04-22T14:40:13.423Z","level":"info","service":"my-module","event":"metric.counter","name":"pty_scheduler_start_total","delta":1,"total":17,"attributes":{"route":"/api/pty/scheduler/start","method":"POST"}}
# {"timestamp":"2026-04-22T14:40:13.423Z","level":"info","service":"my-module","event":"span.end","trace_id":"0642015452c845e3ba472ac6a47341a5","span_id":"be629831487b4faf","parent_span_id":"73410c08d24245de","name":"pty.scheduler.start","duration_ms":0,"status":"ok","attributes":{"http.route":"/api/pty/scheduler/start","http.request.method":"POST","code.function":"createAppHandler","control_center.operation.duration_ms":0,"pty.scheduler.worker_count":2}}
# {"timestamp":"2026-04-22T14:40:13.423Z","level":"info","service":"my-module","event":"metric.histogram","name":"control_center_operation_duration_ms","value":0,"unit":"ms","attributes":{"operation":"pty.scheduler.start","route":"/api/pty/scheduler/start","method":"POST"}}
# {"timestamp":"2026-04-22T14:40:13.423Z","level":"info","service":"my-module","event":"control_center.operation","trace_id":"0642015452c845e3ba472ac6a47341a5","parent_span_id":"73410c08d24245de","span_id":"be629831487b4faf","correlation_id":"38cc37bf-0953-48b4-86bd-4499f3252f95","request_id":"38cc37bf-0953-48b4-86bd-4499f3252f95","operation":"pty.scheduler.start","route":"/api/pty/scheduler/start","method":"POST","duration_ms":0,"message":"ok","pty.scheduler.worker_count":2}
# {"timestamp":"2026-04-22T14:40:13.424Z","level":"info","service":"my-module","event":"metric.counter","name":"pty_bridge_send_total","delta":1,"total":58,"attributes":{"route":"/api/pty/send-now","method":"POST","action":"prompt"}}
# {"timestamp":"2026-04-22T14:40:13.425Z","level":"info","service":"my-module","event":"metric.counter","name":"pty_bridge_send_total","delta":1,"total":59,"attributes":{"route":"/api/pty/enter-now","method":"POST","action":"enter"}}
# {"timestamp":"2026-04-22T14:40:14.414Z","level":"info","service":"my-module","event":"metric.counter","name":"pty_scheduler_stop_total","delta":1,"total":17,"attributes":{"route":"/api/pty/scheduler/stop","method":"POST"}}
# {"timestamp":"2026-04-22T14:40:14.414Z","level":"info","service":"my-module","event":"span.end","trace_id":"ca69bf00bc684a38a16528fef4827e48","span_id":"64739e54524f439a","parent_span_id":"da5340e25bf945ee","name":"pty.scheduler.stop","duration_ms":0,"status":"ok","attributes":{"http.route":"/api/pty/scheduler/stop","http.request.method":"POST","code.function":"createAppHandler","control_center.operation.duration_ms":0,"pty.scheduler.worker_count":2}}
# {"timestamp":"2026-04-22T14:40:14.414Z","level":"info","service":"my-module","event":"metric.histogram","name":"control_center_operation_duration_ms","value":0,"unit":"ms","attributes":{"operation":"pty.scheduler.stop","route":"/api/pty/scheduler/stop","method":"POST"}}
# {"timestamp":"2026-04-22T14:40:14.414Z","level":"info","service":"my-module","event":"control_center.operation","trace_id":"ca69bf00bc684a38a16528fef4827e48","parent_span_id":"da5340e25bf945ee","span_id":"64739e54524f439a","correlation_id":"f6870f33-6183-4e72-b826-64df77faa4f5","request_id":"f6870f33-6183-4e72-b826-64df77faa4f5","operation":"pty.scheduler.stop","route":"/api/pty/scheduler/stop","method":"POST","duration_ms":0,"message":"ok","pty.scheduler.worker_count":2}
# {"timestamp":"2026-04-22T14:40:14.415Z","level":"info","service":"my-module","event":"metric.counter","name":"pty_scheduler_start_total","delta":1,"total":18,"attributes":{"route":"/api/pty/scheduler/start","method":"POST"}}
# {"timestamp":"2026-04-22T14:40:14.415Z","level":"info","service":"my-module","event":"span.end","trace_id":"0fc392307e4449dc98cd065b1f20f696","span_id":"dc20a4428a4c48f5","parent_span_id":"59dfa8fd1f9149ba","name":"pty.scheduler.start","duration_ms":0,"status":"ok","attributes":{"http.route":"/api/pty/scheduler/start","http.request.method":"POST","code.function":"createAppHandler","control_center.operation.duration_ms":0,"pty.scheduler.worker_count":2}}
# {"timestamp":"2026-04-22T14:40:14.415Z","level":"info","service":"my-module","event":"metric.histogram","name":"control_center_operation_duration_ms","value":0,"unit":"ms","attributes":{"operation":"pty.scheduler.start","route":"/api/pty/scheduler/start","method":"POST"}}
# {"timestamp":"2026-04-22T14:40:14.415Z","level":"info","service":"my-module","event":"control_center.operation","trace_id":"0fc392307e4449dc98cd065b1f20f696","parent_span_id":"59dfa8fd1f9149ba","span_id":"dc20a4428a4c48f5","correlation_id":"56fe306b-53d9-4a01-9af7-3bac884546ab","request_id":"56fe306b-53d9-4a01-9af7-3bac884546ab","operation":"pty.scheduler.start","route":"/api/pty/scheduler/start","method":"POST","duration_ms":0,"message":"ok","pty.scheduler.worker_count":2}
# {"timestamp":"2026-04-22T14:40:14.415Z","level":"info","service":"my-module","event":"metric.counter","name":"pty_bridge_send_total","delta":1,"total":60,"attributes":{"route":"/api/pty/enter-now","method":"POST","action":"enter"}}
# {"timestamp":"2026-04-22T14:40:14.416Z","level":"info","service":"my-module","event":"metric.counter","name":"pty_bridge_failures_total","delta":1,"total":10,"attributes":{"route":"/api/pty/send-now","method":"POST","reason":"scheduler_send_now_failed"}}
# {"timestamp":"2026-04-22T14:40:15.425Z","level":"info","service":"my-module","event":"metric.counter","name":"pty_scheduler_stop_total","delta":1,"total":18,"attributes":{"route":"/api/pty/scheduler/stop","method":"POST"}}
# {"timestamp":"2026-04-22T14:40:15.426Z","level":"info","service":"my-module","event":"span.end","trace_id":"42374d8c2f4840ad93f386bcbd97148b","span_id":"9bd52420a20d4e39","parent_span_id":"348057a32b96427d","name":"pty.scheduler.stop","duration_ms":1,"status":"ok","attributes":{"http.route":"/api/pty/scheduler/stop","http.request.method":"POST","code.function":"createAppHandler","control_center.operation.duration_ms":1,"pty.scheduler.worker_count":2}}
# {"timestamp":"2026-04-22T14:40:15.426Z","level":"info","service":"my-module","event":"metric.histogram","name":"control_center_operation_duration_ms","value":1,"unit":"ms","attributes":{"operation":"pty.scheduler.stop","route":"/api/pty/scheduler/stop","method":"POST"}}
# {"timestamp":"2026-04-22T14:40:15.426Z","level":"info","service":"my-module","event":"control_center.operation","trace_id":"42374d8c2f4840ad93f386bcbd97148b","parent_span_id":"348057a32b96427d","span_id":"9bd52420a20d4e39","correlation_id":"5c7ab30b-b2b0-4ee1-9ef0-c436c3f4d847","request_id":"5c7ab30b-b2b0-4ee1-9ef0-c436c3f4d847","operation":"pty.scheduler.stop","route":"/api/pty/scheduler/stop","method":"POST","duration_ms":1,"message":"ok","pty.scheduler.worker_count":2}
# {"timestamp":"2026-04-22T14:40:15.426Z","level":"info","service":"my-module","event":"metric.counter","name":"pty_scheduler_start_total","delta":1,"total":19,"attributes":{"route":"/api/pty/scheduler/start","method":"POST"}}
# {"timestamp":"2026-04-22T14:40:15.426Z","level":"info","service":"my-module","event":"span.end","trace_id":"223cc8dae65346dbb525edc56f7615a4","span_id":"970d1434085d437e","parent_span_id":"0821df6b18a540a8","name":"pty.scheduler.start","duration_ms":0,"status":"ok","attributes":{"http.route":"/api/pty/scheduler/start","http.request.method":"POST","code.function":"createAppHandler","control_center.operation.duration_ms":0,"pty.scheduler.worker_count":2}}
# {"timestamp":"2026-04-22T14:40:15.426Z","level":"info","service":"my-module","event":"metric.histogram","name":"control_center_operation_duration_ms","value":0,"unit":"ms","attributes":{"operation":"pty.scheduler.start","route":"/api/pty/scheduler/start","method":"POST"}}
# {"timestamp":"2026-04-22T14:40:15.426Z","level":"info","service":"my-module","event":"control_center.operation","trace_id":"223cc8dae65346dbb525edc56f7615a4","parent_span_id":"0821df6b18a540a8","span_id":"970d1434085d437e","correlation_id":"78082eaa-99a3-47cd-9231-ec3d511ebd07","request_id":"78082eaa-99a3-47cd-9231-ec3d511ebd07","operation":"pty.scheduler.start","route":"/api/pty/scheduler/start","method":"POST","duration_ms":0,"message":"ok","pty.scheduler.worker_count":2}
# {"timestamp":"2026-04-22T14:40:15.427Z","level":"info","service":"my-module","event":"metric.counter","name":"pty_bridge_send_total","delta":1,"total":61,"attributes":{"route":"/api/pty/send-now","method":"POST","action":"prompt"}}
# {"timestamp":"2026-04-22T14:40:15.428Z","level":"info","service":"my-module","event":"metric.counter","name":"pty_bridge_send_total","delta":1,"total":62,"attributes":{"route":"/api/pty/send-now","method":"POST","action":"prompt"}}
# {"timestamp":"2026-04-22T14:40:16.412Z","level":"info","service":"my-module","event":"metric.counter","name":"pty_scheduler_stop_total","delta":1,"total":19,"attributes":{"route":"/api/pty/scheduler/stop","method":"POST"}}
# {"timestamp":"2026-04-22T14:40:16.412Z","level":"info","service":"my-module","event":"span.end","trace_id":"543634770b734d9eb7f10dbf3126c923","span_id":"20be3821ebaf4e8b","parent_span_id":"28c59d13ddeb4382","name":"pty.scheduler.stop","duration_ms":0,"status":"ok","attributes":{"http.route":"/api/pty/scheduler/stop","http.request.method":"POST","code.function":"createAppHandler","control_center.operation.duration_ms":0,"pty.scheduler.worker_count":2}}
# {"timestamp":"2026-04-22T14:40:16.412Z","level":"info","service":"my-module","event":"metric.histogram","name":"control_center_operation_duration_ms","value":0,"unit":"ms","attributes":{"operation":"pty.scheduler.stop","route":"/api/pty/scheduler/stop","method":"POST"}}
# {"timestamp":"2026-04-22T14:40:16.412Z","level":"info","service":"my-module","event":"control_center.operation","trace_id":"543634770b734d9eb7f10dbf3126c923","parent_span_id":"28c59d13ddeb4382","span_id":"20be3821ebaf4e8b","correlation_id":"d82992e0-ec9a-4825-a310-f67309f99c5f","request_id":"d82992e0-ec9a-4825-a310-f67309f99c5f","operation":"pty.scheduler.stop","route":"/api/pty/scheduler/stop","method":"POST","duration_ms":0,"message":"ok","pty.scheduler.worker_count":2}
# {"timestamp":"2026-04-22T14:40:16.413Z","level":"info","service":"my-module","event":"metric.counter","name":"pty_scheduler_start_total","delta":1,"total":20,"attributes":{"route":"/api/pty/scheduler/start","method":"POST"}}
# {"timestamp":"2026-04-22T14:40:16.413Z","level":"info","service":"my-module","event":"span.end","trace_id":"064ef65deddc4259bc47e2cf14125e0a","span_id":"fbfd79806de64998","parent_span_id":"1bd18a4d2f4c43b1","name":"pty.scheduler.start","duration_ms":0,"status":"ok","attributes":{"http.route":"/api/pty/scheduler/start","http.request.method":"POST","code.function":"createAppHandler","control_center.operation.duration_ms":0,"pty.scheduler.worker_count":2}}
# {"timestamp":"2026-04-22T14:40:16.413Z","level":"info","service":"my-module","event":"metric.histogram","name":"control_center_operation_duration_ms","value":0,"unit":"ms","attributes":{"operation":"pty.scheduler.start","route":"/api/pty/scheduler/start","method":"POST"}}
# {"timestamp":"2026-04-22T14:40:16.413Z","level":"info","service":"my-module","event":"control_center.operation","trace_id":"064ef65deddc4259bc47e2cf14125e0a","parent_span_id":"1bd18a4d2f4c43b1","span_id":"fbfd79806de64998","correlation_id":"620ca717-1a40-4dbe-a0b9-7602aa7aef53","request_id":"620ca717-1a40-4dbe-a0b9-7602aa7aef53","operation":"pty.scheduler.start","route":"/api/pty/scheduler/start","method":"POST","duration_ms":0,"message":"ok","pty.scheduler.worker_count":2}
# {"timestamp":"2026-04-22T14:40:16.414Z","level":"info","service":"my-module","event":"metric.counter","name":"pty_bridge_send_total","delta":1,"total":63,"attributes":{"route":"/api/pty/send-now","method":"POST","action":"prompt"}}
# {"timestamp":"2026-04-22T14:40:16.415Z","level":"info","service":"my-module","event":"metric.counter","name":"pty_bridge_send_total","delta":1,"total":64,"attributes":{"route":"/api/pty/enter-now","method":"POST","action":"enter"}}
# {"timestamp":"2026-04-22T14:40:16.415Z","level":"info","service":"my-module","event":"metric.counter","name":"pty_bridge_send_total","delta":1,"total":65,"attributes":{"route":"/api/pty/send-now","method":"POST","action":"prompt"}}
# {"timestamp":"2026-04-22T14:40:17.379Z","level":"info","service":"my-module","event":"metric.counter","name":"pty_scheduler_stop_total","delta":1,"total":20,"attributes":{"route":"/api/pty/scheduler/stop","method":"POST"}}
# {"timestamp":"2026-04-22T14:40:17.379Z","level":"info","service":"my-module","event":"span.end","trace_id":"4b8e2ca4cb7b46189bfb721217f73a94","span_id":"522071bac7164e14","parent_span_id":"d288e68e3b004263","name":"pty.scheduler.stop","duration_ms":0,"status":"ok","attributes":{"http.route":"/api/pty/scheduler/stop","http.request.method":"POST","code.function":"createAppHandler","control_center.operation.duration_ms":0,"pty.scheduler.worker_count":2}}
# {"timestamp":"2026-04-22T14:40:17.379Z","level":"info","service":"my-module","event":"metric.histogram","name":"control_center_operation_duration_ms","value":0,"unit":"ms","attributes":{"operation":"pty.scheduler.stop","route":"/api/pty/scheduler/stop","method":"POST"}}
# {"timestamp":"2026-04-22T14:40:17.379Z","level":"info","service":"my-module","event":"control_center.operation","trace_id":"4b8e2ca4cb7b46189bfb721217f73a94","parent_span_id":"d288e68e3b004263","span_id":"522071bac7164e14","correlation_id":"d4e7968b-29a7-471a-b2a0-07cdc096e594","request_id":"d4e7968b-29a7-471a-b2a0-07cdc096e594","operation":"pty.scheduler.stop","route":"/api/pty/scheduler/stop","method":"POST","duration_ms":0,"message":"ok","pty.scheduler.worker_count":2}
# {"timestamp":"2026-04-22T14:40:17.380Z","level":"info","service":"my-module","event":"metric.counter","name":"pty_scheduler_start_total","delta":1,"total":21,"attributes":{"route":"/api/pty/scheduler/start","method":"POST"}}
# {"timestamp":"2026-04-22T14:40:17.380Z","level":"info","service":"my-module","event":"span.end","trace_id":"689776944b20488585e02dc7bbb2a845","span_id":"a165229836604884","parent_span_id":"e4c8905472f24dda","name":"pty.scheduler.start","duration_ms":0,"status":"ok","attributes":{"http.route":"/api/pty/scheduler/start","http.request.method":"POST","code.function":"createAppHandler","control_center.operation.duration_ms":0,"pty.scheduler.worker_count":2}}
# {"timestamp":"2026-04-22T14:40:17.380Z","level":"info","service":"my-module","event":"metric.histogram","name":"control_center_operation_duration_ms","value":0,"unit":"ms","attributes":{"operation":"pty.scheduler.start","route":"/api/pty/scheduler/start","method":"POST"}}
# {"timestamp":"2026-04-22T14:40:17.380Z","level":"info","service":"my-module","event":"control_center.operation","trace_id":"689776944b20488585e02dc7bbb2a845","parent_span_id":"e4c8905472f24dda","span_id":"a165229836604884","correlation_id":"f1b8fd20-a76f-45b3-a364-233566163bb2","request_id":"f1b8fd20-a76f-45b3-a364-233566163bb2","operation":"pty.scheduler.start","route":"/api/pty/scheduler/start","method":"POST","duration_ms":0,"message":"ok","pty.scheduler.worker_count":2}
# {"timestamp":"2026-04-22T14:40:17.381Z","level":"info","service":"my-module","event":"metric.counter","name":"pty_bridge_failures_total","delta":1,"total":11,"attributes":{"route":"/api/pty/enter-now","method":"POST","reason":"scheduler_enter_now_failed"}}
# {"timestamp":"2026-04-22T14:40:17.382Z","level":"info","service":"my-module","event":"metric.counter","name":"pty_bridge_send_total","delta":1,"total":66,"attributes":{"route":"/api/pty/enter-now","method":"POST","action":"enter"}}
# {"timestamp":"2026-04-22T14:40:17.382Z","level":"info","service":"my-module","event":"metric.counter","name":"pty_bridge_failures_total","delta":1,"total":12,"attributes":{"route":"/api/pty/enter-now","method":"POST","reason":"scheduler_enter_now_failed"}}
# {"timestamp":"2026-04-22T14:40:17.383Z","level":"info","service":"my-module","event":"metric.counter","name":"pty_bridge_send_total","delta":1,"total":67,"attributes":{"route":"/api/pty/send-now","method":"POST","action":"prompt"}}
# {"timestamp":"2026-04-22T14:40:17.383Z","level":"info","service":"my-module","event":"metric.counter","name":"pty_bridge_failures_total","delta":1,"total":13,"attributes":{"route":"/api/pty/send-now","method":"POST","reason":"scheduler_send_now_failed"}}
# {"timestamp":"2026-04-22T14:40:17.384Z","level":"info","service":"my-module","event":"metric.counter","name":"pty_bridge_failures_total","delta":1,"total":14,"attributes":{"route":"/api/pty/send-now","method":"POST","reason":"scheduler_send_now_failed"}}
# {"timestamp":"2026-04-22T14:40:18.356Z","level":"info","service":"my-module","event":"metric.counter","name":"pty_scheduler_stop_total","delta":1,"total":21,"attributes":{"route":"/api/pty/scheduler/stop","method":"POST"}}
# {"timestamp":"2026-04-22T14:40:18.356Z","level":"info","service":"my-module","event":"span.end","trace_id":"37750adb8d4b4ba19e5c358faa5d8ca2","span_id":"efed323ff2a645fc","parent_span_id":"b434a4dd3d634c21","name":"pty.scheduler.stop","duration_ms":0,"status":"ok","attributes":{"http.route":"/api/pty/scheduler/stop","http.request.method":"POST","code.function":"createAppHandler","control_center.operation.duration_ms":0,"pty.scheduler.worker_count":2}}
# {"timestamp":"2026-04-22T14:40:18.356Z","level":"info","service":"my-module","event":"metric.histogram","name":"control_center_operation_duration_ms","value":0,"unit":"ms","attributes":{"operation":"pty.scheduler.stop","route":"/api/pty/scheduler/stop","method":"POST"}}
# {"timestamp":"2026-04-22T14:40:18.356Z","level":"info","service":"my-module","event":"control_center.operation","trace_id":"37750adb8d4b4ba19e5c358faa5d8ca2","parent_span_id":"b434a4dd3d634c21","span_id":"efed323ff2a645fc","correlation_id":"7450ecd8-56d2-4733-9dc2-e99d8aa44c5e","request_id":"7450ecd8-56d2-4733-9dc2-e99d8aa44c5e","operation":"pty.scheduler.stop","route":"/api/pty/scheduler/stop","method":"POST","duration_ms":0,"message":"ok","pty.scheduler.worker_count":2}
# {"timestamp":"2026-04-22T14:40:18.357Z","level":"info","service":"my-module","event":"metric.counter","name":"pty_scheduler_start_total","delta":1,"total":22,"attributes":{"route":"/api/pty/scheduler/start","method":"POST"}}
# {"timestamp":"2026-04-22T14:40:18.357Z","level":"info","service":"my-module","event":"span.end","trace_id":"4e5948e9da0b44b4a15402c681110f0c","span_id":"ccbc6265df8349e5","parent_span_id":"b708bbf64b0b4cf6","name":"pty.scheduler.start","duration_ms":0,"status":"ok","attributes":{"http.route":"/api/pty/scheduler/start","http.request.method":"POST","code.function":"createAppHandler","control_center.operation.duration_ms":0,"pty.scheduler.worker_count":2}}
# {"timestamp":"2026-04-22T14:40:18.357Z","level":"info","service":"my-module","event":"metric.histogram","name":"control_center_operation_duration_ms","value":0,"unit":"ms","attributes":{"operation":"pty.scheduler.start","route":"/api/pty/scheduler/start","method":"POST"}}
# {"timestamp":"2026-04-22T14:40:18.357Z","level":"info","service":"my-module","event":"control_center.operation","trace_id":"4e5948e9da0b44b4a15402c681110f0c","parent_span_id":"b708bbf64b0b4cf6","span_id":"ccbc6265df8349e5","correlation_id":"0456b020-e596-44c3-bc3e-7c9a49ac1c5e","request_id":"0456b020-e596-44c3-bc3e-7c9a49ac1c5e","operation":"pty.scheduler.start","route":"/api/pty/scheduler/start","method":"POST","duration_ms":0,"message":"ok","pty.scheduler.worker_count":2}
# {"timestamp":"2026-04-22T14:40:18.358Z","level":"info","service":"my-module","event":"metric.counter","name":"pty_bridge_failures_total","delta":1,"total":15,"attributes":{"route":"/api/pty/send-now","method":"POST","reason":"scheduler_send_now_failed"}}
# {"timestamp":"2026-04-22T14:40:18.359Z","level":"info","service":"my-module","event":"metric.counter","name":"pty_bridge_failures_total","delta":1,"total":16,"attributes":{"route":"/api/pty/enter-now","method":"POST","reason":"scheduler_enter_now_failed"}}
# {"timestamp":"2026-04-22T14:40:18.359Z","level":"info","service":"my-module","event":"metric.counter","name":"pty_bridge_failures_total","delta":1,"total":17,"attributes":{"route":"/api/pty/enter-now","method":"POST","reason":"scheduler_enter_now_failed"}}
# {"timestamp":"2026-04-22T14:40:18.360Z","level":"info","service":"my-module","event":"metric.counter","name":"pty_bridge_send_total","delta":1,"total":68,"attributes":{"route":"/api/pty/enter-now","method":"POST","action":"enter"}}
# {"timestamp":"2026-04-22T14:40:18.360Z","level":"info","service":"my-module","event":"metric.counter","name":"pty_bridge_send_total","delta":1,"total":69,"attributes":{"route":"/api/pty/send-now","method":"POST","action":"prompt"}}
# {"timestamp":"2026-04-22T14:40:18.362Z","level":"info","service":"my-module","event":"metric.counter","name":"pty_bridge_send_total","delta":1,"total":70,"attributes":{"route":"/api/pty/send-now","method":"POST","action":"prompt"}}
# {"timestamp":"2026-04-22T14:40:19.333Z","level":"info","service":"my-module","event":"metric.counter","name":"pty_scheduler_stop_total","delta":1,"total":22,"attributes":{"route":"/api/pty/scheduler/stop","method":"POST"}}
# {"timestamp":"2026-04-22T14:40:19.333Z","level":"info","service":"my-module","event":"span.end","trace_id":"de71aae330394a6b81a5089572e6dd97","span_id":"60c045373fd24184","parent_span_id":"8685b050cf9b4fef","name":"pty.scheduler.stop","duration_ms":0,"status":"ok","attributes":{"http.route":"/api/pty/scheduler/stop","http.request.method":"POST","code.function":"createAppHandler","control_center.operation.duration_ms":0,"pty.scheduler.worker_count":2}}
# {"timestamp":"2026-04-22T14:40:19.333Z","level":"info","service":"my-module","event":"metric.histogram","name":"control_center_operation_duration_ms","value":0,"unit":"ms","attributes":{"operation":"pty.scheduler.stop","route":"/api/pty/scheduler/stop","method":"POST"}}
# {"timestamp":"2026-04-22T14:40:19.333Z","level":"info","service":"my-module","event":"control_center.operation","trace_id":"de71aae330394a6b81a5089572e6dd97","parent_span_id":"8685b050cf9b4fef","span_id":"60c045373fd24184","correlation_id":"44f399af-60d8-4fb4-8fc8-80027111dd25","request_id":"44f399af-60d8-4fb4-8fc8-80027111dd25","operation":"pty.scheduler.stop","route":"/api/pty/scheduler/stop","method":"POST","duration_ms":0,"message":"ok","pty.scheduler.worker_count":2}
# {"timestamp":"2026-04-22T14:40:19.333Z","level":"info","service":"my-module","event":"metric.counter","name":"pty_scheduler_start_total","delta":1,"total":23,"attributes":{"route":"/api/pty/scheduler/start","method":"POST"}}
# {"timestamp":"2026-04-22T14:40:19.333Z","level":"info","service":"my-module","event":"span.end","trace_id":"b13666a2f68a455f9ef76cc64de2f7d8","span_id":"c21bc4c83a824db8","parent_span_id":"f20946a8cdb14c1e","name":"pty.scheduler.start","duration_ms":0,"status":"ok","attributes":{"http.route":"/api/pty/scheduler/start","http.request.method":"POST","code.function":"createAppHandler","control_center.operation.duration_ms":0,"pty.scheduler.worker_count":2}}
# {"timestamp":"2026-04-22T14:40:19.333Z","level":"info","service":"my-module","event":"metric.histogram","name":"control_center_operation_duration_ms","value":0,"unit":"ms","attributes":{"operation":"pty.scheduler.start","route":"/api/pty/scheduler/start","method":"POST"}}
# {"timestamp":"2026-04-22T14:40:19.333Z","level":"info","service":"my-module","event":"control_center.operation","trace_id":"b13666a2f68a455f9ef76cc64de2f7d8","parent_span_id":"f20946a8cdb14c1e","span_id":"c21bc4c83a824db8","correlation_id":"737a3eef-d5ad-49a2-aafd-39c7fd17ac9f","request_id":"737a3eef-d5ad-49a2-aafd-39c7fd17ac9f","operation":"pty.scheduler.start","route":"/api/pty/scheduler/start","method":"POST","duration_ms":0,"message":"ok","pty.scheduler.worker_count":2}
# {"timestamp":"2026-04-22T14:40:19.334Z","level":"info","service":"my-module","event":"metric.counter","name":"pty_bridge_failures_total","delta":1,"total":18,"attributes":{"route":"/api/pty/enter-now","method":"POST","reason":"scheduler_enter_now_failed"}}
# {"timestamp":"2026-04-22T14:40:20.303Z","level":"info","service":"my-module","event":"metric.counter","name":"pty_scheduler_stop_total","delta":1,"total":23,"attributes":{"route":"/api/pty/scheduler/stop","method":"POST"}}
# {"timestamp":"2026-04-22T14:40:20.303Z","level":"info","service":"my-module","event":"span.end","trace_id":"44744890ea494f62a5f250e7a211b5b7","span_id":"a6cca13994844f4b","parent_span_id":"c201f8ec605f4d70","name":"pty.scheduler.stop","duration_ms":0,"status":"ok","attributes":{"http.route":"/api/pty/scheduler/stop","http.request.method":"POST","code.function":"createAppHandler","control_center.operation.duration_ms":0,"pty.scheduler.worker_count":2}}
# {"timestamp":"2026-04-22T14:40:20.303Z","level":"info","service":"my-module","event":"metric.histogram","name":"control_center_operation_duration_ms","value":0,"unit":"ms","attributes":{"operation":"pty.scheduler.stop","route":"/api/pty/scheduler/stop","method":"POST"}}
# {"timestamp":"2026-04-22T14:40:20.303Z","level":"info","service":"my-module","event":"control_center.operation","trace_id":"44744890ea494f62a5f250e7a211b5b7","parent_span_id":"c201f8ec605f4d70","span_id":"a6cca13994844f4b","correlation_id":"617723a7-415b-4704-81d8-7c69126050be","request_id":"617723a7-415b-4704-81d8-7c69126050be","operation":"pty.scheduler.stop","route":"/api/pty/scheduler/stop","method":"POST","duration_ms":0,"message":"ok","pty.scheduler.worker_count":2}
# {"timestamp":"2026-04-22T14:40:20.304Z","level":"info","service":"my-module","event":"metric.counter","name":"pty_scheduler_start_total","delta":1,"total":24,"attributes":{"route":"/api/pty/scheduler/start","method":"POST"}}
# {"timestamp":"2026-04-22T14:40:20.304Z","level":"info","service":"my-module","event":"span.end","trace_id":"5a32ebf2876c454f9c45d0bc690fa6c2","span_id":"cbf2b0b4bbb74850","parent_span_id":"3c57350ce0c448a8","name":"pty.scheduler.start","duration_ms":0,"status":"ok","attributes":{"http.route":"/api/pty/scheduler/start","http.request.method":"POST","code.function":"createAppHandler","control_center.operation.duration_ms":0,"pty.scheduler.worker_count":2}}
# {"timestamp":"2026-04-22T14:40:20.304Z","level":"info","service":"my-module","event":"metric.histogram","name":"control_center_operation_duration_ms","value":0,"unit":"ms","attributes":{"operation":"pty.scheduler.start","route":"/api/pty/scheduler/start","method":"POST"}}
# {"timestamp":"2026-04-22T14:40:20.304Z","level":"info","service":"my-module","event":"control_center.operation","trace_id":"5a32ebf2876c454f9c45d0bc690fa6c2","parent_span_id":"3c57350ce0c448a8","span_id":"cbf2b0b4bbb74850","correlation_id":"98e68be6-d5be-4926-85b4-3875a2d2646b","request_id":"98e68be6-d5be-4926-85b4-3875a2d2646b","operation":"pty.scheduler.start","route":"/api/pty/scheduler/start","method":"POST","duration_ms":0,"message":"ok","pty.scheduler.worker_count":2}
# {"timestamp":"2026-04-22T14:40:20.305Z","level":"info","service":"my-module","event":"metric.counter","name":"pty_bridge_failures_total","delta":1,"total":19,"attributes":{"route":"/api/pty/enter-now","method":"POST","reason":"scheduler_enter_now_failed"}}
# {"timestamp":"2026-04-22T14:40:20.305Z","level":"info","service":"my-module","event":"metric.counter","name":"pty_bridge_send_total","delta":1,"total":71,"attributes":{"route":"/api/pty/enter-now","method":"POST","action":"enter"}}
# {"timestamp":"2026-04-22T14:40:20.306Z","level":"info","service":"my-module","event":"metric.counter","name":"pty_bridge_send_total","delta":1,"total":72,"attributes":{"route":"/api/pty/enter-now","method":"POST","action":"enter"}}
# {"timestamp":"2026-04-22T14:40:21.277Z","level":"info","service":"my-module","event":"metric.counter","name":"pty_scheduler_stop_total","delta":1,"total":24,"attributes":{"route":"/api/pty/scheduler/stop","method":"POST"}}
# {"timestamp":"2026-04-22T14:40:21.277Z","level":"info","service":"my-module","event":"span.end","trace_id":"d82eb2082bea453388a89bafee0b11d1","span_id":"cf3342440e224bf4","parent_span_id":"dcefe21efa9d4138","name":"pty.scheduler.stop","duration_ms":0,"status":"ok","attributes":{"http.route":"/api/pty/scheduler/stop","http.request.method":"POST","code.function":"createAppHandler","control_center.operation.duration_ms":0,"pty.scheduler.worker_count":2}}
# {"timestamp":"2026-04-22T14:40:21.277Z","level":"info","service":"my-module","event":"metric.histogram","name":"control_center_operation_duration_ms","value":0,"unit":"ms","attributes":{"operation":"pty.scheduler.stop","route":"/api/pty/scheduler/stop","method":"POST"}}
# {"timestamp":"2026-04-22T14:40:21.277Z","level":"info","service":"my-module","event":"control_center.operation","trace_id":"d82eb2082bea453388a89bafee0b11d1","parent_span_id":"dcefe21efa9d4138","span_id":"cf3342440e224bf4","correlation_id":"40a28b56-1d47-4ae8-8f45-bdee7a2ca394","request_id":"40a28b56-1d47-4ae8-8f45-bdee7a2ca394","operation":"pty.scheduler.stop","route":"/api/pty/scheduler/stop","method":"POST","duration_ms":0,"message":"ok","pty.scheduler.worker_count":2}
# {"timestamp":"2026-04-22T14:40:21.277Z","level":"warn","service":"my-module","event":"server.draining","reason":"test","drain_started_at":"2026-04-22T14:40:21.277Z"}
# Subtest: [property] scheduler failures never overwrite the last successful current activity
ok 131 - [property] scheduler failures never overwrite the last successful current activity
  ---
  duration_ms: 11920.28051
  type: 'test'
  ...
# (node:15672) ExperimentalWarning: SQLite is an experimental feature and might change at any time
# (Use `node --trace-warnings ...` to show where the warning was created)
# {"timestamp":"2026-04-22T14:39:53.078Z","level":"info","service":"my-module","event":"metric.counter","name":"pty_bridge_sessions_read_total","delta":1,"total":1,"attributes":{"route":"/api/pty/sessions","method":"GET"}}
# {"timestamp":"2026-04-22T14:39:53.079Z","level":"info","service":"my-module","event":"span.end","trace_id":"864576b13df84a20ad97c1c89720a029","span_id":"300634e4a73645bb","parent_span_id":"11a28a5dc7094b7f","name":"pty.bridge.sessions","duration_ms":1,"status":"ok","attributes":{"http.route":"/api/pty/sessions","http.request.method":"GET","code.function":"createAppHandler","control_center.operation.duration_ms":1,"pty.session.count":1}}
# {"timestamp":"2026-04-22T14:39:53.079Z","level":"info","service":"my-module","event":"metric.histogram","name":"control_center_operation_duration_ms","value":1,"unit":"ms","attributes":{"operation":"pty.bridge.sessions","route":"/api/pty/sessions","method":"GET"}}
# {"timestamp":"2026-04-22T14:39:53.079Z","level":"info","service":"my-module","event":"control_center.operation","trace_id":"864576b13df84a20ad97c1c89720a029","parent_span_id":"11a28a5dc7094b7f","span_id":"300634e4a73645bb","correlation_id":"5e65eb88-07e8-4f25-9f12-613b1a9070ff","request_id":"5e65eb88-07e8-4f25-9f12-613b1a9070ff","operation":"pty.bridge.sessions","route":"/api/pty/sessions","method":"GET","duration_ms":1,"message":"ok","pty.session.count":1}
# {"timestamp":"2026-04-22T14:39:53.092Z","level":"info","service":"my-module","event":"metric.counter","name":"pty_scheduler_start_total","delta":1,"total":1,"attributes":{"route":"/api/pty/scheduler/start","method":"POST"}}
# {"timestamp":"2026-04-22T14:39:53.092Z","level":"info","service":"my-module","event":"span.end","trace_id":"6bc19189d2b64bf397eeb00ea686e990","span_id":"12067e8eb9cc4e89","parent_span_id":"6ae6c06746f74f23","name":"pty.scheduler.start","duration_ms":0,"status":"ok","attributes":{"http.route":"/api/pty/scheduler/start","http.request.method":"POST","code.function":"createAppHandler","control_center.operation.duration_ms":0,"pty.scheduler.worker_count":2}}
# {"timestamp":"2026-04-22T14:39:53.092Z","level":"info","service":"my-module","event":"metric.histogram","name":"control_center_operation_duration_ms","value":0,"unit":"ms","attributes":{"operation":"pty.scheduler.start","route":"/api/pty/scheduler/start","method":"POST"}}
# {"timestamp":"2026-04-22T14:39:53.092Z","level":"info","service":"my-module","event":"control_center.operation","trace_id":"6bc19189d2b64bf397eeb00ea686e990","parent_span_id":"6ae6c06746f74f23","span_id":"12067e8eb9cc4e89","correlation_id":"fb568cbd-45ed-4607-8c51-17f751bf9e8c","request_id":"fb568cbd-45ed-4607-8c51-17f751bf9e8c","operation":"pty.scheduler.start","route":"/api/pty/scheduler/start","method":"POST","duration_ms":0,"message":"ok","pty.scheduler.worker_count":2}
# {"timestamp":"2026-04-22T14:39:53.096Z","level":"info","service":"my-module","event":"metric.counter","name":"pty_bridge_send_total","delta":1,"total":1,"attributes":{"route":"/api/pty/send-now","method":"POST","action":"prompt"}}
# {"timestamp":"2026-04-22T14:39:54.885Z","level":"warn","service":"my-module","event":"server.draining","reason":"test","drain_started_at":"2026-04-22T14:39:54.885Z"}
# Subtest: [scheduler current activity smoke] successful send-now selects dispatched worker as current activity
ok 132 - [scheduler current activity smoke] successful send-now selects dispatched worker as current activity
  ---
  duration_ms: 1848.889744
  type: 'test'
  ...
# {"timestamp":"2026-04-22T14:39:54.892Z","level":"info","service":"my-module","event":"metric.counter","name":"pty_bridge_sessions_read_total","delta":1,"total":2,"attributes":{"route":"/api/pty/sessions","method":"GET"}}
# {"timestamp":"2026-04-22T14:39:54.892Z","level":"info","service":"my-module","event":"span.end","trace_id":"1bd35d620ffb431aaaa45a9383166a29","span_id":"76eba64202ad43a7","parent_span_id":"22ba92717f0b4444","name":"pty.bridge.sessions","duration_ms":0,"status":"ok","attributes":{"http.route":"/api/pty/sessions","http.request.method":"GET","code.function":"createAppHandler","control_center.operation.duration_ms":0,"pty.session.count":1}}
# {"timestamp":"2026-04-22T14:39:54.892Z","level":"info","service":"my-module","event":"metric.histogram","name":"control_center_operation_duration_ms","value":0,"unit":"ms","attributes":{"operation":"pty.bridge.sessions","route":"/api/pty/sessions","method":"GET"}}
# {"timestamp":"2026-04-22T14:39:54.892Z","level":"info","service":"my-module","event":"control_center.operation","trace_id":"1bd35d620ffb431aaaa45a9383166a29","parent_span_id":"22ba92717f0b4444","span_id":"76eba64202ad43a7","correlation_id":"56a6d50f-a402-457e-9ff3-30b1ee801d08","request_id":"56a6d50f-a402-457e-9ff3-30b1ee801d08","operation":"pty.bridge.sessions","route":"/api/pty/sessions","method":"GET","duration_ms":0,"message":"ok","pty.session.count":1}
# {"timestamp":"2026-04-22T14:39:54.895Z","level":"info","service":"my-module","event":"metric.counter","name":"pty_scheduler_start_total","delta":1,"total":2,"attributes":{"route":"/api/pty/scheduler/start","method":"POST"}}
# {"timestamp":"2026-04-22T14:39:54.895Z","level":"info","service":"my-module","event":"span.end","trace_id":"91d7f2199f334908a609e1d178f5d9c5","span_id":"66409abca4f24c62","parent_span_id":"d8486332aaf04da4","name":"pty.scheduler.start","duration_ms":0,"status":"ok","attributes":{"http.route":"/api/pty/scheduler/start","http.request.method":"POST","code.function":"createAppHandler","control_center.operation.duration_ms":0,"pty.scheduler.worker_count":2}}
# {"timestamp":"2026-04-22T14:39:54.895Z","level":"info","service":"my-module","event":"metric.histogram","name":"control_center_operation_duration_ms","value":0,"unit":"ms","attributes":{"operation":"pty.scheduler.start","route":"/api/pty/scheduler/start","method":"POST"}}
# {"timestamp":"2026-04-22T14:39:54.895Z","level":"info","service":"my-module","event":"control_center.operation","trace_id":"91d7f2199f334908a609e1d178f5d9c5","parent_span_id":"d8486332aaf04da4","span_id":"66409abca4f24c62","correlation_id":"ecb5e4a2-ea73-415a-bc4e-2935f687e2e1","request_id":"ecb5e4a2-ea73-415a-bc4e-2935f687e2e1","operation":"pty.scheduler.start","route":"/api/pty/scheduler/start","method":"POST","duration_ms":0,"message":"ok","pty.scheduler.worker_count":2}
# {"timestamp":"2026-04-22T14:39:54.898Z","level":"info","service":"my-module","event":"metric.counter","name":"pty_bridge_send_total","delta":1,"total":2,"attributes":{"route":"/api/pty/send-now","method":"POST","action":"prompt"}}
# {"timestamp":"2026-04-22T14:39:54.900Z","level":"info","service":"my-module","event":"metric.counter","name":"pty_bridge_failures_total","delta":1,"total":1,"attributes":{"route":"/api/pty/send-now","method":"POST","reason":"scheduler_send_now_failed"}}
# {"timestamp":"2026-04-22T14:39:56.591Z","level":"warn","service":"my-module","event":"server.draining","reason":"test","drain_started_at":"2026-04-22T14:39:56.591Z"}
# Subtest: [scheduler current activity smoke] failed send-now keeps last successful current activity while exposing failure details
ok 133 - [scheduler current activity smoke] failed send-now keeps last successful current activity while exposing failure details
  ---
  duration_ms: 1704.976473
  type: 'test'
  ...
# {"timestamp":"2026-04-22T14:39:56.595Z","level":"info","service":"my-module","event":"metric.counter","name":"pty_bridge_sessions_read_total","delta":1,"total":3,"attributes":{"route":"/api/pty/sessions","method":"GET"}}
# {"timestamp":"2026-04-22T14:39:56.595Z","level":"info","service":"my-module","event":"span.end","trace_id":"b4e644b56f384239a1291d3608da4869","span_id":"481316edacf54ffc","parent_span_id":"a6c954ef4c6d4b77","name":"pty.bridge.sessions","duration_ms":0,"status":"ok","attributes":{"http.route":"/api/pty/sessions","http.request.method":"GET","code.function":"createAppHandler","control_center.operation.duration_ms":0,"pty.session.count":1}}
# {"timestamp":"2026-04-22T14:39:56.595Z","level":"info","service":"my-module","event":"metric.histogram","name":"control_center_operation_duration_ms","value":0,"unit":"ms","attributes":{"operation":"pty.bridge.sessions","route":"/api/pty/sessions","method":"GET"}}
# {"timestamp":"2026-04-22T14:39:56.595Z","level":"info","service":"my-module","event":"control_center.operation","trace_id":"b4e644b56f384239a1291d3608da4869","parent_span_id":"a6c954ef4c6d4b77","span_id":"481316edacf54ffc","correlation_id":"4c0b2a9f-83a9-4700-81f2-10961533a06b","request_id":"4c0b2a9f-83a9-4700-81f2-10961533a06b","operation":"pty.bridge.sessions","route":"/api/pty/sessions","method":"GET","duration_ms":0,"message":"ok","pty.session.count":1}
# {"timestamp":"2026-04-22T14:39:56.597Z","level":"info","service":"my-module","event":"metric.counter","name":"pty_scheduler_start_total","delta":1,"total":3,"attributes":{"route":"/api/pty/scheduler/start","method":"POST"}}
# {"timestamp":"2026-04-22T14:39:56.597Z","level":"info","service":"my-module","event":"span.end","trace_id":"b447e23d12fa4f17ae0bbb026648da96","span_id":"2f840e007d9c4fdf","parent_span_id":"70038b211a7849f3","name":"pty.scheduler.start","duration_ms":0,"status":"ok","attributes":{"http.route":"/api/pty/scheduler/start","http.request.method":"POST","code.function":"createAppHandler","control_center.operation.duration_ms":0,"pty.scheduler.worker_count":2}}
# {"timestamp":"2026-04-22T14:39:56.598Z","level":"info","service":"my-module","event":"metric.histogram","name":"control_center_operation_duration_ms","value":0,"unit":"ms","attributes":{"operation":"pty.scheduler.start","route":"/api/pty/scheduler/start","method":"POST"}}
# {"timestamp":"2026-04-22T14:39:56.598Z","level":"info","service":"my-module","event":"control_center.operation","trace_id":"b447e23d12fa4f17ae0bbb026648da96","parent_span_id":"70038b211a7849f3","span_id":"2f840e007d9c4fdf","correlation_id":"1104ceb2-243d-4a12-b776-985eb1ea95b8","request_id":"1104ceb2-243d-4a12-b776-985eb1ea95b8","operation":"pty.scheduler.start","route":"/api/pty/scheduler/start","method":"POST","duration_ms":0,"message":"ok","pty.scheduler.worker_count":2}
# {"timestamp":"2026-04-22T14:39:56.600Z","level":"info","service":"my-module","event":"metric.counter","name":"pty_bridge_send_total","delta":1,"total":3,"attributes":{"route":"/api/pty/enter-now","method":"POST","action":"enter"}}
# {"timestamp":"2026-04-22T14:39:58.105Z","level":"warn","service":"my-module","event":"server.draining","reason":"test","drain_started_at":"2026-04-22T14:39:58.105Z"}
# Subtest: [scheduler current activity smoke] targeted enter-now moves current activity to the selected worker
ok 134 - [scheduler current activity smoke] targeted enter-now moves current activity to the selected worker
  ---
  duration_ms: 1513.579829
  type: 'test'
  ...
# (node:15673) ExperimentalWarning: SQLite is an experimental feature and might change at any time
# (Use `node --trace-warnings ...` to show where the warning was created)
# {"timestamp":"2026-04-22T14:39:53.098Z","level":"info","service":"my-module","event":"metric.counter","name":"pty_bridge_sessions_read_total","delta":1,"total":1,"attributes":{"route":"/api/pty/sessions","method":"GET"}}
# {"timestamp":"2026-04-22T14:39:53.098Z","level":"info","service":"my-module","event":"span.end","trace_id":"9d296181de9e45cc950b88fcf3019b93","span_id":"34d68253acc24262","parent_span_id":"a64536e53e044ff6","name":"pty.bridge.sessions","duration_ms":0,"status":"ok","attributes":{"http.route":"/api/pty/sessions","http.request.method":"GET","code.function":"createAppHandler","control_center.operation.duration_ms":0,"pty.session.count":1}}
# {"timestamp":"2026-04-22T14:39:53.098Z","level":"info","service":"my-module","event":"metric.histogram","name":"control_center_operation_duration_ms","value":0,"unit":"ms","attributes":{"operation":"pty.bridge.sessions","route":"/api/pty/sessions","method":"GET"}}
# {"timestamp":"2026-04-22T14:39:53.098Z","level":"info","service":"my-module","event":"control_center.operation","trace_id":"9d296181de9e45cc950b88fcf3019b93","parent_span_id":"a64536e53e044ff6","span_id":"34d68253acc24262","correlation_id":"f388cc51-16f6-411a-9d68-b309a5870f95","request_id":"f388cc51-16f6-411a-9d68-b309a5870f95","operation":"pty.bridge.sessions","route":"/api/pty/sessions","method":"GET","duration_ms":0,"message":"ok","pty.session.count":1}
# {"timestamp":"2026-04-22T14:39:53.111Z","level":"info","service":"my-module","event":"metric.counter","name":"pty_scheduler_start_total","delta":1,"total":1,"attributes":{"route":"/api/pty/scheduler/start","method":"POST"}}
# {"timestamp":"2026-04-22T14:39:53.111Z","level":"info","service":"my-module","event":"span.end","trace_id":"9efa348a0b884d4f94b95a5c9e3c3167","span_id":"48b4c9a24a4e445d","parent_span_id":"c5977205540b43ea","name":"pty.scheduler.start","duration_ms":1,"status":"ok","attributes":{"http.route":"/api/pty/scheduler/start","http.request.method":"POST","code.function":"createAppHandler","control_center.operation.duration_ms":1,"pty.scheduler.worker_count":2}}
# {"timestamp":"2026-04-22T14:39:53.111Z","level":"info","service":"my-module","event":"metric.histogram","name":"control_center_operation_duration_ms","value":1,"unit":"ms","attributes":{"operation":"pty.scheduler.start","route":"/api/pty/scheduler/start","method":"POST"}}
# {"timestamp":"2026-04-22T14:39:53.111Z","level":"info","service":"my-module","event":"control_center.operation","trace_id":"9efa348a0b884d4f94b95a5c9e3c3167","parent_span_id":"c5977205540b43ea","span_id":"48b4c9a24a4e445d","correlation_id":"1eb7f330-ea63-42f6-9a57-e0c3f063d24d","request_id":"1eb7f330-ea63-42f6-9a57-e0c3f063d24d","operation":"pty.scheduler.start","route":"/api/pty/scheduler/start","method":"POST","duration_ms":1,"message":"ok","pty.scheduler.worker_count":2}
# {"timestamp":"2026-04-22T14:39:53.116Z","level":"info","service":"my-module","event":"metric.counter","name":"pty_bridge_send_total","delta":1,"total":1,"attributes":{"route":"/api/pty/send-now","method":"POST","action":"prompt"}}
# {"timestamp":"2026-04-22T14:39:54.866Z","level":"warn","service":"my-module","event":"server.draining","reason":"test","drain_started_at":"2026-04-22T14:39:54.866Z"}
# Subtest: [adversarial scheduler state smoke] invalid send-now index keeps last successful current activity
ok 135 - [adversarial scheduler state smoke] invalid send-now index keeps last successful current activity
  ---
  duration_ms: 1808.37431
  type: 'test'
  ...
# {"timestamp":"2026-04-22T14:39:54.874Z","level":"info","service":"my-module","event":"metric.counter","name":"pty_bridge_sessions_read_total","delta":1,"total":2,"attributes":{"route":"/api/pty/sessions","method":"GET"}}
# {"timestamp":"2026-04-22T14:39:54.874Z","level":"info","service":"my-module","event":"span.end","trace_id":"2d0861a731b441bab04a6554b5db007e","span_id":"9b9e0d5e67cd4b9f","parent_span_id":"426cf9f58b2548bd","name":"pty.bridge.sessions","duration_ms":0,"status":"ok","attributes":{"http.route":"/api/pty/sessions","http.request.method":"GET","code.function":"createAppHandler","control_center.operation.duration_ms":0,"pty.session.count":1}}
# {"timestamp":"2026-04-22T14:39:54.874Z","level":"info","service":"my-module","event":"metric.histogram","name":"control_center_operation_duration_ms","value":0,"unit":"ms","attributes":{"operation":"pty.bridge.sessions","route":"/api/pty/sessions","method":"GET"}}
# {"timestamp":"2026-04-22T14:39:54.874Z","level":"info","service":"my-module","event":"control_center.operation","trace_id":"2d0861a731b441bab04a6554b5db007e","parent_span_id":"426cf9f58b2548bd","span_id":"9b9e0d5e67cd4b9f","correlation_id":"ae680850-e11e-445c-b964-77b66d1b4e32","request_id":"ae680850-e11e-445c-b964-77b66d1b4e32","operation":"pty.bridge.sessions","route":"/api/pty/sessions","method":"GET","duration_ms":0,"message":"ok","pty.session.count":1}
# {"timestamp":"2026-04-22T14:39:54.878Z","level":"info","service":"my-module","event":"metric.counter","name":"pty_scheduler_start_total","delta":1,"total":2,"attributes":{"route":"/api/pty/scheduler/start","method":"POST"}}
# {"timestamp":"2026-04-22T14:39:54.878Z","level":"info","service":"my-module","event":"span.end","trace_id":"6ab8b920d6394389a859cbd434d1445f","span_id":"5b603f8be6b94cb8","parent_span_id":"b7a7d7f3d0694b15","name":"pty.scheduler.start","duration_ms":0,"status":"ok","attributes":{"http.route":"/api/pty/scheduler/start","http.request.method":"POST","code.function":"createAppHandler","control_center.operation.duration_ms":0,"pty.scheduler.worker_count":2}}
# {"timestamp":"2026-04-22T14:39:54.878Z","level":"info","service":"my-module","event":"metric.histogram","name":"control_center_operation_duration_ms","value":0,"unit":"ms","attributes":{"operation":"pty.scheduler.start","route":"/api/pty/scheduler/start","method":"POST"}}
# {"timestamp":"2026-04-22T14:39:54.878Z","level":"info","service":"my-module","event":"control_center.operation","trace_id":"6ab8b920d6394389a859cbd434d1445f","parent_span_id":"b7a7d7f3d0694b15","span_id":"5b603f8be6b94cb8","correlation_id":"7c5da964-8fd6-414f-940d-6535c8b7b679","request_id":"7c5da964-8fd6-414f-940d-6535c8b7b679","operation":"pty.scheduler.start","route":"/api/pty/scheduler/start","method":"POST","duration_ms":0,"message":"ok","pty.scheduler.worker_count":2}
# {"timestamp":"2026-04-22T14:39:54.880Z","level":"info","service":"my-module","event":"metric.counter","name":"pty_bridge_send_total","delta":1,"total":2,"attributes":{"route":"/api/pty/send-now","method":"POST","action":"prompt"}}
# {"timestamp":"2026-04-22T14:39:56.566Z","level":"warn","service":"my-module","event":"server.draining","reason":"test","drain_started_at":"2026-04-22T14:39:56.566Z"}
# Subtest: [adversarial scheduler state smoke] invalid enter-now index keeps last successful current activity
ok 136 - [adversarial scheduler state smoke] invalid enter-now index keeps last successful current activity
  ---
  duration_ms: 1698.797824
  type: 'test'
  ...
# {"timestamp":"2026-04-22T14:39:56.569Z","level":"info","service":"my-module","event":"metric.counter","name":"pty_bridge_sessions_read_total","delta":1,"total":3,"attributes":{"route":"/api/pty/sessions","method":"GET"}}
# {"timestamp":"2026-04-22T14:39:56.569Z","level":"info","service":"my-module","event":"span.end","trace_id":"a8ae17e423324ae384a6374c2f277b49","span_id":"3b23484410fe4c7a","parent_span_id":"c0a619eadd68453c","name":"pty.bridge.sessions","duration_ms":0,"status":"ok","attributes":{"http.route":"/api/pty/sessions","http.request.method":"GET","code.function":"createAppHandler","control_center.operation.duration_ms":0,"pty.session.count":1}}
# {"timestamp":"2026-04-22T14:39:56.570Z","level":"info","service":"my-module","event":"metric.histogram","name":"control_center_operation_duration_ms","value":0,"unit":"ms","attributes":{"operation":"pty.bridge.sessions","route":"/api/pty/sessions","method":"GET"}}
# {"timestamp":"2026-04-22T14:39:56.570Z","level":"info","service":"my-module","event":"control_center.operation","trace_id":"a8ae17e423324ae384a6374c2f277b49","parent_span_id":"c0a619eadd68453c","span_id":"3b23484410fe4c7a","correlation_id":"926713ef-41ab-46a5-9099-75afc0eef378","request_id":"926713ef-41ab-46a5-9099-75afc0eef378","operation":"pty.bridge.sessions","route":"/api/pty/sessions","method":"GET","duration_ms":0,"message":"ok","pty.session.count":1}
# {"timestamp":"2026-04-22T14:39:56.572Z","level":"info","service":"my-module","event":"metric.counter","name":"pty_scheduler_start_total","delta":1,"total":3,"attributes":{"route":"/api/pty/scheduler/start","method":"POST"}}
# {"timestamp":"2026-04-22T14:39:56.572Z","level":"info","service":"my-module","event":"span.end","trace_id":"de077bf9ec754b6bb8fe6917d9246b7b","span_id":"81ff9737cb8c4438","parent_span_id":"f7d2296d87e54f80","name":"pty.scheduler.start","duration_ms":0,"status":"ok","attributes":{"http.route":"/api/pty/scheduler/start","http.request.method":"POST","code.function":"createAppHandler","control_center.operation.duration_ms":0,"pty.scheduler.worker_count":2}}
# {"timestamp":"2026-04-22T14:39:56.572Z","level":"info","service":"my-module","event":"metric.histogram","name":"control_center_operation_duration_ms","value":0,"unit":"ms","attributes":{"operation":"pty.scheduler.start","route":"/api/pty/scheduler/start","method":"POST"}}
# {"timestamp":"2026-04-22T14:39:56.572Z","level":"info","service":"my-module","event":"control_center.operation","trace_id":"de077bf9ec754b6bb8fe6917d9246b7b","parent_span_id":"f7d2296d87e54f80","span_id":"81ff9737cb8c4438","correlation_id":"79a4bce2-6b25-4e78-908b-dd1542cf86b8","request_id":"79a4bce2-6b25-4e78-908b-dd1542cf86b8","operation":"pty.scheduler.start","route":"/api/pty/scheduler/start","method":"POST","duration_ms":0,"message":"ok","pty.scheduler.worker_count":2}
# {"timestamp":"2026-04-22T14:39:56.574Z","level":"info","service":"my-module","event":"metric.counter","name":"pty_bridge_send_total","delta":1,"total":3,"attributes":{"route":"/api/pty/send-now","method":"POST","action":"prompt"}}
# {"timestamp":"2026-04-22T14:39:58.091Z","level":"warn","service":"my-module","event":"server.draining","reason":"test","drain_started_at":"2026-04-22T14:39:58.091Z"}
# Subtest: [adversarial scheduler state smoke] invalid send-now idempotency replay preserves failure surface and current activity
ok 137 - [adversarial scheduler state smoke] invalid send-now idempotency replay preserves failure surface and current activity
  ---
  duration_ms: 1524.488648
  type: 'test'
  ...
# (node:15709) ExperimentalWarning: SQLite is an experimental feature and might change at any time
# (Use `node --trace-warnings ...` to show where the warning was created)
# {"timestamp":"2026-04-22T14:39:53.161Z","level":"info","service":"my-module","event":"metric.counter","name":"http_requests_total","delta":1,"total":1,"attributes":{"route":"/livez","method":"GET"}}
# {"timestamp":"2026-04-22T14:39:53.161Z","level":"info","service":"my-module","event":"span.end","trace_id":"4bf92f3577b34da6a3ce929d0e0e4736","span_id":"6dfd8d7b6fe6427a","parent_span_id":"00f067aa0ba902b7","name":"http.GET /livez","duration_ms":0,"status":"ok","attributes":{"http.method":"GET","http.route":"/livez"}}
# {"timestamp":"2026-04-22T14:39:53.165Z","level":"info","service":"my-module","event":"metric.counter","name":"http_requests_total","delta":1,"total":2,"attributes":{"route":"/startupz","method":"GET"}}
# {"timestamp":"2026-04-22T14:39:53.165Z","level":"info","service":"my-module","event":"span.end","trace_id":"d82ba17970e34b6f8289b82b8fd34ab4","span_id":"8bb71fdfb1254d4c","parent_span_id":null,"name":"http.GET /startupz","duration_ms":0,"status":"ok","attributes":{"http.method":"GET","http.route":"/startupz"}}
# {"timestamp":"2026-04-22T14:39:53.166Z","level":"info","service":"my-module","event":"metric.counter","name":"http_requests_total","delta":1,"total":3,"attributes":{"route":"/readyz","method":"GET","status":200}}
# {"timestamp":"2026-04-22T14:39:53.166Z","level":"info","service":"my-module","event":"span.end","trace_id":"5e1ca0909a7d4ee4ab4e543edcb3d5c4","span_id":"a6c3c15dbb564cd3","parent_span_id":null,"name":"http.GET /readyz","duration_ms":0,"status":"ok","attributes":{"http.method":"GET","http.route":"/readyz","http.status_code":200}}
# {"timestamp":"2026-04-22T14:39:53.167Z","level":"info","service":"my-module","event":"metric.counter","name":"http_requests_total","delta":1,"total":4,"attributes":{"route":"/health","method":"GET"}}
# {"timestamp":"2026-04-22T14:39:53.167Z","level":"info","service":"my-module","event":"span.end","trace_id":"99fcb98065d14bcbb5bad280e26ec0eb","span_id":"96f0ac5a8c9549a0","parent_span_id":null,"name":"http.GET /health","duration_ms":0,"status":"ok","attributes":{"http.method":"GET","http.route":"/health"}}
# {"timestamp":"2026-04-22T14:39:53.175Z","level":"warn","service":"my-module","event":"server.draining","reason":"smoke-test","drain_started_at":"2026-04-22T14:39:53.175Z"}
# Subtest: [server wiring smoke] probe endpoints and task flow succeed over HTTP transport
ok 138 - [server wiring smoke] probe endpoints and task flow succeed over HTTP transport
  ---
  duration_ms: 29.280488
  type: 'test'
  ...
# {"timestamp":"2026-04-22T14:39:53.180Z","level":"info","service":"my-module","event":"metric.counter","name":"http_requests_total","delta":1,"total":5,"attributes":{"route":"/readyz","method":"GET","status":503}}
# {"timestamp":"2026-04-22T14:39:53.180Z","level":"info","service":"my-module","event":"span.end","trace_id":"16392e4c892b468eadf4252e0b0ea891","span_id":"d9d45151c1694d5e","parent_span_id":null,"name":"http.GET /readyz","duration_ms":0,"status":"error","attributes":{"http.method":"GET","http.route":"/readyz","http.status_code":503}}
# {"timestamp":"2026-04-22T14:39:53.182Z","level":"info","service":"my-module","event":"metric.counter","name":"http_errors_total","delta":1,"total":1,"attributes":{"route":"/tasks","method":"GET","status":503}}
# {"timestamp":"2026-04-22T14:39:53.182Z","level":"info","service":"my-module","event":"metric.histogram","name":"http_duration_ms","value":0,"unit":"ms","attributes":{"route":"/tasks","error":true}}
# {"timestamp":"2026-04-22T14:39:53.183Z","level":"info","service":"my-module","event":"span.end","trace_id":"d44e1f3fe51942cc88433d36f9b1475b","span_id":"9b2f944e56e148f5","parent_span_id":null,"name":"http.GET /tasks","duration_ms":1,"status":"error","attributes":{"http.method":"GET","http.route":"/tasks","http.status_code":503,"exception.type":"Error","exception.message":"Server is draining and not accepting new requests"}}
# {"timestamp":"2026-04-22T14:39:53.183Z","level":"error","service":"my-module","event":"http.error","trace_id":"d44e1f3fe51942cc88433d36f9b1475b","correlation_id":"beac904a-6c27-4c78-9cc1-387d31ad736b","route":"/tasks","status":503,"message":"Server is draining and not accepting new requests"}
# Subtest: [server wiring smoke] drain mode flips readiness and rejects business traffic
ok 139 - [server wiring smoke] drain mode flips readiness and rejects business traffic
  ---
  duration_ms: 10.513795
  type: 'test'
  ...
# {"timestamp":"2026-04-22T14:39:53.186Z","level":"info","service":"my-module","event":"metric.counter","name":"http_errors_total","delta":1,"total":2,"attributes":{"route":"/tasks","method":"POST","status":413}}
# {"timestamp":"2026-04-22T14:39:53.186Z","level":"info","service":"my-module","event":"metric.histogram","name":"http_duration_ms","value":0,"unit":"ms","attributes":{"route":"/tasks","error":true}}
# {"timestamp":"2026-04-22T14:39:53.186Z","level":"info","service":"my-module","event":"span.end","trace_id":"46b7bfbe209d4961a9fb628df4960033","span_id":"a8b4b230cd094d00","parent_span_id":null,"name":"http.POST /tasks","duration_ms":0,"status":"error","attributes":{"http.method":"POST","http.route":"/tasks","http.status_code":413,"exception.type":"Error","exception.message":"Request body exceeds 24 bytes"}}
# {"timestamp":"2026-04-22T14:39:53.186Z","level":"error","service":"my-module","event":"http.error","trace_id":"46b7bfbe209d4961a9fb628df4960033","correlation_id":"b806580b-5518-4ca8-aea3-3bfbb7d0fa3a","route":"/tasks","status":413,"message":"Request body exceeds 24 bytes"}
# Subtest: [server wiring smoke] body limit returns 413 over HTTP transport
ok 140 - [server wiring smoke] body limit returns 413 over HTTP transport
  ---
  duration_ms: 3.369854
  type: 'test'
  ...
# {"timestamp":"2026-04-22T14:39:53.209Z","level":"info","service":"my-module","event":"metric.counter","name":"http_errors_total","delta":1,"total":3,"attributes":{"route":"/tasks","method":"POST","status":408}}
# {"timestamp":"2026-04-22T14:39:53.209Z","level":"info","service":"my-module","event":"metric.histogram","name":"http_duration_ms","value":20,"unit":"ms","attributes":{"route":"/tasks","error":true}}
# {"timestamp":"2026-04-22T14:39:53.209Z","level":"info","service":"my-module","event":"span.end","trace_id":"47fe854f541b40a79ea03c5a74eff15b","span_id":"2fbd82023ee842df","parent_span_id":null,"name":"http.POST /tasks","duration_ms":20,"status":"error","attributes":{"http.method":"POST","http.route":"/tasks","http.status_code":408,"exception.type":"Error","exception.message":"Request body was not fully received within 20ms"}}
# {"timestamp":"2026-04-22T14:39:53.209Z","level":"error","service":"my-module","event":"http.error","trace_id":"47fe854f541b40a79ea03c5a74eff15b","correlation_id":"21fa53ff-7e08-4ef1-a371-cef0532b5cb3","route":"/tasks","status":408,"message":"Request body was not fully received within 20ms"}
# Subtest: [server wiring smoke] slow request body returns 408 over HTTP transport
ok 141 - [server wiring smoke] slow request body returns 408 over HTTP transport
  ---
  duration_ms: 23.924904
  type: 'test'
  ...
# {"timestamp":"2026-04-22T14:39:53.214Z","level":"info","service":"my-module","event":"metric.counter","name":"http_errors_total","delta":1,"total":4,"attributes":{"route":"/tasks/task-1776868793213-2","method":"GET","status":429}}
# {"timestamp":"2026-04-22T14:39:53.214Z","level":"info","service":"my-module","event":"metric.histogram","name":"http_duration_ms","value":0,"unit":"ms","attributes":{"route":"/tasks/task-1776868793213-2","error":true}}
# {"timestamp":"2026-04-22T14:39:53.214Z","level":"info","service":"my-module","event":"span.end","trace_id":"8ea2bd33b564419cae54f921c3f31e5d","span_id":"28f6b78efbc841f3","parent_span_id":null,"name":"http.GET /tasks/task-1776868793213-2","duration_ms":0,"status":"error","attributes":{"http.method":"GET","http.route":"/tasks/task-1776868793213-2","http.status_code":429,"exception.type":"Error","exception.message":"Rate limit exceeded for this caller"}}
# {"timestamp":"2026-04-22T14:39:53.214Z","level":"error","service":"my-module","event":"http.error","trace_id":"8ea2bd33b564419cae54f921c3f31e5d","correlation_id":"d1fd0b4b-66ec-4d0b-b39d-0bcca60f04ce","route":"/tasks/task-1776868793213-2","status":429,"message":"Rate limit exceeded for this caller"}
# Subtest: [server wiring smoke] rate limit returns 429 with retry headers
ok 142 - [server wiring smoke] rate limit returns 429 with retry headers
  ---
  duration_ms: 4.058776
  type: 'test'
  ...
# {"timestamp":"2026-04-22T14:39:53.218Z","level":"info","service":"my-module","event":"metric.counter","name":"http_errors_total","delta":1,"total":5,"attributes":{"route":"/tasks","method":"POST","status":422}}
# {"timestamp":"2026-04-22T14:39:53.218Z","level":"info","service":"my-module","event":"metric.histogram","name":"http_duration_ms","value":0,"unit":"ms","attributes":{"route":"/tasks","error":true}}
# {"timestamp":"2026-04-22T14:39:53.218Z","level":"info","service":"my-module","event":"span.end","trace_id":"3fd53d57d70541b4853bf33d0725266f","span_id":"98ce98b6c7624640","parent_span_id":null,"name":"http.POST /tasks","duration_ms":0,"status":"error","attributes":{"http.method":"POST","http.route":"/tasks","http.status_code":422,"exception.type":"Error","exception.message":"Idempotency-Key reuse detected with a different request payload"}}
# {"timestamp":"2026-04-22T14:39:53.218Z","level":"error","service":"my-module","event":"http.error","trace_id":"3fd53d57d70541b4853bf33d0725266f","correlation_id":"3cbe97c2-1f11-4ea5-a1e4-410be5844397","route":"/tasks","status":422,"message":"Idempotency-Key reuse detected with a different request payload"}
# Subtest: [server wiring smoke] POST idempotency replays identical task create and rejects mismatched reuse
ok 143 - [server wiring smoke] POST idempotency replays identical task create and rejects mismatched reuse
  ---
  duration_ms: 3.820281
  type: 'test'
  ...
# Subtest: [server wiring smoke] billing permission denial survives HTTP transport
ok 144 - [server wiring smoke] billing permission denial survives HTTP transport
  ---
  duration_ms: 2.601204
  type: 'test'
  ...
# Subtest: [server wiring smoke] video flow succeeds over HTTP transport and preserves zero-valued fields
ok 145 - [server wiring smoke] video flow succeeds over HTTP transport and preserves zero-valued fields
  ---
  duration_ms: 3.935471
  type: 'test'
  ...
# Subtest: [server wiring smoke] disabled task-management flag returns 404 over HTTP transport
ok 146 - [server wiring smoke] disabled task-management flag returns 404 over HTTP transport
  ---
  duration_ms: 2.808184
  type: 'test'
  ...
# Subtest: [server wiring smoke] disabled video transcode flag returns 404 over HTTP transport
ok 147 - [server wiring smoke] disabled video transcode flag returns 404 over HTTP transport
  ---
  duration_ms: 3.970009
  type: 'test'
  ...
# {"timestamp":"2026-04-22T14:39:53.235Z","level":"info","service":"my-module","event":"metric.counter","name":"http_requests_total","delta":1,"total":6,"attributes":{"route":"/unknown-route","method":"GET","status":404}}
# {"timestamp":"2026-04-22T14:39:53.235Z","level":"info","service":"my-module","event":"metric.histogram","name":"http_duration_ms","value":1,"unit":"ms","attributes":{"route":"/unknown-route"}}
# {"timestamp":"2026-04-22T14:39:53.235Z","level":"info","service":"my-module","event":"span.end","trace_id":"1f8f9a87ea6e4da0a8e24034f1216105","span_id":"05c47cbf8b9c4883","parent_span_id":null,"name":"http.GET /unknown-route","duration_ms":1,"status":"error","attributes":{"http.method":"GET","http.route":"/unknown-route","http.status_code":404}}
# Subtest: [server wiring smoke] unknown route returns RFC 9457 content type over HTTP transport
ok 148 - [server wiring smoke] unknown route returns RFC 9457 content type over HTTP transport
  ---
  duration_ms: 3.283018
  type: 'test'
  ...
# Subtest: [session bootstrap smoke] bootstrap summary narrows session reads, commands, and prompt seed
ok 149 - [session bootstrap smoke] bootstrap summary narrows session reads, commands, and prompt seed
  ---
  duration_ms: 651.168253
  type: 'test'
  ...
# (node:15764) ExperimentalWarning: SQLite is an experimental feature and might change at any time
# (Use `node --trace-warnings ...` to show where the warning was created)
# {"timestamp":"2026-04-22T14:39:53.700Z","level":"info","service":"my-module","event":"span.end","trace_id":"f7a80137df4a4a98a32f1b22a77fc96e","span_id":"2e767b983dca46a2","parent_span_id":"cf1cec6bfacc490f","name":"planning_studio.stage_run","duration_ms":377,"status":"ok","attributes":{"http.route":"/api/planning-studio/stage-run","http.request.method":"POST","code.function":"createAppHandler","control_center.operation.duration_ms":377,"stage_run.stage":"D","stage_run.module":"task-management","stage_run.mode":"dry-run","stage_run.status":"ready","stage_run.report_saved":true,"stage_run.release_evidence.generated":false}}
# {"timestamp":"2026-04-22T14:39:53.701Z","level":"info","service":"my-module","event":"metric.histogram","name":"control_center_operation_duration_ms","value":377,"unit":"ms","attributes":{"operation":"planning_studio.stage_run","route":"/api/planning-studio/stage-run","method":"POST"}}
# {"timestamp":"2026-04-22T14:39:53.701Z","level":"info","service":"my-module","event":"control_center.operation","trace_id":"f7a80137df4a4a98a32f1b22a77fc96e","parent_span_id":"cf1cec6bfacc490f","span_id":"2e767b983dca46a2","correlation_id":"3baf6545-1af0-4d41-a3ed-1087decf893e","request_id":"3baf6545-1af0-4d41-a3ed-1087decf893e","operation":"planning_studio.stage_run","route":"/api/planning-studio/stage-run","method":"POST","duration_ms":377,"message":"ok","stage_run.stage":"D","stage_run.module":"task-management","stage_run.mode":"dry-run","stage_run.status":"ready","stage_run.report_saved":true,"stage_run.release_evidence.generated":false}
# {"timestamp":"2026-04-22T14:39:53.701Z","level":"info","service":"my-module","event":"metric.counter","name":"stage_run_report_saved_total","delta":1,"total":1,"attributes":{"route":"/api/planning-studio/stage-run","method":"POST","stage":"D","module":"task-management","mode":"dry-run"}}
# {"timestamp":"2026-04-22T14:39:53.701Z","level":"info","service":"my-module","event":"stage_run.save_ok","correlation_id":"3baf6545-1af0-4d41-a3ed-1087decf893e","request_id":"3baf6545-1af0-4d41-a3ed-1087decf893e","stage":"D","module":"task-management"}
# {"timestamp":"2026-04-22T14:39:53.860Z","level":"warn","service":"my-module","event":"server.draining","reason":"manual","drain_started_at":"2026-04-22T14:39:53.860Z"}
# Subtest: [stage run smoke] POST /api/planning-studio/stage-run returns dry-run report and replays idempotently
not ok 150 - [stage run smoke] POST /api/planning-studio/stage-run returns dry-run report and replays idempotently
  ---
  duration_ms: 556.261112
  type: 'test'
  location: '/root/workspace/my-module/src/tests/smoke/stageRun.smoke.test.js:44:1'
  failureType: 'testCodeFailure'
  error: |-
    Expected values to be strictly equal:
    + actual - expected
    
    + 'not-requested'
    - 'dry-run-only'
    
  code: 'ERR_ASSERTION'
  name: 'AssertionError'
  expected: 'dry-run-only'
  actual: 'not-requested'
  operator: 'strictEqual'
  stack: |-
    TestContext.<anonymous> (/root/workspace/my-module/src/tests/smoke/stageRun.smoke.test.js:125:12)
    process.processTicksAndRejections (node:internal/process/task_queues:103:5)
    async Test.run (node:internal/test_runner/test:1054:7)
    async startSubtestAfterBootstrap (node:internal/test_runner/harness:296:3)
  ...
# Subtest: [stage run smoke] runStage execute mode returns PASS and FAIL reports from command outcomes
ok 151 - [stage run smoke] runStage execute mode returns PASS and FAIL reports from command outcomes
  ---
  duration_ms: 335.256676
  type: 'test'
  ...
# {"timestamp":"2026-04-22T14:39:54.201Z","level":"info","service":"my-module","event":"span.end","trace_id":"4e20b70a891a45189724df740097c5e2","span_id":"b04e1f9c53194a7b","parent_span_id":"1a7d76b3ff044db7","name":"planning_studio.stage_run","duration_ms":0,"status":"error","attributes":{"http.route":"/api/planning-studio/stage-run","http.request.method":"POST","code.function":"createAppHandler","exception.type":"Error","exception.message":"stage must be one of A, B, C, D, E","control_center.operation.duration_ms":0,"stage_run.reason":"invalid_stage","stage_run.stage":"Z"}}
# {"timestamp":"2026-04-22T14:39:54.201Z","level":"info","service":"my-module","event":"metric.histogram","name":"control_center_operation_duration_ms","value":0,"unit":"ms","attributes":{"operation":"planning_studio.stage_run","route":"/api/planning-studio/stage-run","method":"POST","error":true}}
# {"timestamp":"2026-04-22T14:39:54.201Z","level":"info","service":"my-module","event":"control_center.operation.failed","trace_id":"4e20b70a891a45189724df740097c5e2","parent_span_id":"1a7d76b3ff044db7","span_id":"b04e1f9c53194a7b","correlation_id":"fa67bda6-684c-4c42-ba10-7f4a1cb1c632","request_id":"fa67bda6-684c-4c42-ba10-7f4a1cb1c632","operation":"planning_studio.stage_run","route":"/api/planning-studio/stage-run","method":"POST","duration_ms":0,"error_message":"stage must be one of A, B, C, D, E","stage_run.reason":"invalid_stage","stage_run.stage":"Z"}
# {"timestamp":"2026-04-22T14:39:54.202Z","level":"warn","service":"my-module","event":"server.draining","reason":"manual","drain_started_at":"2026-04-22T14:39:54.202Z"}
# Subtest: [stage run smoke] POST /api/planning-studio/stage-run returns RFC 7807 400 on invalid stage name
ok 152 - [stage run smoke] POST /api/planning-studio/stage-run returns RFC 7807 400 on invalid stage name
  ---
  duration_ms: 5.472572
  type: 'test'
  ...
# {"timestamp":"2026-04-22T14:39:54.204Z","level":"info","service":"my-module","event":"span.end","trace_id":"161e3bb956114c36adb1db3c0434a86d","span_id":"0821a4545b83474b","parent_span_id":"f937a288b79d4002","name":"planning_studio.stage_run","duration_ms":0,"status":"error","attributes":{"http.route":"/api/planning-studio/stage-run","http.request.method":"POST","code.function":"createAppHandler","exception.type":"Error","exception.message":"module must match ^[a-z][a-z0-9-]{0,62}$","control_center.operation.duration_ms":0,"stage_run.reason":"invalid_module","stage_run.module":"INVALID MODULE!"}}
# {"timestamp":"2026-04-22T14:39:54.204Z","level":"info","service":"my-module","event":"metric.histogram","name":"control_center_operation_duration_ms","value":0,"unit":"ms","attributes":{"operation":"planning_studio.stage_run","route":"/api/planning-studio/stage-run","method":"POST","error":true}}
# {"timestamp":"2026-04-22T14:39:54.204Z","level":"info","service":"my-module","event":"control_center.operation.failed","trace_id":"161e3bb956114c36adb1db3c0434a86d","parent_span_id":"f937a288b79d4002","span_id":"0821a4545b83474b","correlation_id":"dd836617-b22b-4830-83cf-fad4c182ccf3","request_id":"dd836617-b22b-4830-83cf-fad4c182ccf3","operation":"planning_studio.stage_run","route":"/api/planning-studio/stage-run","method":"POST","duration_ms":0,"error_message":"module must match ^[a-z][a-z0-9-]{0,62}$","stage_run.reason":"invalid_module","stage_run.module":"INVALID MODULE!"}
# {"timestamp":"2026-04-22T14:39:54.205Z","level":"warn","service":"my-module","event":"server.draining","reason":"manual","drain_started_at":"2026-04-22T14:39:54.205Z"}
# Subtest: [stage run smoke] POST /api/planning-studio/stage-run returns RFC 7807 400 on invalid module pattern
ok 153 - [stage run smoke] POST /api/planning-studio/stage-run returns RFC 7807 400 on invalid module pattern
  ---
  duration_ms: 2.676821
  type: 'test'
  ...
# {"timestamp":"2026-04-22T14:39:54.207Z","level":"info","service":"my-module","event":"span.end","trace_id":"67407d961afb401d80f303892f460fab","span_id":"4944923cfcf24626","parent_span_id":"678d56aa5aed4334","name":"planning_studio.stage_run","duration_ms":0,"status":"error","attributes":{"http.route":"/api/planning-studio/stage-run","http.request.method":"POST","code.function":"createAppHandler","exception.type":"Error","exception.message":"stage execute 모드는 system.admin 권한이 필요합니다.","control_center.operation.duration_ms":0,"stage_run.reason":"forbidden_execute","stage_run.stage":"D"}}
# {"timestamp":"2026-04-22T14:39:54.207Z","level":"info","service":"my-module","event":"metric.histogram","name":"control_center_operation_duration_ms","value":0,"unit":"ms","attributes":{"operation":"planning_studio.stage_run","route":"/api/planning-studio/stage-run","method":"POST","error":true}}
# {"timestamp":"2026-04-22T14:39:54.207Z","level":"info","service":"my-module","event":"control_center.operation.failed","trace_id":"67407d961afb401d80f303892f460fab","parent_span_id":"678d56aa5aed4334","span_id":"4944923cfcf24626","correlation_id":"4e830d56-e145-4930-961d-c7c305f0fa2e","request_id":"4e830d56-e145-4930-961d-c7c305f0fa2e","operation":"planning_studio.stage_run","route":"/api/planning-studio/stage-run","method":"POST","duration_ms":0,"error_message":"stage execute 모드는 system.admin 권한이 필요합니다.","stage_run.reason":"forbidden_execute","stage_run.stage":"D"}
# {"timestamp":"2026-04-22T14:39:54.588Z","level":"info","service":"my-module","event":"span.end","trace_id":"3afe6fb1df2d44088c5bbb97a4d1d43e","span_id":"03b7935d5a07420b","parent_span_id":"88678e136f5540dc","name":"planning_studio.stage_run","duration_ms":380,"status":"ok","attributes":{"http.route":"/api/planning-studio/stage-run","http.request.method":"POST","code.function":"createAppHandler","control_center.operation.duration_ms":379,"stage_run.stage":"D","stage_run.module":"all","stage_run.mode":"dry-run","stage_run.status":"ready","stage_run.report_saved":true,"stage_run.release_evidence.generated":false}}
# {"timestamp":"2026-04-22T14:39:54.588Z","level":"info","service":"my-module","event":"metric.histogram","name":"control_center_operation_duration_ms","value":379,"unit":"ms","attributes":{"operation":"planning_studio.stage_run","route":"/api/planning-studio/stage-run","method":"POST"}}
# {"timestamp":"2026-04-22T14:39:54.588Z","level":"info","service":"my-module","event":"control_center.operation","trace_id":"3afe6fb1df2d44088c5bbb97a4d1d43e","parent_span_id":"88678e136f5540dc","span_id":"03b7935d5a07420b","correlation_id":"099a43a7-1538-4597-8533-458144f8fa1c","request_id":"099a43a7-1538-4597-8533-458144f8fa1c","operation":"planning_studio.stage_run","route":"/api/planning-studio/stage-run","method":"POST","duration_ms":379,"message":"ok","stage_run.stage":"D","stage_run.module":"all","stage_run.mode":"dry-run","stage_run.status":"ready","stage_run.report_saved":true,"stage_run.release_evidence.generated":false}
# {"timestamp":"2026-04-22T14:39:54.588Z","level":"info","service":"my-module","event":"metric.counter","name":"stage_run_report_saved_total","delta":1,"total":2,"attributes":{"route":"/api/planning-studio/stage-run","method":"POST","stage":"D","module":"all","mode":"dry-run"}}
# {"timestamp":"2026-04-22T14:39:54.588Z","level":"info","service":"my-module","event":"stage_run.save_ok","correlation_id":"099a43a7-1538-4597-8533-458144f8fa1c","request_id":"099a43a7-1538-4597-8533-458144f8fa1c","stage":"D","module":""}
# {"timestamp":"2026-04-22T14:39:54.589Z","level":"warn","service":"my-module","event":"server.draining","reason":"manual","drain_started_at":"2026-04-22T14:39:54.589Z"}
# Subtest: [stage run smoke] POST /api/planning-studio/stage-run execute mode returns RFC 7807 403 without system.admin
ok 154 - [stage run smoke] POST /api/planning-studio/stage-run execute mode returns RFC 7807 403 without system.admin
  ---
  duration_ms: 384.287532
  type: 'test'
  ...
# (node:15792) ExperimentalWarning: SQLite is an experimental feature and might change at any time
# (Use `node --trace-warnings ...` to show where the warning was created)
# {"timestamp":"2026-04-22T14:39:53.354Z","level":"info","service":"my-module","event":"metric.counter","name":"stage_run_release_evidence_generated_total","delta":1,"total":1,"attributes":{"route":"/api/planning-studio/stage-run","method":"POST","stage":"D","module":"task-management"}}
# {"timestamp":"2026-04-22T14:39:53.354Z","level":"info","service":"my-module","event":"stage_run.release_evidence_ok","correlation_id":"5f6f8ab1-5364-4ef6-baf5-9df7bc6ede87","request_id":"5f6f8ab1-5364-4ef6-baf5-9df7bc6ede87","stage":"D","module":"task-management"}
# {"timestamp":"2026-04-22T14:39:53.354Z","level":"info","service":"my-module","event":"span.end","trace_id":"46f14f7c7e024f6cafe223df36a8938e","span_id":"df201ef44b5041f4","parent_span_id":"cce15dc346a84a99","name":"planning_studio.stage_run","duration_ms":1,"status":"ok","attributes":{"http.route":"/api/planning-studio/stage-run","http.request.method":"POST","code.function":"createAppHandler","control_center.operation.duration_ms":1,"stage_run.stage":"D","stage_run.module":"task-management","stage_run.mode":"execute","stage_run.status":"pass","stage_run.report_saved":true,"stage_run.release_evidence.generated":true}}
# {"timestamp":"2026-04-22T14:39:53.354Z","level":"info","service":"my-module","event":"metric.histogram","name":"control_center_operation_duration_ms","value":1,"unit":"ms","attributes":{"operation":"planning_studio.stage_run","route":"/api/planning-studio/stage-run","method":"POST"}}
# {"timestamp":"2026-04-22T14:39:53.354Z","level":"info","service":"my-module","event":"control_center.operation","trace_id":"46f14f7c7e024f6cafe223df36a8938e","parent_span_id":"cce15dc346a84a99","span_id":"df201ef44b5041f4","correlation_id":"5f6f8ab1-5364-4ef6-baf5-9df7bc6ede87","request_id":"5f6f8ab1-5364-4ef6-baf5-9df7bc6ede87","operation":"planning_studio.stage_run","route":"/api/planning-studio/stage-run","method":"POST","duration_ms":1,"message":"ok","stage_run.stage":"D","stage_run.module":"task-management","stage_run.mode":"execute","stage_run.status":"pass","stage_run.report_saved":true,"stage_run.release_evidence.generated":true}
# {"timestamp":"2026-04-22T14:39:53.354Z","level":"info","service":"my-module","event":"metric.counter","name":"stage_run_report_saved_total","delta":1,"total":1,"attributes":{"route":"/api/planning-studio/stage-run","method":"POST","stage":"D","module":"task-management","mode":"execute"}}
# {"timestamp":"2026-04-22T14:39:53.354Z","level":"info","service":"my-module","event":"stage_run.save_ok","correlation_id":"5f6f8ab1-5364-4ef6-baf5-9df7bc6ede87","request_id":"5f6f8ab1-5364-4ef6-baf5-9df7bc6ede87","stage":"D","module":"task-management"}
# {"timestamp":"2026-04-22T14:39:53.515Z","level":"warn","service":"my-module","event":"server.draining","reason":"manual","drain_started_at":"2026-04-22T14:39:53.515Z"}
# Subtest: [stage run release evidence smoke] execute PASS auto-generates release evidence once and replays idempotently
not ok 155 - [stage run release evidence smoke] execute PASS auto-generates release evidence once and replays idempotently
  ---
  duration_ms: 204.751469
  type: 'test'
  location: '/root/workspace/my-module/src/tests/smoke/stageRunReleaseEvidence.smoke.test.js:174:1'
  failureType: 'testCodeFailure'
  error: |-
    Expected values to be strictly equal:
    
    false !== true
    
  code: 'ERR_ASSERTION'
  name: 'AssertionError'
  expected: true
  actual: false
  operator: 'strictEqual'
  stack: |-
    TestContext.<anonymous> (/root/workspace/my-module/src/tests/smoke/stageRunReleaseEvidence.smoke.test.js:215:12)
    process.processTicksAndRejections (node:internal/process/task_queues:103:5)
    async Test.run (node:internal/test_runner/test:1054:7)
    async startSubtestAfterBootstrap (node:internal/test_runner/harness:296:3)
  ...
# {"timestamp":"2026-04-22T14:39:53.524Z","level":"info","service":"my-module","event":"metric.counter","name":"stage_run_release_evidence_failures_total","delta":1,"total":1,"attributes":{"route":"/api/planning-studio/stage-run","method":"POST","stage":"D","module":"task-management"}}
# {"timestamp":"2026-04-22T14:39:53.524Z","level":"warn","service":"my-module","event":"stage_run.release_evidence_failed","correlation_id":"5385a125-ba7c-4050-a6c7-3aec3a714098","request_id":"5385a125-ba7c-4050-a6c7-3aec3a714098","stage":"D","module":"task-management","exit_code":17,"stderr":"simulated release evidence failure","error":null}
# {"timestamp":"2026-04-22T14:39:53.524Z","level":"info","service":"my-module","event":"span.end","trace_id":"e257933d756f45999dfb9f29069b1d68","span_id":"f5e8504cc8a5452a","parent_span_id":"5a41bee259ff4822","name":"planning_studio.stage_run","duration_ms":0,"status":"ok","attributes":{"http.route":"/api/planning-studio/stage-run","http.request.method":"POST","code.function":"createAppHandler","control_center.operation.duration_ms":0,"stage_run.stage":"D","stage_run.module":"task-management","stage_run.mode":"execute","stage_run.status":"pass","stage_run.report_saved":true,"stage_run.release_evidence.generated":false}}
# {"timestamp":"2026-04-22T14:39:53.524Z","level":"info","service":"my-module","event":"metric.histogram","name":"control_center_operation_duration_ms","value":0,"unit":"ms","attributes":{"operation":"planning_studio.stage_run","route":"/api/planning-studio/stage-run","method":"POST"}}
# {"timestamp":"2026-04-22T14:39:53.524Z","level":"info","service":"my-module","event":"control_center.operation","trace_id":"e257933d756f45999dfb9f29069b1d68","parent_span_id":"5a41bee259ff4822","span_id":"f5e8504cc8a5452a","correlation_id":"5385a125-ba7c-4050-a6c7-3aec3a714098","request_id":"5385a125-ba7c-4050-a6c7-3aec3a714098","operation":"planning_studio.stage_run","route":"/api/planning-studio/stage-run","method":"POST","duration_ms":0,"message":"ok","stage_run.stage":"D","stage_run.module":"task-management","stage_run.mode":"execute","stage_run.status":"pass","stage_run.report_saved":true,"stage_run.release_evidence.generated":false}
# {"timestamp":"2026-04-22T14:39:53.524Z","level":"info","service":"my-module","event":"metric.counter","name":"stage_run_report_saved_total","delta":1,"total":2,"attributes":{"route":"/api/planning-studio/stage-run","method":"POST","stage":"D","module":"task-management","mode":"execute"}}
# {"timestamp":"2026-04-22T14:39:53.524Z","level":"info","service":"my-module","event":"stage_run.save_ok","correlation_id":"5385a125-ba7c-4050-a6c7-3aec3a714098","request_id":"5385a125-ba7c-4050-a6c7-3aec3a714098","stage":"D","module":"task-management"}
# {"timestamp":"2026-04-22T14:39:53.693Z","level":"warn","service":"my-module","event":"server.draining","reason":"manual","drain_started_at":"2026-04-22T14:39:53.693Z"}
# Subtest: [stage run release evidence smoke] execute PASS keeps stage-run success even when release evidence generation fails
not ok 156 - [stage run release evidence smoke] execute PASS keeps stage-run success even when release evidence generation fails
  ---
  duration_ms: 177.223107
  type: 'test'
  location: '/root/workspace/my-module/src/tests/smoke/stageRunReleaseEvidence.smoke.test.js:242:1'
  failureType: 'testCodeFailure'
  error: |-
    Expected values to be strictly equal:
    + actual - expected
    
    + 'None'
    - 'simulated release evidence failure'
    
  code: 'ERR_ASSERTION'
  name: 'AssertionError'
  expected: 'simulated release evidence failure'
  actual: 'None'
  operator: 'strictEqual'
  stack: |-
    TestContext.<anonymous> (/root/workspace/my-module/src/tests/smoke/stageRunReleaseEvidence.smoke.test.js:279:12)
    process.processTicksAndRejections (node:internal/process/task_queues:103:5)
    async Test.run (node:internal/test_runner/test:1054:7)
    async Test.processPendingSubtests (node:internal/test_runner/test:744:7)
  ...
# (node:15844) ExperimentalWarning: SQLite is an experimental feature and might change at any time
# (Use `node --trace-warnings ...` to show where the warning was created)
# {"timestamp":"2026-04-22T14:39:53.725Z","level":"info","service":"my-module","event":"span.end","trace_id":"9fd5f7158e6b44a991f682c31ea2c121","span_id":"d7d59dccf14e4786","parent_span_id":"98a567cce7d74f92","name":"planning_studio.stage_run","duration_ms":194,"status":"ok","attributes":{"http.route":"/api/planning-studio/stage-run","http.request.method":"POST","code.function":"createAppHandler","control_center.operation.duration_ms":193,"stage_run.stage":"D","stage_run.module":"task-management","stage_run.mode":"dry-run","stage_run.status":"ready","stage_run.report_saved":false,"stage_run.release_evidence.generated":false}}
# {"timestamp":"2026-04-22T14:39:53.725Z","level":"info","service":"my-module","event":"metric.histogram","name":"control_center_operation_duration_ms","value":193,"unit":"ms","attributes":{"operation":"planning_studio.stage_run","route":"/api/planning-studio/stage-run","method":"POST"}}
# {"timestamp":"2026-04-22T14:39:53.725Z","level":"info","service":"my-module","event":"control_center.operation","trace_id":"9fd5f7158e6b44a991f682c31ea2c121","parent_span_id":"98a567cce7d74f92","span_id":"d7d59dccf14e4786","correlation_id":"7df26522-a699-411d-b521-dbc2e86dd68a","request_id":"7df26522-a699-411d-b521-dbc2e86dd68a","operation":"planning_studio.stage_run","route":"/api/planning-studio/stage-run","method":"POST","duration_ms":193,"message":"ok","stage_run.stage":"D","stage_run.module":"task-management","stage_run.mode":"dry-run","stage_run.status":"ready","stage_run.report_saved":false,"stage_run.release_evidence.generated":false}
# {"timestamp":"2026-04-22T14:39:53.725Z","level":"info","service":"my-module","event":"metric.counter","name":"stage_run_report_save_failures_total","delta":1,"total":1,"attributes":{"route":"/api/planning-studio/stage-run","method":"POST","stage":"D","module":"task-management","mode":"dry-run"}}
# {"timestamp":"2026-04-22T14:39:53.725Z","level":"warn","service":"my-module","event":"stage_run.save_failed","correlation_id":"7df26522-a699-411d-b521-dbc2e86dd68a","request_id":"7df26522-a699-411d-b521-dbc2e86dd68a","stage":"D","module":"task-management","exit_code":23,"stderr":"simulated save-stage-run failure","error":null}
# {"timestamp":"2026-04-22T14:39:53.732Z","level":"warn","service":"my-module","event":"server.draining","reason":"manual","drain_started_at":"2026-04-22T14:39:53.732Z"}
# Subtest: [stage run save failure smoke] stage-run responds with runtime observability when report persistence fails
ok 157 - [stage run save failure smoke] stage-run responds with runtime observability when report persistence fails
  ---
  duration_ms: 252.098823
  type: 'test'
  ...
# Subtest: [starter preset] goal-specific planning/routing/template preset is generated
ok 158 - [starter preset] goal-specific planning/routing/template preset is generated
  ---
  duration_ms: 87.318371
  type: 'test'
  ...
# Subtest: [startup diagnostic] shows env-absent hint when .env not found
ok 159 - [startup diagnostic] shows env-absent hint when .env not found
  ---
  duration_ms: 1.004107
  type: 'test'
  ...
# Subtest: [startup diagnostic] shows loaded flags when .env present with overrides
ok 160 - [startup diagnostic] shows loaded flags when .env present with overrides
  ---
  duration_ms: 0.373305
  type: 'test'
  ...
# Subtest: [startup diagnostic] shows hint when .env present but no WOS_FLAG_ vars
ok 161 - [startup diagnostic] shows hint when .env present but no WOS_FLAG_ vars
  ---
  duration_ms: 0.217071
  type: 'test'
  ...
# Subtest: [startup diagnostic] shows flags.yaml load failure warning
ok 162 - [startup diagnostic] shows flags.yaml load failure warning
  ---
  duration_ms: 0.153346
  type: 'test'
  ...
# Subtest: [startup diagnostic] separator lines present for terminal readability
ok 163 - [startup diagnostic] separator lines present for terminal readability
  ---
  duration_ms: 0.149388
  type: 'test'
  ...
# Subtest: [static analysis gate smoke] eslint reports zero errors across src/ domains/ scripts/
not ok 164 - [static analysis gate smoke] eslint reports zero errors across src/ domains/ scripts/
  ---
  duration_ms: 2476.177823
  type: 'test'
  location: '/root/workspace/my-module/src/tests/smoke/staticAnalysisGate.smoke.test.js:12:1'
  failureType: 'testCodeFailure'
  error: |-
    ESLint found lint errors or warnings — fix before releasing:
    
    /root/workspace/my-module/scripts/db-migrate.js
      51:5  warning  Unexpected console statement  no-console
      53:5  warning  Unexpected console statement  no-console
      59:1  warning  Unexpected console statement  no-console
    
    /root/workspace/my-module/src/server/createServer.js
      37:3   error  'PostgresInvoiceRepository' is assigned a value but never used           no-unused-vars
      38:3   error  'PostgresPaymentRepository' is assigned a value but never used           no-unused-vars
      39:3   error  'PostgresBillingExceptionRepository' is assigned a value but never used  no-unused-vars
      41:9   error  'SQLiteBillingRepository' is assigned a value but never used             no-unused-vars
      44:9   error  'PostgresVideoRepository' is assigned a value but never used             no-unused-vars
      44:34  error  'PostgresTranscodeJobRepository' is assigned a value but never used      no-unused-vars
      45:9   error  'SQLiteVideoRepository' is assigned a value but never used               no-unused-vars
      45:32  error  'SQLiteTranscodeJobRepository' is assigned a value but never used        no-unused-vars
    
    ✖ 11 problems (8 errors, 3 warnings)
    
    
    + actual - expected
    
    + '\n' +
    +   '/root/workspace/my-module/scripts/db-migrate.js\n' +
    +   '  51:5  warning  Unexpected console statement  no-console\n' +
    +   '  53:5  warning  Unexpected console statement  no-console\n' +
    +   '  59:1  warning  Unexpected console statement  no-console\n' +
    +   '\n' +
    +   '/root/workspace/my-module/src/server/createServer.js\n' +
    +   "  37:3   error  'PostgresInvoiceRepository' is assigned a value but never used           no-unused-vars\n" +
    +   "  38:3   error  'PostgresPaymentRepository' is assigned a value but never used           no-unused-vars\n" +
    +   "  39:3   error  'PostgresBillingExceptionRepository' is assigned a value but never used  no-unused-vars\n" +
    +   "  41:9   error  'SQLiteBillingRepository' is assigned a value but never used             no-unused-vars\n" +
    +   "  44:9   error  'PostgresVideoRepository' is assigned a value but never used             no-unused-vars\n" +
    +   "  44:34  error  'PostgresTranscodeJobRepository' is assigned a value but never used      no-unused-vars\n" +
    +   "  45:9   error  'SQLiteVideoRepository' is assigned a value but never used               no-unused-vars\n" +
    +   "  45:32  error  'SQLiteTranscodeJobRepository' is assigned a value but never used        no-unused-vars\n" +
    +   '\n' +
    +   '✖ 11 problems (8 errors, 3 warnings)\n' +
    +   '\n'
    - ''
    
  code: 'ERR_ASSERTION'
  name: 'AssertionError'
  expected: ''
  actual: |-
    
    /root/workspace/my-module/scripts/db-migrate.js
      51:5  warning  Unexpected console statement  no-console
      53:5  warning  Unexpected console statement  no-console
      59:1  warning  Unexpected console statement  no-console
    
    /root/workspace/my-module/src/server/createServer.js
      37:3   error  'PostgresInvoiceRepository' is assigned a value but never used           no-unused-vars
      38:3   error  'PostgresPaymentRepository' is assigned a value but never used           no-unused-vars
      39:3   error  'PostgresBillingExceptionRepository' is assigned a value but never used  no-unused-vars
      41:9   error  'SQLiteBillingRepository' is assigned a value but never used             no-unused-vars
      44:9   error  'PostgresVideoRepository' is assigned a value but never used             no-unused-vars
      44:34  error  'PostgresTranscodeJobRepository' is assigned a value but never used      no-unused-vars
      45:9   error  'SQLiteVideoRepository' is assigned a value but never used               no-unused-vars
      45:32  error  'SQLiteTranscodeJobRepository' is assigned a value but never used        no-unused-vars
    
    ✖ 11 problems (8 errors, 3 warnings)
    
    
  operator: 'strictEqual'
  stack: |-
    TestContext.<anonymous> (/root/workspace/my-module/src/tests/smoke/staticAnalysisGate.smoke.test.js:26:10)
    process.processTicksAndRejections (node:internal/process/task_queues:103:5)
    async Test.run (node:internal/test_runner/test:1054:7)
    async startSubtestAfterBootstrap (node:internal/test_runner/harness:296:3)
  ...
# Subtest: [static ui home] artifacts root home is generated with core navigation links
ok 165 - [static ui home] artifacts root home is generated with core navigation links
  ---
  duration_ms: 2199.675984
  type: 'test'
  ...
# (node:16029) ExperimentalWarning: SQLite is an experimental feature and might change at any time
# (Use `node --trace-warnings ...` to show where the warning was created)
# {"timestamp":"2026-04-22T14:39:53.968Z","level":"warn","service":"my-module","event":"server.draining","reason":"test","drain_started_at":"2026-04-22T14:39:53.968Z"}
# Subtest: [system api adversarial smoke] unauthorized admin actions return structured 403
ok 166 - [system api adversarial smoke] unauthorized admin actions return structured 403
  ---
  duration_ms: 53.800086
  type: 'test'
  ...
# {"timestamp":"2026-04-22T14:39:53.982Z","level":"warn","service":"my-module","event":"server.draining","reason":"test","drain_started_at":"2026-04-22T14:39:53.982Z"}
# Subtest: [system api adversarial smoke] SSE client can reconnect after disconnect with trace headers preserved
ok 167 - [system api adversarial smoke] SSE client can reconnect after disconnect with trace headers preserved
  ---
  duration_ms: 4014.064993
  type: 'test'
  ...
# (node:16301) ExperimentalWarning: SQLite is an experimental feature and might change at any time
# (Use `node --trace-warnings ...` to show where the warning was created)
# {"timestamp":"2026-04-22T14:39:54.734Z","level":"warn","service":"my-module","event":"server.draining","reason":"test","drain_started_at":"2026-04-22T14:39:54.734Z"}
# Subtest: [system api runtime smoke] system routes are mounted when system_api.enabled=true
ok 168 - [system api runtime smoke] system routes are mounted when system_api.enabled=true
  ---
  duration_ms: 63.119416
  type: 'test'
  ...
# {"timestamp":"2026-04-22T14:39:54.743Z","level":"warn","service":"my-module","event":"server.draining","reason":"test","drain_started_at":"2026-04-22T14:39:54.743Z"}
# Subtest: [system api runtime smoke] system routes return 404 when system_api.enabled=false
ok 169 - [system api runtime smoke] system routes return 404 when system_api.enabled=false
  ---
  duration_ms: 5.114606
  type: 'test'
  ...
# {"timestamp":"2026-04-22T14:39:54.746Z","level":"warn","service":"my-module","event":"server.draining","reason":"test","drain_started_at":"2026-04-22T14:39:54.746Z"}
# Subtest: [system api runtime smoke] sub-feature gates return 503 when disabled
not ok 170 - [system api runtime smoke] sub-feature gates return 503 when disabled
  ---
  duration_ms: 5004.471758
  type: 'test'
  location: '/root/workspace/my-module/src/tests/smoke/systemApiRuntime.smoke.test.js:126:1'
  failureType: 'testCodeFailure'
  error: |-
    Expected values to be strictly equal:
    
    200 !== 503
    
  code: 'ERR_ASSERTION'
  name: 'AssertionError'
  expected: 503
  actual: 200
  operator: 'strictEqual'
  stack: |-
    TestContext.<anonymous> (/root/workspace/my-module/src/tests/smoke/systemApiRuntime.smoke.test.js:135:12)
    process.processTicksAndRejections (node:internal/process/task_queues:103:5)
    async Test.run (node:internal/test_runner/test:1054:7)
    async Test.processPendingSubtests (node:internal/test_runner/test:744:7)
  ...
# (node:16707) ExperimentalWarning: SQLite is an experimental feature and might change at any time
# (Use `node --trace-warnings ...` to show where the warning was created)
# Subtest: [Stage E] 7개 System OS 아티팩트 파일 존재
ok 171 - [Stage E] 7개 System OS 아티팩트 파일 존재
  ---
  duration_ms: 0.904668
  type: 'test'
  ...
# Subtest: [Stage E] 모든 아티팩트에 shell.js + data-sse-connect 통합 확인
ok 172 - [Stage E] 모든 아티팩트에 shell.js + data-sse-connect 통합 확인
  ---
  duration_ms: 1.79352
  type: 'test'
  ...
# Subtest: [Stage E] shared 자산 파일 존재 및 최소 크기
ok 173 - [Stage E] shared 자산 파일 존재 및 최소 크기
  ---
  duration_ms: 0.246855
  type: 'test'
  ...
# Subtest: [Stage E] ui-shell.js 모듈 API 계약
ok 174 - [Stage E] ui-shell.js 모듈 API 계약
  ---
  duration_ms: 1.452189
  type: 'test'
  ...
# Subtest: [Stage E] SystemApiClient file mode 6개 메서드 응답 형태
ok 175 - [Stage E] SystemApiClient file mode 6개 메서드 응답 형태
  ---
  duration_ms: 1.802936
  type: 'test'
  ...
# {"timestamp":"2026-04-22T14:39:56.185Z","level":"warn","service":"my-module","event":"server.draining","reason":"test","drain_started_at":"2026-04-22T14:39:56.185Z"}
# Subtest: [Stage E] INV-SYS-001: toggleFlag — system.admin 없음 → 403
ok 176 - [Stage E] INV-SYS-001: toggleFlag — system.admin 없음 → 403
  ---
  duration_ms: 54.551037
  type: 'test'
  ...
# {"timestamp":"2026-04-22T14:39:56.194Z","level":"warn","service":"my-module","event":"server.draining","reason":"test","drain_started_at":"2026-04-22T14:39:56.194Z"}
# Subtest: [Stage E] INV-SYS-002: triggerRollback — system.admin 없음 → 403
ok 177 - [Stage E] INV-SYS-002: triggerRollback — system.admin 없음 → 403
  ---
  duration_ms: 8.114967
  type: 'test'
  ...
# {"timestamp":"2026-04-22T14:39:56.199Z","level":"warn","service":"my-module","event":"server.draining","reason":"test","drain_started_at":"2026-04-22T14:39:56.199Z"}
# Subtest: [Stage E] INV-SYS-003: system_api.enabled=false → GET /health → 404
ok 178 - [Stage E] INV-SYS-003: system_api.enabled=false → GET /health → 404
  ---
  duration_ms: 4.929298
  type: 'test'
  ...
# {"timestamp":"2026-04-22T14:39:56.204Z","level":"warn","service":"my-module","event":"server.draining","reason":"test","drain_started_at":"2026-04-22T14:39:56.204Z"}
# Subtest: [Stage E] INV-SYS-004: flag_toggle_ui=false → PATCH /flags/:id → 503
ok 179 - [Stage E] INV-SYS-004: flag_toggle_ui=false → PATCH /flags/:id → 503
  ---
  duration_ms: 5.252789
  type: 'test'
  ...
# {"timestamp":"2026-04-22T14:39:56.211Z","level":"warn","service":"my-module","event":"server.draining","reason":"test","drain_started_at":"2026-04-22T14:39:56.211Z"}
# Subtest: [Stage E] INV-SYS-005: rollback_ui=false → POST /rollback → 503
ok 180 - [Stage E] INV-SYS-005: rollback_ui=false → POST /rollback → 503
  ---
  duration_ms: 6.26537
  type: 'test'
  ...
# {"timestamp":"2026-04-22T14:39:56.216Z","level":"warn","service":"my-module","event":"server.draining","reason":"test","drain_started_at":"2026-04-22T14:39:56.216Z"}
# Subtest: [Stage E] GET /api/v1/system/events → text/event-stream (SSE 연결 확인)
ok 181 - [Stage E] GET /api/v1/system/events → text/event-stream (SSE 연결 확인)
  ---
  duration_ms: 5.895598
  type: 'test'
  ...
# Subtest: [token roi] context lock and exception routing produce token ROI guidance
ok 182 - [token roi] context lock and exception routing produce token ROI guidance
  ---
  duration_ms: 62.536312
  type: 'test'
  ...
# Subtest: [token roi routing] token ROI turns into a concrete routing patch
ok 183 - [token roi routing] token ROI turns into a concrete routing patch
  ---
  duration_ms: 61.156814
  type: 'test'
  ...
# Subtest: [validation profiles smoke] packet type and stage resolve to a stable minimum command bundle
ok 184 - [validation profiles smoke] packet type and stage resolve to a stable minimum command bundle
  ---
  duration_ms: 118.310651
  type: 'test'
  ...
# Subtest: [verified auto commit guard smoke] dry-run summary exposes commit candidate and validation bundle
ok 185 - [verified auto commit guard smoke] dry-run summary exposes commit candidate and validation bundle
  ---
  duration_ms: 115.545081
  type: 'test'
  ...
# Subtest: [verified auto commit guard smoke] guard blocks protected branches and failed validation
ok 186 - [verified auto commit guard smoke] guard blocks protected branches and failed validation
  ---
  duration_ms: 0.262495
  type: 'test'
  ...
# Subtest: [wp scheduler readiness] json output includes promotion pipeline readiness
ok 187 - [wp scheduler readiness] json output includes promotion pipeline readiness
  ---
  duration_ms: 218.597122
  type: 'test'
  ...
1..187
# tests 192
# suites 2
# pass 186
# fail 6
# cancelled 0
# skipped 0
# todo 0
# duration_ms 29902.663733