$ npm run test:e2e-smoke

> my-module@0.2.0 test:e2e-smoke
> node --test --test-force-exit 'domains/**/tests/smoke/**/*.test.js' 'src/tests/smoke/**/*.test.js'

TAP version 13
# Subtest: [billing smoke] 인보이스 목록 조회 성공
ok 1 - [billing smoke] 인보이스 목록 조회 성공
  ---
  duration_ms: 2.049651
  type: 'test'
  ...
# Subtest: [billing smoke] 권한 없는 인보이스 생성 거부
ok 2 - [billing smoke] 권한 없는 인보이스 생성 거부
  ---
  duration_ms: 1.824831
  type: 'test'
  ...
# Subtest: [billing smoke] 존재하지 않는 결제 조회는 404
ok 3 - [billing smoke] 존재하지 않는 결제 조회는 404
  ---
  duration_ms: 0.360317
  type: 'test'
  ...
# Subtest: [task-management smoke] 생성 후 상세 조회 성공
ok 4 - [task-management smoke] 생성 후 상세 조회 성공
  ---
  duration_ms: 1.628723
  type: 'test'
  ...
# Subtest: [task-management smoke] 권한 없는 목록 조회 거부
ok 5 - [task-management smoke] 권한 없는 목록 조회 거부
  ---
  duration_ms: 0.48355
  type: 'test'
  ...
# Subtest: [task-management smoke] 존재하지 않는 작업 조회는 404
ok 6 - [task-management smoke] 존재하지 않는 작업 조회는 404
  ---
  duration_ms: 0.253915
  type: 'test'
  ...
# Subtest: [adaptive starter] learned preset memory is promoted into starter defaults
ok 7 - [adaptive starter] learned preset memory is promoted into starter defaults
  ---
  duration_ms: 472.847385
  type: 'test'
  ...
# Subtest: [apply checkpoint] pre-apply review artifact is generated from decision and promotion state
ok 8 - [apply checkpoint] pre-apply review artifact is generated from decision and promotion state
  ---
  duration_ms: 1222.379413
  type: 'test'
  ...
# Subtest: [execution packet apply] exported packet can be applied to current-wp and next-actions
ok 9 - [execution packet apply] exported packet can be applied to current-wp and next-actions
  ---
  duration_ms: 68.065767
  type: 'test'
  ...
# Subtest: [apply outcome scorecard] apply history and token efficiency are summarized
ok 10 - [apply outcome scorecard] apply history and token efficiency are summarized
  ---
  duration_ms: 909.897115
  type: 'test'
  ...
# Subtest: [apply timeline] recent decision/apply history is summarized
ok 11 - [apply timeline] recent decision/apply history is summarized
  ---
  duration_ms: 1281.659645
  type: 'test'
  ...
# Subtest: [architecture fitness smoke] boundary guardrails pass for current domains
ok 12 - [architecture fitness smoke] boundary guardrails pass for current domains
  ---
  duration_ms: 66.111336
  type: 'test'
  ...
# Subtest: [benchmark pack] goal-specific benchmark action pack is generated
ok 13 - [benchmark pack] goal-specific benchmark action pack is generated
  ---
  duration_ms: 99.288319
  type: 'test'
  ...
# (node:61713) ExperimentalWarning: SQLite is an experimental feature and might change at any time
# (Use `node --trace-warnings ...` to show where the warning was created)
# {"timestamp":"2026-04-22T14:43:46.553Z","level":"warn","service":"my-module","event":"server.draining","reason":"manual","drain_started_at":"2026-04-22T14:43:46.553Z"}
# Subtest: [billing video event wiring smoke] POST /invoices → InvoiceCreated 이벤트가 ring buffer에 기록된다
ok 14 - [billing video event wiring smoke] POST /invoices → InvoiceCreated 이벤트가 ring buffer에 기록된다
  ---
  duration_ms: 26.511154
  type: 'test'
  ...
# {"timestamp":"2026-04-22T14:43:46.560Z","level":"warn","service":"my-module","event":"server.draining","reason":"manual","drain_started_at":"2026-04-22T14:43:46.560Z"}
# Subtest: [billing video event wiring smoke] POST /videos → VideoUploaded 이벤트가 ring buffer에 기록된다
ok 15 - [billing video event wiring smoke] POST /videos → VideoUploaded 이벤트가 ring buffer에 기록된다
  ---
  duration_ms: 6.411528
  type: 'test'
  ...
# {"timestamp":"2026-04-22T14:43:46.563Z","level":"info","service":"my-module","event":"metric.counter","name":"http_requests_total","delta":1,"total":1,"attributes":{"route":"/health","method":"GET"}}
# {"timestamp":"2026-04-22T14:43:46.563Z","level":"info","service":"my-module","event":"span.end","trace_id":"ecf9be8784de410d8ec981be5b07656e","span_id":"0a09232630b34510","parent_span_id":null,"name":"http.GET /health","duration_ms":0,"status":"ok","attributes":{"http.method":"GET","http.route":"/health"}}
# {"timestamp":"2026-04-22T14:43:46.568Z","level":"info","service":"my-module","event":"metric.counter","name":"http_requests_total","delta":1,"total":2,"attributes":{"route":"/health","method":"GET"}}
# {"timestamp":"2026-04-22T14:43:46.568Z","level":"info","service":"my-module","event":"span.end","trace_id":"3509f9a9e5d74e9695a38661a7c1b42b","span_id":"29cdf1de00f24b0e","parent_span_id":null,"name":"http.GET /health","duration_ms":0,"status":"ok","attributes":{"http.method":"GET","http.route":"/health"}}
# {"timestamp":"2026-04-22T14:43:46.569Z","level":"warn","service":"my-module","event":"server.draining","reason":"manual","drain_started_at":"2026-04-22T14:43:46.569Z"}
# Subtest: [billing video event wiring smoke] EventBus getStats().publishCount가 billing+video 액션 후 증가한다
ok 16 - [billing video event wiring smoke] EventBus getStats().publishCount가 billing+video 액션 후 증가한다
  ---
  duration_ms: 8.363101
  type: 'test'
  ...
# Subtest: [blueprint launch] blueprint start deck is generated for the current goal
ok 17 - [blueprint launch] blueprint start deck is generated for the current goal
  ---
  duration_ms: 194.601629
  type: 'test'
  ...
# Subtest: [branch bootstrap smoke] current packet maps to a branch recommendation and commit template
ok 18 - [branch bootstrap smoke] current packet maps to a branch recommendation and commit template
  ---
  duration_ms: 116.966765
  type: 'test'
  ...
# Subtest: [capability brief] current capability summary joins hierarchy, planning mode, and benchmark focus
ok 19 - [capability brief] current capability summary joins hierarchy, planning mode, and benchmark focus
  ---
  duration_ms: 255.967742
  type: 'test'
  ...
# Subtest: [capability seed] capability-specific planning seed sections are generated
ok 20 - [capability seed] capability-specific planning seed sections are generated
  ---
  duration_ms: 267.96346
  type: 'test'
  ...
# Subtest: [capability seed tuning] mapped planning sections are generated from seed and feedback
ok 21 - [capability seed tuning] mapped planning sections are generated from seed and feedback
  ---
  duration_ms: 260.608764
  type: 'test'
  ...
# Subtest: [planning fit] constraint and adapter fit report is generated from current state
ok 22 - [planning fit] constraint and adapter fit report is generated from current state
  ---
  duration_ms: 99.699502
  type: 'test'
  ...
# Subtest: [handoff bundle] context, fit, and replay are composed into one artifact
ok 23 - [handoff bundle] context, fit, and replay are composed into one artifact
  ---
  duration_ms: 227.396302
  type: 'test'
  ...
# Subtest: [context drift] changed and missing files are surfaced from a lock manifest
ok 24 - [context drift] changed and missing files are surfaced from a lock manifest
  ---
  duration_ms: 65.904434
  type: 'test'
  ...
# Subtest: [context exception] bounded extra-read ledger is generated from remaining headroom
ok 25 - [context exception] bounded extra-read ledger is generated from remaining headroom
  ---
  duration_ms: 62.892473
  type: 'test'
  ...
# Subtest: [contract drift smoke] requirement-defined contracts validate cleanly
not ok 26 - [contract drift smoke] requirement-defined contracts validate cleanly
  ---
  duration_ms: 391.747657
  type: 'test'
  location: '/root/workspace/my-module/src/tests/smoke/contractDrift.smoke.test.js:11:1'
  failureType: 'testCodeFailure'
  error: |-
    Command failed: python3 scripts/validate_contract_drift.py
    
  code: 1
  stack: |-
    genericNodeError (node:internal/errors:983:15)
    wrappedFn (node:internal/errors:537:14)
    ChildProcess.exithandler (node:child_process:417:12)
    ChildProcess.emit (node:events:519:28)
    maybeClose (node:internal/child_process:1101:16)
    ChildProcess._handle.onexit (node:internal/child_process:304:5)
  ...
# Subtest: [contract drift smoke] ui shell control api contract stays aligned with frontend and runtime endpoints
ok 27 - [contract drift smoke] ui shell control api contract stays aligned with frontend and runtime endpoints
  ---
  duration_ms: 142.405264
  type: 'test'
  ...
# (node:61906) ExperimentalWarning: SQLite is an experimental feature and might change at any time
# (Use `node --trace-warnings ...` to show where the warning was created)
# {"timestamp":"2026-04-22T14:43:47.172Z","level":"info","service":"my-module","event":"metric.counter","name":"control_center_prompt_recommendations_total","delta":1,"total":1,"attributes":{"route":"/api/automation/optimize-prompt","method":"GET"}}
# {"timestamp":"2026-04-22T14:43:47.173Z","level":"info","service":"my-module","event":"span.end","trace_id":"4c0e59e4c4b940ebb7ee63c35a82a30e","span_id":"4b061c1062cb49ab","parent_span_id":"a7bdb0b0f99245c6","name":"control_center.optimize_prompt","duration_ms":223,"status":"ok","attributes":{"http.route":"/api/automation/optimize-prompt","http.request.method":"GET","code.function":"createAppHandler","control_center.operation.duration_ms":223,"control_center.prompt.source":"planning-studio-snapshot","control_center.snapshot.ok":true}}
# {"timestamp":"2026-04-22T14:43:47.173Z","level":"info","service":"my-module","event":"metric.histogram","name":"control_center_operation_duration_ms","value":223,"unit":"ms","attributes":{"operation":"control_center.optimize_prompt","route":"/api/automation/optimize-prompt","method":"GET"}}
# {"timestamp":"2026-04-22T14:43:47.173Z","level":"info","service":"my-module","event":"control_center.operation","trace_id":"4c0e59e4c4b940ebb7ee63c35a82a30e","parent_span_id":"a7bdb0b0f99245c6","span_id":"4b061c1062cb49ab","correlation_id":"63069e7d-d9b6-42f3-8c5f-2c9c8debb1f1","request_id":"63069e7d-d9b6-42f3-8c5f-2c9c8debb1f1","operation":"control_center.optimize_prompt","route":"/api/automation/optimize-prompt","method":"GET","duration_ms":223,"message":"ok","control_center.prompt.source":"planning-studio-snapshot","control_center.snapshot.ok":true}
# {"timestamp":"2026-04-22T14:43:47.190Z","level":"info","service":"my-module","event":"metric.counter","name":"pty_bridge_sessions_read_total","delta":1,"total":1,"attributes":{"route":"/api/pty/sessions","method":"GET"}}
# {"timestamp":"2026-04-22T14:43:47.191Z","level":"info","service":"my-module","event":"span.end","trace_id":"dd9b3cdbb09d41a3af6fbb8455f3b7ad","span_id":"c86da53ee1ea4c66","parent_span_id":"d700a6d023224371","name":"pty.bridge.sessions","duration_ms":1,"status":"ok","attributes":{"http.route":"/api/pty/sessions","http.request.method":"GET","code.function":"createAppHandler","control_center.operation.duration_ms":1,"pty.session.count":1}}
# {"timestamp":"2026-04-22T14:43:47.191Z","level":"info","service":"my-module","event":"metric.histogram","name":"control_center_operation_duration_ms","value":1,"unit":"ms","attributes":{"operation":"pty.bridge.sessions","route":"/api/pty/sessions","method":"GET"}}
# {"timestamp":"2026-04-22T14:43:47.191Z","level":"info","service":"my-module","event":"control_center.operation","trace_id":"dd9b3cdbb09d41a3af6fbb8455f3b7ad","parent_span_id":"d700a6d023224371","span_id":"c86da53ee1ea4c66","correlation_id":"c168df6d-15fa-4745-80ec-5900d055a7be","request_id":"c168df6d-15fa-4745-80ec-5900d055a7be","operation":"pty.bridge.sessions","route":"/api/pty/sessions","method":"GET","duration_ms":1,"message":"ok","pty.session.count":1}
# {"timestamp":"2026-04-22T14:43:47.205Z","level":"info","service":"my-module","event":"metric.counter","name":"pty_bridge_send_total","delta":1,"total":1,"attributes":{"route":"/api/pty/send","method":"POST","action":"prompt"}}
# {"timestamp":"2026-04-22T14:43:47.205Z","level":"info","service":"my-module","event":"span.end","trace_id":"6cd8a4fe1c334c92809fb9ebdd8038a6","span_id":"9a16c35c50774514","parent_span_id":"42e2af3263d6459a","name":"pty.bridge.send","duration_ms":1,"status":"ok","attributes":{"http.route":"/api/pty/send","http.request.method":"POST","code.function":"createAppHandler","control_center.operation.duration_ms":1,"pty.session.pts":"node-control-center","pty.send.action":"prompt","pty.packet.id":"WP-OBS-1"}}
# {"timestamp":"2026-04-22T14:43:47.205Z","level":"info","service":"my-module","event":"metric.histogram","name":"control_center_operation_duration_ms","value":1,"unit":"ms","attributes":{"operation":"pty.bridge.send","route":"/api/pty/send","method":"POST"}}
# {"timestamp":"2026-04-22T14:43:47.205Z","level":"info","service":"my-module","event":"control_center.operation","trace_id":"6cd8a4fe1c334c92809fb9ebdd8038a6","parent_span_id":"42e2af3263d6459a","span_id":"9a16c35c50774514","correlation_id":"e4a1ee16-ae00-4381-905f-ab0d9025a7a4","request_id":"e4a1ee16-ae00-4381-905f-ab0d9025a7a4","operation":"pty.bridge.send","route":"/api/pty/send","method":"POST","duration_ms":1,"message":"ok","pty.session.pts":"node-control-center","pty.send.action":"prompt","pty.packet.id":"WP-OBS-1"}
# {"timestamp":"2026-04-22T14:43:47.213Z","level":"info","service":"my-module","event":"metric.counter","name":"pty_bridge_failures_total","delta":1,"total":1,"attributes":{"route":"/api/pty/send","method":"POST","reason":"missing_pts"}}
# {"timestamp":"2026-04-22T14:43:47.218Z","level":"info","service":"my-module","event":"span.end","trace_id":"4ce0c9454c2e49f3b74e5780fbe79b9a","span_id":"f141a24a5acb410e","parent_span_id":"398beb9c93b74b2e","name":"pty.bridge.send","duration_ms":6,"status":"error","attributes":{"http.route":"/api/pty/send","http.request.method":"POST","code.function":"createAppHandler","exception.type":"Error","exception.message":"pts required","control_center.operation.duration_ms":6,"pty.send.reason":"missing_pts"}}
# {"timestamp":"2026-04-22T14:43:47.218Z","level":"info","service":"my-module","event":"metric.histogram","name":"control_center_operation_duration_ms","value":6,"unit":"ms","attributes":{"operation":"pty.bridge.send","route":"/api/pty/send","method":"POST","error":true}}
# {"timestamp":"2026-04-22T14:43:47.218Z","level":"info","service":"my-module","event":"control_center.operation.failed","trace_id":"4ce0c9454c2e49f3b74e5780fbe79b9a","parent_span_id":"398beb9c93b74b2e","span_id":"f141a24a5acb410e","correlation_id":"5a79d643-a96e-41ed-a82c-d376b073995b","request_id":"5a79d643-a96e-41ed-a82c-d376b073995b","operation":"pty.bridge.send","route":"/api/pty/send","method":"POST","duration_ms":6,"error_message":"pts required","pty.send.reason":"missing_pts"}
# {"timestamp":"2026-04-22T14:43:47.221Z","level":"info","service":"my-module","event":"metric.counter","name":"pty_scheduler_status_read_total","delta":1,"total":1,"attributes":{"route":"/api/pty/scheduler/status","method":"GET"}}
# {"timestamp":"2026-04-22T14:43:47.221Z","level":"info","service":"my-module","event":"span.end","trace_id":"567b0df370c04a2d8b573fe888c8169e","span_id":"eccbc4a39aaa4f87","parent_span_id":"44a174007cd34dcc","name":"pty.scheduler.status","duration_ms":0,"status":"ok","attributes":{"http.route":"/api/pty/scheduler/status","http.request.method":"GET","code.function":"createAppHandler","control_center.operation.duration_ms":0,"pty.scheduler.running":false,"pty.scheduler.worker_count":0}}
# {"timestamp":"2026-04-22T14:43:47.221Z","level":"info","service":"my-module","event":"metric.histogram","name":"control_center_operation_duration_ms","value":0,"unit":"ms","attributes":{"operation":"pty.scheduler.status","route":"/api/pty/scheduler/status","method":"GET"}}
# {"timestamp":"2026-04-22T14:43:47.221Z","level":"info","service":"my-module","event":"control_center.operation","trace_id":"567b0df370c04a2d8b573fe888c8169e","parent_span_id":"44a174007cd34dcc","span_id":"eccbc4a39aaa4f87","correlation_id":"bf3ccbe8-9ba2-4664-be8b-d07109863db1","request_id":"bf3ccbe8-9ba2-4664-be8b-d07109863db1","operation":"pty.scheduler.status","route":"/api/pty/scheduler/status","method":"GET","duration_ms":0,"message":"ok","pty.scheduler.running":false,"pty.scheduler.worker_count":0}
# {"timestamp":"2026-04-22T14:43:47.228Z","level":"info","service":"my-module","event":"metric.counter","name":"pty_scheduler_start_total","delta":1,"total":1,"attributes":{"route":"/api/pty/scheduler/start","method":"POST"}}
# {"timestamp":"2026-04-22T14:43:47.229Z","level":"info","service":"my-module","event":"span.end","trace_id":"1ac259b3ec1946aeb50a82fbab18a74a","span_id":"69ecf4a5479f4aee","parent_span_id":"f5029526d8cd4025","name":"pty.scheduler.start","duration_ms":1,"status":"ok","attributes":{"http.route":"/api/pty/scheduler/start","http.request.method":"POST","code.function":"createAppHandler","control_center.operation.duration_ms":1,"pty.scheduler.worker_count":1}}
# {"timestamp":"2026-04-22T14:43:47.229Z","level":"info","service":"my-module","event":"metric.histogram","name":"control_center_operation_duration_ms","value":1,"unit":"ms","attributes":{"operation":"pty.scheduler.start","route":"/api/pty/scheduler/start","method":"POST"}}
# {"timestamp":"2026-04-22T14:43:47.229Z","level":"info","service":"my-module","event":"control_center.operation","trace_id":"1ac259b3ec1946aeb50a82fbab18a74a","parent_span_id":"f5029526d8cd4025","span_id":"69ecf4a5479f4aee","correlation_id":"04bc45f5-b123-43df-9e26-0b268b0bd7fa","request_id":"04bc45f5-b123-43df-9e26-0b268b0bd7fa","operation":"pty.scheduler.start","route":"/api/pty/scheduler/start","method":"POST","duration_ms":1,"message":"ok","pty.scheduler.worker_count":1}
# {"timestamp":"2026-04-22T14:43:47.231Z","level":"info","service":"my-module","event":"metric.counter","name":"pty_scheduler_status_read_total","delta":1,"total":2,"attributes":{"route":"/api/pty/scheduler/status","method":"GET"}}
# {"timestamp":"2026-04-22T14:43:47.231Z","level":"info","service":"my-module","event":"span.end","trace_id":"544aef29260d4b8ca62ed7bdadf3806c","span_id":"61d0bf298d5e4a5f","parent_span_id":"bddc9100a04148c0","name":"pty.scheduler.status","duration_ms":0,"status":"ok","attributes":{"http.route":"/api/pty/scheduler/status","http.request.method":"GET","code.function":"createAppHandler","control_center.operation.duration_ms":0,"pty.scheduler.running":true,"pty.scheduler.worker_count":1}}
# {"timestamp":"2026-04-22T14:43:47.231Z","level":"info","service":"my-module","event":"metric.histogram","name":"control_center_operation_duration_ms","value":0,"unit":"ms","attributes":{"operation":"pty.scheduler.status","route":"/api/pty/scheduler/status","method":"GET"}}
# {"timestamp":"2026-04-22T14:43:47.231Z","level":"info","service":"my-module","event":"control_center.operation","trace_id":"544aef29260d4b8ca62ed7bdadf3806c","parent_span_id":"bddc9100a04148c0","span_id":"61d0bf298d5e4a5f","correlation_id":"08f56fac-2ac2-4c0e-9e93-6a6a26cdae8c","request_id":"08f56fac-2ac2-4c0e-9e93-6a6a26cdae8c","operation":"pty.scheduler.status","route":"/api/pty/scheduler/status","method":"GET","duration_ms":0,"message":"ok","pty.scheduler.running":true,"pty.scheduler.worker_count":1}
# {"timestamp":"2026-04-22T14:43:47.235Z","level":"info","service":"my-module","event":"metric.counter","name":"pty_scheduler_stop_total","delta":1,"total":1,"attributes":{"route":"/api/pty/scheduler/stop","method":"POST"}}
# {"timestamp":"2026-04-22T14:43:47.235Z","level":"info","service":"my-module","event":"span.end","trace_id":"0ac9ada9514e4068a9f4a695e4c8dd09","span_id":"1c67e9f7bc154e8d","parent_span_id":"454329ef4c024d89","name":"pty.scheduler.stop","duration_ms":0,"status":"ok","attributes":{"http.route":"/api/pty/scheduler/stop","http.request.method":"POST","code.function":"createAppHandler","control_center.operation.duration_ms":0,"pty.scheduler.worker_count":1}}
# {"timestamp":"2026-04-22T14:43:47.235Z","level":"info","service":"my-module","event":"metric.histogram","name":"control_center_operation_duration_ms","value":0,"unit":"ms","attributes":{"operation":"pty.scheduler.stop","route":"/api/pty/scheduler/stop","method":"POST"}}
# {"timestamp":"2026-04-22T14:43:47.235Z","level":"info","service":"my-module","event":"control_center.operation","trace_id":"0ac9ada9514e4068a9f4a695e4c8dd09","parent_span_id":"454329ef4c024d89","span_id":"1c67e9f7bc154e8d","correlation_id":"d780cb25-eec8-4371-811c-4397796fc452","request_id":"d780cb25-eec8-4371-811c-4397796fc452","operation":"pty.scheduler.stop","route":"/api/pty/scheduler/stop","method":"POST","duration_ms":0,"message":"ok","pty.scheduler.worker_count":1}
# {"timestamp":"2026-04-22T14:43:47.821Z","level":"info","service":"my-module","event":"span.end","trace_id":"b6c9cf99ec4e411aafefd5e7402e9dea","span_id":"dfcd715bb9974bff","parent_span_id":"f5f9cb6eab614d73","name":"planning_studio.stage_run","duration_ms":582,"status":"ok","attributes":{"http.route":"/api/planning-studio/stage-run","http.request.method":"POST","code.function":"createAppHandler","control_center.operation.duration_ms":582,"stage_run.stage":"D","stage_run.module":"task-management","stage_run.mode":"dry-run","stage_run.status":"ready","stage_run.report_saved":true,"stage_run.release_evidence.generated":false}}
# {"timestamp":"2026-04-22T14:43:47.821Z","level":"info","service":"my-module","event":"metric.histogram","name":"control_center_operation_duration_ms","value":582,"unit":"ms","attributes":{"operation":"planning_studio.stage_run","route":"/api/planning-studio/stage-run","method":"POST"}}
# {"timestamp":"2026-04-22T14:43:47.821Z","level":"info","service":"my-module","event":"control_center.operation","trace_id":"b6c9cf99ec4e411aafefd5e7402e9dea","parent_span_id":"f5f9cb6eab614d73","span_id":"dfcd715bb9974bff","correlation_id":"bb277474-9dde-431e-85f1-0293cad6a74a","request_id":"bb277474-9dde-431e-85f1-0293cad6a74a","operation":"planning_studio.stage_run","route":"/api/planning-studio/stage-run","method":"POST","duration_ms":582,"message":"ok","stage_run.stage":"D","stage_run.module":"task-management","stage_run.mode":"dry-run","stage_run.status":"ready","stage_run.report_saved":true,"stage_run.release_evidence.generated":false}
# {"timestamp":"2026-04-22T14:43:47.821Z","level":"info","service":"my-module","event":"metric.counter","name":"stage_run_report_saved_total","delta":1,"total":1,"attributes":{"route":"/api/planning-studio/stage-run","method":"POST","stage":"D","module":"task-management","mode":"dry-run"}}
# {"timestamp":"2026-04-22T14:43:47.821Z","level":"info","service":"my-module","event":"stage_run.save_ok","correlation_id":"bb277474-9dde-431e-85f1-0293cad6a74a","request_id":"bb277474-9dde-431e-85f1-0293cad6a74a","stage":"D","module":"task-management"}
# {"timestamp":"2026-04-22T14:43:47.830Z","level":"warn","service":"my-module","event":"server.draining","reason":"test","drain_started_at":"2026-04-22T14:43:47.830Z"}
# Subtest: [control center observability smoke] node bridge emits control-center metrics
ok 28 - [control center observability smoke] node bridge emits control-center metrics
  ---
  duration_ms: 935.837867
  type: 'test'
  ...
# {"timestamp":"2026-04-22T14:43:47.846Z","level":"info","service":"my-module","event":"metric.counter","name":"http_requests_total","delta":1,"total":1,"attributes":{"route":"/flags","method":"GET"}}
# {"timestamp":"2026-04-22T14:43:47.846Z","level":"info","service":"my-module","event":"span.end","trace_id":"f3858a4e82304120bedcf688aed10224","span_id":"f408d206c3d146fe","parent_span_id":null,"name":"http.GET /flags","duration_ms":1,"status":"ok","attributes":{"http.method":"GET","http.route":"/flags"}}
# {"timestamp":"2026-04-22T14:43:47.848Z","level":"warn","service":"my-module","event":"server.draining","reason":"test","drain_started_at":"2026-04-22T14:43:47.848Z"}
# Subtest: [control center observability smoke] GET /flags returns full flag state with env-override visibility
ok 29 - [control center observability smoke] GET /flags returns full flag state with env-override visibility
  ---
  duration_ms: 16.948408
  type: 'test'
  ...
# {"timestamp":"2026-04-22T14:43:47.852Z","level":"info","service":"my-module","event":"metric.counter","name":"http_requests_total","delta":1,"total":2,"attributes":{"route":"/readyz","method":"GET","status":200}}
# {"timestamp":"2026-04-22T14:43:47.852Z","level":"info","service":"my-module","event":"span.end","trace_id":"9284e829c1024b049d495f9ac5517081","span_id":"8d4097f0e5b549b8","parent_span_id":null,"name":"http.GET /readyz","duration_ms":0,"status":"ok","attributes":{"http.method":"GET","http.route":"/readyz","http.status_code":200}}
# {"timestamp":"2026-04-22T14:43:47.859Z","level":"warn","service":"my-module","event":"server.draining","reason":"test","drain_started_at":"2026-04-22T14:43:47.859Z"}
# Subtest: [control center observability smoke] GET /readyz includes env_overridden_flags and enabled_flags
ok 30 - [control center observability smoke] GET /readyz includes env_overridden_flags and enabled_flags
  ---
  duration_ms: 9.943628
  type: 'test'
  ...
# Subtest: [decision apply] promotion decision can bridge directly to apply flow
ok 31 - [decision apply] promotion decision can bridge directly to apply flow
  ---
  duration_ms: 1454.083682
  type: 'test'
  ...
# Subtest: [deployment ingress failure] unreachable target produces FAIL artifact with failure recorded
ok 32 - [deployment ingress failure] unreachable target produces FAIL artifact with failure recorded
  ---
  duration_ms: 90.757069
  type: 'test'
  ...
# Subtest: [deployment ingress failure] --require-https with HTTP target fails with ingress-https step and rollback_trigger
ok 33 - [deployment ingress failure] --require-https with HTTP target fails with ingress-https step and rollback_trigger
  ---
  duration_ms: 36.785463
  type: 'test'
  ...
# Subtest: [deployment ingress failure] --require-https with HTTPS base-url passes the ingress gate (regression check)
ok 34 - [deployment ingress failure] --require-https with HTTPS base-url passes the ingress gate (regression check)
  ---
  duration_ms: 88.83293
  type: 'test'
  ...
# (node:61944) ExperimentalWarning: SQLite is an experimental feature and might change at any time
# (Use `node --trace-warnings ...` to show where the warning was created)
# Subtest: [domain event bus smoke] InMemoryEventPublisher observer pattern
    # Subtest: onPublish callback fires for each published event
    ok 1 - onPublish callback fires for each published event
      ---
      duration_ms: 0.715025
      type: 'test'
      ...
    # Subtest: multiple subscribers all receive the same event
    ok 2 - multiple subscribers all receive the same event
      ---
      duration_ms: 0.677053
      type: 'test'
      ...
    # Subtest: subscriber error does not break subsequent subscribers or publisher
    ok 3 - subscriber error does not break subsequent subscribers or publisher
      ---
      duration_ms: 0.257505
      type: 'test'
      ...
    # Subtest: published events still accumulate in .published array
    ok 4 - published events still accumulate in .published array
      ---
      duration_ms: 0.236345
      type: 'test'
      ...
    # Subtest: toCloudEvent wraps domain event in CloudEvents v1.0 envelope
    ok 5 - toCloudEvent wraps domain event in CloudEvents v1.0 envelope
      ---
      duration_ms: 0.646773
      type: 'test'
      ...
    # Subtest: single event (non-array) published via onPublish fires callback once
    ok 6 - single event (non-array) published via onPublish fires callback once
      ---
      duration_ms: 0.134972
      type: 'test'
      ...
    1..6
ok 35 - [domain event bus smoke] InMemoryEventPublisher observer pattern
  ---
  duration_ms: 3.496209
  type: 'suite'
  ...
# {"timestamp":"2026-04-22T14:43:47.001Z","level":"warn","service":"my-module","event":"server.draining","reason":"manual","drain_started_at":"2026-04-22T14:43:47.001Z"}
# Subtest: [domain event bus smoke] GET /api/v1/domain-events — ring buffer observable
    # Subtest: domain events from POST /tasks appear at GET /api/v1/domain-events
    ok 1 - domain events from POST /tasks appear at GET /api/v1/domain-events
      ---
      duration_ms: 33.393
      type: 'test'
      ...
    1..1
ok 36 - [domain event bus smoke] GET /api/v1/domain-events — ring buffer observable
  ---
  duration_ms: 35.238117
  type: 'suite'
  ...
# (node:61953) ExperimentalWarning: SQLite is an experimental feature and might change at any time
# (Use `node --trace-warnings ...` to show where the warning was created)
# {"timestamp":"2026-04-22T14:43:57.052Z","level":"info","service":"my-module","event":"metric.counter","name":"control_center_prompt_recommendations_total","delta":1,"total":1,"attributes":{"route":"/api/automation/optimize-prompt","method":"GET"}}
# {"timestamp":"2026-04-22T14:43:57.053Z","level":"info","service":"my-module","event":"span.end","trace_id":"177d68513b934989931b73e627fa105b","span_id":"f1ac195e52ed46a7","parent_span_id":"7e88c23e30f144cd","name":"control_center.optimize_prompt","duration_ms":156,"status":"ok","attributes":{"http.route":"/api/automation/optimize-prompt","http.request.method":"GET","code.function":"createAppHandler","control_center.operation.duration_ms":155,"control_center.prompt.source":"planning-studio-snapshot","control_center.snapshot.ok":true}}
# {"timestamp":"2026-04-22T14:43:57.053Z","level":"info","service":"my-module","event":"metric.histogram","name":"control_center_operation_duration_ms","value":155,"unit":"ms","attributes":{"operation":"control_center.optimize_prompt","route":"/api/automation/optimize-prompt","method":"GET"}}
# {"timestamp":"2026-04-22T14:43:57.053Z","level":"info","service":"my-module","event":"control_center.operation","trace_id":"177d68513b934989931b73e627fa105b","parent_span_id":"7e88c23e30f144cd","span_id":"f1ac195e52ed46a7","correlation_id":"db4428f2-edda-44ff-bb17-86a0c7941e7d","request_id":"db4428f2-edda-44ff-bb17-86a0c7941e7d","operation":"control_center.optimize_prompt","route":"/api/automation/optimize-prompt","method":"GET","duration_ms":155,"message":"ok","control_center.prompt.source":"planning-studio-snapshot","control_center.snapshot.ok":true}
# {"timestamp":"2026-04-22T14:43:57.056Z","level":"info","service":"my-module","event":"metric.counter","name":"pty_bridge_sessions_read_total","delta":1,"total":1,"attributes":{"route":"/api/pty/sessions","method":"GET"}}
# {"timestamp":"2026-04-22T14:43:57.056Z","level":"info","service":"my-module","event":"span.end","trace_id":"98e4801be1314b19885d2c20c838666b","span_id":"74a1de65bfd447b4","parent_span_id":"70ee68e81a984160","name":"pty.bridge.sessions","duration_ms":0,"status":"ok","attributes":{"http.route":"/api/pty/sessions","http.request.method":"GET","code.function":"createAppHandler","control_center.operation.duration_ms":0,"pty.session.count":1}}
# {"timestamp":"2026-04-22T14:43:57.056Z","level":"info","service":"my-module","event":"metric.histogram","name":"control_center_operation_duration_ms","value":0,"unit":"ms","attributes":{"operation":"pty.bridge.sessions","route":"/api/pty/sessions","method":"GET"}}
# {"timestamp":"2026-04-22T14:43:57.056Z","level":"info","service":"my-module","event":"control_center.operation","trace_id":"98e4801be1314b19885d2c20c838666b","parent_span_id":"70ee68e81a984160","span_id":"74a1de65bfd447b4","correlation_id":"f0d4a56f-30c2-48a0-b0bb-2e8d6fb0241c","request_id":"f0d4a56f-30c2-48a0-b0bb-2e8d6fb0241c","operation":"pty.bridge.sessions","route":"/api/pty/sessions","method":"GET","duration_ms":0,"message":"ok","pty.session.count":1}
# {"timestamp":"2026-04-22T14:43:57.064Z","level":"info","service":"my-module","event":"metric.counter","name":"pty_bridge_send_total","delta":1,"total":1,"attributes":{"route":"/api/pty/send","method":"POST","action":"prompt"}}
# {"timestamp":"2026-04-22T14:43:57.064Z","level":"info","service":"my-module","event":"span.end","trace_id":"1fef5015871046b8823692a3dd646a1d","span_id":"53d32a39f10f44ee","parent_span_id":"116cfc5d54cd4f54","name":"pty.bridge.send","duration_ms":0,"status":"ok","attributes":{"http.route":"/api/pty/send","http.request.method":"POST","code.function":"createAppHandler","control_center.operation.duration_ms":0,"pty.session.pts":"node-control-center","pty.send.action":"prompt","pty.packet.id":"WP-SMOKE"}}
# {"timestamp":"2026-04-22T14:43:57.064Z","level":"info","service":"my-module","event":"metric.histogram","name":"control_center_operation_duration_ms","value":0,"unit":"ms","attributes":{"operation":"pty.bridge.send","route":"/api/pty/send","method":"POST"}}
# {"timestamp":"2026-04-22T14:43:57.064Z","level":"info","service":"my-module","event":"control_center.operation","trace_id":"1fef5015871046b8823692a3dd646a1d","parent_span_id":"116cfc5d54cd4f54","span_id":"53d32a39f10f44ee","correlation_id":"d47100bb-bd8a-4d0e-aaec-e5b616d558bf","request_id":"d47100bb-bd8a-4d0e-aaec-e5b616d558bf","operation":"pty.bridge.send","route":"/api/pty/send","method":"POST","duration_ms":0,"message":"ok","pty.session.pts":"node-control-center","pty.send.action":"prompt","pty.packet.id":"WP-SMOKE"}
# {"timestamp":"2026-04-22T14:44:01.146Z","level":"info","service":"my-module","event":"metric.counter","name":"pty_scheduler_status_read_total","delta":1,"total":1,"attributes":{"route":"/api/pty/scheduler/status","method":"GET"}}
# {"timestamp":"2026-04-22T14:44:01.146Z","level":"info","service":"my-module","event":"span.end","trace_id":"cba5f1fd5d874bc0875024b5030afd0a","span_id":"73bd39ae92804c90","parent_span_id":"d0b913b95c9d4bce","name":"pty.scheduler.status","duration_ms":0,"status":"ok","attributes":{"http.route":"/api/pty/scheduler/status","http.request.method":"GET","code.function":"createAppHandler","control_center.operation.duration_ms":0,"pty.scheduler.running":false,"pty.scheduler.worker_count":0}}
# {"timestamp":"2026-04-22T14:44:01.146Z","level":"info","service":"my-module","event":"metric.histogram","name":"control_center_operation_duration_ms","value":0,"unit":"ms","attributes":{"operation":"pty.scheduler.status","route":"/api/pty/scheduler/status","method":"GET"}}
# {"timestamp":"2026-04-22T14:44:01.146Z","level":"info","service":"my-module","event":"control_center.operation","trace_id":"cba5f1fd5d874bc0875024b5030afd0a","parent_span_id":"d0b913b95c9d4bce","span_id":"73bd39ae92804c90","correlation_id":"57291b7c-797e-40cf-ba45-17dfac08d17e","request_id":"57291b7c-797e-40cf-ba45-17dfac08d17e","operation":"pty.scheduler.status","route":"/api/pty/scheduler/status","method":"GET","duration_ms":0,"message":"ok","pty.scheduler.running":false,"pty.scheduler.worker_count":0}
# {"timestamp":"2026-04-22T14:44:01.147Z","level":"info","service":"my-module","event":"metric.counter","name":"pty_scheduler_start_total","delta":1,"total":1,"attributes":{"route":"/api/pty/scheduler/start","method":"POST"}}
# {"timestamp":"2026-04-22T14:44:01.147Z","level":"info","service":"my-module","event":"span.end","trace_id":"24c55e02a94d42ce94ab01ed6e9815f0","span_id":"0f628f3fe1f64b31","parent_span_id":"0fee762e17ad4597","name":"pty.scheduler.start","duration_ms":0,"status":"ok","attributes":{"http.route":"/api/pty/scheduler/start","http.request.method":"POST","code.function":"createAppHandler","control_center.operation.duration_ms":0,"pty.scheduler.worker_count":1}}
# {"timestamp":"2026-04-22T14:44:01.147Z","level":"info","service":"my-module","event":"metric.histogram","name":"control_center_operation_duration_ms","value":0,"unit":"ms","attributes":{"operation":"pty.scheduler.start","route":"/api/pty/scheduler/start","method":"POST"}}
# {"timestamp":"2026-04-22T14:44:01.147Z","level":"info","service":"my-module","event":"control_center.operation","trace_id":"24c55e02a94d42ce94ab01ed6e9815f0","parent_span_id":"0fee762e17ad4597","span_id":"0f628f3fe1f64b31","correlation_id":"4872804b-b97b-4620-be52-fb83bff233fd","request_id":"4872804b-b97b-4620-be52-fb83bff233fd","operation":"pty.scheduler.start","route":"/api/pty/scheduler/start","method":"POST","duration_ms":0,"message":"ok","pty.scheduler.worker_count":1}
# {"timestamp":"2026-04-22T14:44:01.149Z","level":"info","service":"my-module","event":"metric.counter","name":"pty_scheduler_status_read_total","delta":1,"total":2,"attributes":{"route":"/api/pty/scheduler/status","method":"GET"}}
# {"timestamp":"2026-04-22T14:44:01.149Z","level":"info","service":"my-module","event":"span.end","trace_id":"6907f1561eca45efa98df446f9dd4270","span_id":"5bb02480312248e0","parent_span_id":"295ad8f6a5c84f99","name":"pty.scheduler.status","duration_ms":0,"status":"ok","attributes":{"http.route":"/api/pty/scheduler/status","http.request.method":"GET","code.function":"createAppHandler","control_center.operation.duration_ms":0,"pty.scheduler.running":true,"pty.scheduler.worker_count":1}}
# {"timestamp":"2026-04-22T14:44:01.149Z","level":"info","service":"my-module","event":"metric.histogram","name":"control_center_operation_duration_ms","value":0,"unit":"ms","attributes":{"operation":"pty.scheduler.status","route":"/api/pty/scheduler/status","method":"GET"}}
# {"timestamp":"2026-04-22T14:44:01.149Z","level":"info","service":"my-module","event":"control_center.operation","trace_id":"6907f1561eca45efa98df446f9dd4270","parent_span_id":"295ad8f6a5c84f99","span_id":"5bb02480312248e0","correlation_id":"f37391c3-1a16-44ed-87ad-e6d734be0c1b","request_id":"f37391c3-1a16-44ed-87ad-e6d734be0c1b","operation":"pty.scheduler.status","route":"/api/pty/scheduler/status","method":"GET","duration_ms":0,"message":"ok","pty.scheduler.running":true,"pty.scheduler.worker_count":1}
# {"timestamp":"2026-04-22T14:44:01.150Z","level":"info","service":"my-module","event":"metric.counter","name":"pty_bridge_send_total","delta":1,"total":2,"attributes":{"route":"/api/pty/send-now","method":"POST","action":"prompt"}}
# {"timestamp":"2026-04-22T14:44:02.487Z","level":"info","service":"my-module","event":"metric.counter","name":"pty_bridge_send_total","delta":1,"total":3,"attributes":{"route":"/api/pty/enter-now","method":"POST","action":"enter"}}
# {"timestamp":"2026-04-22T14:44:02.488Z","level":"info","service":"my-module","event":"metric.counter","name":"pty_scheduler_stop_total","delta":1,"total":1,"attributes":{"route":"/api/pty/scheduler/stop","method":"POST"}}
# {"timestamp":"2026-04-22T14:44:02.488Z","level":"info","service":"my-module","event":"span.end","trace_id":"439a2d1a1e4a42dd8e76107712d514a8","span_id":"dcaf163594054a98","parent_span_id":"c434bd4919d04121","name":"pty.scheduler.stop","duration_ms":0,"status":"ok","attributes":{"http.route":"/api/pty/scheduler/stop","http.request.method":"POST","code.function":"createAppHandler","control_center.operation.duration_ms":0,"pty.scheduler.worker_count":1}}
# {"timestamp":"2026-04-22T14:44:02.488Z","level":"info","service":"my-module","event":"metric.histogram","name":"control_center_operation_duration_ms","value":0,"unit":"ms","attributes":{"operation":"pty.scheduler.stop","route":"/api/pty/scheduler/stop","method":"POST"}}
# {"timestamp":"2026-04-22T14:44:02.488Z","level":"info","service":"my-module","event":"control_center.operation","trace_id":"439a2d1a1e4a42dd8e76107712d514a8","parent_span_id":"c434bd4919d04121","span_id":"dcaf163594054a98","correlation_id":"30d65464-bb95-4c37-8978-6d3b3164f5de","request_id":"30d65464-bb95-4c37-8978-6d3b3164f5de","operation":"pty.scheduler.stop","route":"/api/pty/scheduler/stop","method":"POST","duration_ms":0,"message":"ok","pty.scheduler.worker_count":1}
# {"timestamp":"2026-04-22T14:44:02.490Z","level":"info","service":"my-module","event":"metric.counter","name":"pty_scheduler_status_read_total","delta":1,"total":3,"attributes":{"route":"/api/pty/scheduler/status","method":"GET"}}
# {"timestamp":"2026-04-22T14:44:02.490Z","level":"info","service":"my-module","event":"span.end","trace_id":"a1907bbdb8ed4655a4c4e27cfedeb2b2","span_id":"f2917da8d3f948b3","parent_span_id":"534629d2ecbd43db","name":"pty.scheduler.status","duration_ms":0,"status":"ok","attributes":{"http.route":"/api/pty/scheduler/status","http.request.method":"GET","code.function":"createAppHandler","control_center.operation.duration_ms":0,"pty.scheduler.running":false,"pty.scheduler.worker_count":1}}
# {"timestamp":"2026-04-22T14:44:02.490Z","level":"info","service":"my-module","event":"metric.histogram","name":"control_center_operation_duration_ms","value":0,"unit":"ms","attributes":{"operation":"pty.scheduler.status","route":"/api/pty/scheduler/status","method":"GET"}}
# {"timestamp":"2026-04-22T14:44:02.490Z","level":"info","service":"my-module","event":"control_center.operation","trace_id":"a1907bbdb8ed4655a4c4e27cfedeb2b2","parent_span_id":"534629d2ecbd43db","span_id":"f2917da8d3f948b3","correlation_id":"29e667df-8713-4d66-a06d-6e6c2b6be5aa","request_id":"29e667df-8713-4d66-a06d-6e6c2b6be5aa","operation":"pty.scheduler.status","route":"/api/pty/scheduler/status","method":"GET","duration_ms":0,"message":"ok","pty.scheduler.running":false,"pty.scheduler.worker_count":1}
# {"timestamp":"2026-04-22T14:44:02.491Z","level":"warn","service":"my-module","event":"server.draining","reason":"test","drain_started_at":"2026-04-22T14:44:02.491Z"}
# Subtest: [dynamic frontend server smoke] node server renders dynamic frontend surfaces and keeps planning api alive
ok 37 - [dynamic frontend server smoke] node server renders dynamic frontend surfaces and keeps planning api alive
  ---
  duration_ms: 15529.334883
  type: 'test'
  ...
# {"timestamp":"2026-04-22T14:44:02.495Z","level":"info","service":"my-module","event":"metric.counter","name":"pty_bridge_failures_total","delta":1,"total":1,"attributes":{"route":"/api/pty/send","method":"POST","reason":"missing_pts"}}
# {"timestamp":"2026-04-22T14:44:02.495Z","level":"info","service":"my-module","event":"span.end","trace_id":"2ab1129c629f4b13bb5165888d388851","span_id":"7d8e67e95c5f499a","parent_span_id":"063aac6da70446cf","name":"pty.bridge.send","duration_ms":0,"status":"error","attributes":{"http.route":"/api/pty/send","http.request.method":"POST","code.function":"createAppHandler","exception.type":"Error","exception.message":"pts required","control_center.operation.duration_ms":0,"pty.send.reason":"missing_pts"}}
# {"timestamp":"2026-04-22T14:44:02.495Z","level":"info","service":"my-module","event":"metric.histogram","name":"control_center_operation_duration_ms","value":0,"unit":"ms","attributes":{"operation":"pty.bridge.send","route":"/api/pty/send","method":"POST","error":true}}
# {"timestamp":"2026-04-22T14:44:02.495Z","level":"info","service":"my-module","event":"control_center.operation.failed","trace_id":"2ab1129c629f4b13bb5165888d388851","parent_span_id":"063aac6da70446cf","span_id":"7d8e67e95c5f499a","correlation_id":"340c77ab-ccc7-45c8-94f4-140e824cfe93","request_id":"340c77ab-ccc7-45c8-94f4-140e824cfe93","operation":"pty.bridge.send","route":"/api/pty/send","method":"POST","duration_ms":0,"error_message":"pts required","pty.send.reason":"missing_pts"}
# {"timestamp":"2026-04-22T14:44:03.937Z","level":"info","service":"my-module","event":"metric.counter","name":"pty_bridge_failures_total","delta":1,"total":2,"attributes":{"route":"/api/pty/send","method":"POST","reason":"unknown_pts"}}
# {"timestamp":"2026-04-22T14:44:03.937Z","level":"info","service":"my-module","event":"span.end","trace_id":"23a74458e1454c83bded587833cfb7f9","span_id":"6e786c9266a74671","parent_span_id":"f209c4b99604462e","name":"pty.bridge.send","duration_ms":0,"status":"error","attributes":{"http.route":"/api/pty/send","http.request.method":"POST","code.function":"createAppHandler","exception.type":"Error","exception.message":"unknown pts","control_center.operation.duration_ms":0,"pty.send.reason":"unknown_pts","pty.session.pts":"/dev/pts/99999"}}
# {"timestamp":"2026-04-22T14:44:03.937Z","level":"info","service":"my-module","event":"metric.histogram","name":"control_center_operation_duration_ms","value":0,"unit":"ms","attributes":{"operation":"pty.bridge.send","route":"/api/pty/send","method":"POST","error":true}}
# {"timestamp":"2026-04-22T14:44:03.937Z","level":"info","service":"my-module","event":"control_center.operation.failed","trace_id":"23a74458e1454c83bded587833cfb7f9","parent_span_id":"f209c4b99604462e","span_id":"6e786c9266a74671","correlation_id":"56712401-90c6-4456-a6d9-d952436bf760","request_id":"56712401-90c6-4456-a6d9-d952436bf760","operation":"pty.bridge.send","route":"/api/pty/send","method":"POST","duration_ms":0,"error_message":"unknown pts","pty.send.reason":"unknown_pts","pty.session.pts":"/dev/pts/99999"}
# {"timestamp":"2026-04-22T14:44:05.099Z","level":"warn","service":"my-module","event":"server.draining","reason":"test","drain_started_at":"2026-04-22T14:44:05.099Z"}
# Subtest: [dynamic frontend server smoke] PTY send errors return RFC 7807 Problem Details
ok 38 - [dynamic frontend server smoke] PTY send errors return RFC 7807 Problem Details
  ---
  duration_ms: 2608.190041
  type: 'test'
  ...
# Subtest: [env-init] --dry-run outputs scaffold without writing file
ok 39 - [env-init] --dry-run outputs scaffold without writing file
  ---
  duration_ms: 38.846559
  type: 'test'
  ...
# Subtest: [env-init] generates .env scaffold in empty temp directory
ok 40 - [env-init] generates .env scaffold in empty temp directory
  ---
  duration_ms: 43.440696
  type: 'test'
  ...
# Subtest: [env-init] preserves existing active settings on incremental add
ok 41 - [env-init] preserves existing active settings on incremental add
  ---
  duration_ms: 36.904371
  type: 'test'
  ...
# Subtest: [env-init] groups flags into released/internal sections when metadata.json is present
ok 42 - [env-init] groups flags into released/internal sections when metadata.json is present
  ---
  duration_ms: 54.229861
  type: 'test'
  ...
# Subtest: [env-init] --force rewrites .env and creates .env.bak
ok 43 - [env-init] --force rewrites .env and creates .env.bak
  ---
  duration_ms: 61.432825
  type: 'test'
  ...
# (node:61985) ExperimentalWarning: SQLite is an experimental feature and might change at any time
# (Use `node --trace-warnings ...` to show where the warning was created)
# {"timestamp":"2026-04-22T14:43:47.108Z","level":"warn","service":"my-module","event":"server.draining","reason":"manual","drain_started_at":"2026-04-22T14:43:47.108Z"}
# {"timestamp":"2026-04-22T14:43:47.111Z","level":"warn","service":"my-module","event":"server.draining","reason":"manual","drain_started_at":"2026-04-22T14:43:47.111Z"}
# Subtest: [eventbus wiring smoke] task 생성 후 domain-events ring buffer에 이벤트가 기록된다
ok 44 - [eventbus wiring smoke] task 생성 후 domain-events ring buffer에 이벤트가 기록된다
  ---
  duration_ms: 32.555079
  type: 'test'
  ...
# Subtest: [eventbus wiring smoke] EventBus.getInstance()는 서버 시작 후 항상 동일 인스턴스
ok 45 - [eventbus wiring smoke] EventBus.getInstance()는 서버 시작 후 항상 동일 인스턴스
  ---
  duration_ms: 1.680184
  type: 'test'
  ...
# Subtest: [exception packet] bounded extra context becomes a packet draft
ok 46 - [exception packet] bounded extra context becomes a packet draft
  ---
  duration_ms: 81.816228
  type: 'test'
  ...
# Subtest: [exception replay] allowed exception context is summarized for study and next actions
ok 47 - [exception replay] allowed exception context is summarized for study and next actions
  ---
  duration_ms: 78.143734
  type: 'test'
  ...
# Subtest: [exception routing] exception replay becomes routing patch suggestions
ok 48 - [exception routing] exception replay becomes routing patch suggestions
  ---
  duration_ms: 74.305691
  type: 'test'
  ...
# Subtest: [context bundle export] current-wp and routing profile become a minimal read bundle
ok 49 - [context bundle export] current-wp and routing profile become a minimal read bundle
  ---
  duration_ms: 91.043015
  type: 'test'
  ...
# Subtest: [context lock] exact file manifest is exported for minimal read tiers
ok 50 - [context lock] exact file manifest is exported for minimal read tiers
  ---
  duration_ms: 70.989676
  type: 'test'
  ...
# [FeatureFlagProvider] ENV override: billing.enabled=true (via WOS_FLAG_BILLING_ENABLED) — rollout bypassed
# [FeatureFlagProvider] ENV override: enable_task_management=true (via WOS_FLAG_ENABLE_TASK_MANAGEMENT) — rollout bypassed
# [FeatureFlagProvider] ENV override: enable_debug_mode=false (via WOS_FLAG_ENABLE_DEBUG_MODE) — rollout bypassed
# [FeatureFlagProvider] ENV override: my_feature=true (via WOS_FLAG_MY_FEATURE) — rollout bypassed
# Subtest: [feature flags] evaluates metadata, targeting, hooks, and stale state
ok 51 - [feature flags] evaluates metadata, targeting, hooks, and stale state
  ---
  duration_ms: 10.27598
  type: 'test'
  ...
# Subtest: [feature flags] WOS_FLAG_ env override activates declared flags without creating phantom flags
ok 52 - [feature flags] WOS_FLAG_ env override activates declared flags without creating phantom flags
  ---
  duration_ms: 6.079463
  type: 'test'
  ...
# Subtest: [feature flags] WOS_FLAG_ env override can also disable a yaml-enabled flag
ok 53 - [feature flags] WOS_FLAG_ env override can also disable a yaml-enabled flag
  ---
  duration_ms: 1.00308
  type: 'test'
  ...
# Subtest: [feature flags] WOS_FLAG_ env override bypasses rollout percentage — full env activation
ok 54 - [feature flags] WOS_FLAG_ env override bypasses rollout percentage — full env activation
  ---
  duration_ms: 0.661493
  type: 'test'
  ...
# Subtest: [harness contract smoke] provider adapter contract baseline validates
ok 55 - [harness contract smoke] provider adapter contract baseline validates
  ---
  duration_ms: 192.886285
  type: 'test'
  ...
# Subtest: [harness evals smoke] offline harness eval runner emits a report artifact
ok 56 - [harness evals smoke] offline harness eval runner emits a report artifact
  ---
  duration_ms: 40.831509
  type: 'test'
  ...
# (node:62162) ExperimentalWarning: SQLite is an experimental feature and might change at any time
# (Use `node --trace-warnings ...` to show where the warning was created)
# Subtest: [harness live provider] HARNESS_PROVIDER=openai selects openai-responses chain
ok 57 - [harness live provider] HARNESS_PROVIDER=openai selects openai-responses chain
  ---
  duration_ms: 3.124617
  type: 'test'
  ...
# Subtest: [harness live provider] no HARNESS_PROVIDER uses null fallback chain
ok 58 - [harness live provider] no HARNESS_PROVIDER uses null fallback chain
  ---
  duration_ms: 0.330996
  type: 'test'
  ...
# {"timestamp":"2026-04-22T14:43:47.453Z","level":"info","service":"my-module","event":"span.end","trace_id":"d222af9c77944d62a3075f782864b0ee","span_id":"9dc41c0784ad4c3c","parent_span_id":null,"name":"harness.provider.route","duration_ms":0,"status":"ok","attributes":{"harness.route.id":"mini-build","harness.route.mode":"Build","harness.route.tier":"mini"}}
# {"timestamp":"2026-04-22T14:43:47.453Z","level":"info","service":"my-module","event":"span.end","trace_id":"edd43aef984b4b809b46ad50245fb791","span_id":"c52c276f67364916","parent_span_id":null,"name":"harness.provider.invoke","duration_ms":0,"status":"error","attributes":{"harness.provider.id":"openai-responses","harness.route.id":"mini-build","harness.route.mode":"Build","exception.type":"Error","exception.message":"OpenAI provider requester or API key is not configured"}}
# {"timestamp":"2026-04-22T14:43:47.453Z","level":"warn","service":"my-module","event":"harness.provider.invoke_failed","correlation_id":"40894f5a-006d-4366-bac7-389c1f56ce36","request_id":"40894f5a-006d-4366-bac7-389c1f56ce36","provider_id":"openai-responses","route_id":"mini-build","error_code":"PROVIDER_NOT_CONFIGURED","error_message":"OpenAI provider requester or API key is not configured"}
# {"timestamp":"2026-04-22T14:43:47.454Z","level":"info","service":"my-module","event":"span.end","trace_id":"7c0e9702a1d24ba7a7252e49f9177999","span_id":"20b3e340ff0a4e8c","parent_span_id":null,"name":"harness.provider.fallback","duration_ms":0,"status":"ok","attributes":{"harness.provider.from":"openai-responses","harness.provider.to":"null-harness-provider","harness.provider.reason":"PROVIDER_NOT_CONFIGURED"}}
# {"timestamp":"2026-04-22T14:43:47.454Z","level":"info","service":"my-module","event":"metric.histogram","name":"gen_ai_client_operation_duration_ms","value":0,"unit":"ms","attributes":{"provider_id":"null-harness-provider","route_id":"mini-build","mode":"Build"}}
# {"timestamp":"2026-04-22T14:43:47.454Z","level":"info","service":"my-module","event":"metric.counter","name":"gen_ai_client_input_tokens","delta":20,"total":20,"attributes":{"provider_id":"null-harness-provider","route_id":"mini-build","mode":"Build"}}
# {"timestamp":"2026-04-22T14:43:47.454Z","level":"info","service":"my-module","event":"metric.counter","name":"gen_ai_client_output_tokens","delta":1,"total":1,"attributes":{"provider_id":"null-harness-provider","route_id":"mini-build","mode":"Build"}}
# {"timestamp":"2026-04-22T14:43:47.454Z","level":"info","service":"my-module","event":"span.end","trace_id":"8f8fd9c75233499a8934f9fe517d4431","span_id":"807579415c104260","parent_span_id":null,"name":"harness.provider.invoke","duration_ms":0,"status":"ok","attributes":{"harness.provider.id":"null-harness-provider","harness.route.id":"mini-build","harness.route.mode":"Build","harness.provider.fallback_applied":true,"harness.provider.model":"null-mini"}}
# {"timestamp":"2026-04-22T14:43:47.454Z","level":"info","service":"my-module","event":"harness.provider.invoke","correlation_id":"40894f5a-006d-4366-bac7-389c1f56ce36","request_id":"40894f5a-006d-4366-bac7-389c1f56ce36","provider_id":"null-harness-provider","model":"null-mini","route_id":"mini-build","reasoning_effort":"medium","prompt_version":"0.2.0","retry_count":0,"fallback_applied":true,"latency_ms":0,"input_tokens":20,"output_tokens":1}
# {"timestamp":"2026-04-22T14:43:47.455Z","level":"info","service":"my-module","event":"metric.counter","name":"control_center_prompt_recommendations_total","delta":1,"total":1,"attributes":{}}
# {"timestamp":"2026-04-22T14:43:47.455Z","level":"info","service":"my-module","event":"span.end","trace_id":"9e7c7e649be34bfe8f414ee6de6c663a","span_id":"5d47df874f6f41c9","parent_span_id":"3c5ac0a0fb4840c3","name":"harness.prompt_recommendation","duration_ms":3,"status":"ok","attributes":{"http.route":"/api/harness/prompt-recommendation","http.request.method":"POST","code.function":"createAppHandler","control_center.operation.duration_ms":3,"harness.mode":"Build","harness.route_id":"mini-build","harness.provider_id":"null-harness-provider","harness.fallback_applied":"true"}}
# {"timestamp":"2026-04-22T14:43:47.455Z","level":"info","service":"my-module","event":"metric.histogram","name":"control_center_operation_duration_ms","value":3,"unit":"ms","attributes":{"operation":"harness.prompt_recommendation","route":"/api/harness/prompt-recommendation","method":"POST"}}
# {"timestamp":"2026-04-22T14:43:47.455Z","level":"info","service":"my-module","event":"control_center.operation","trace_id":"9e7c7e649be34bfe8f414ee6de6c663a","parent_span_id":"3c5ac0a0fb4840c3","span_id":"5d47df874f6f41c9","correlation_id":"40894f5a-006d-4366-bac7-389c1f56ce36","request_id":"40894f5a-006d-4366-bac7-389c1f56ce36","operation":"harness.prompt_recommendation","route":"/api/harness/prompt-recommendation","method":"POST","duration_ms":3,"message":"ok","harness.mode":"Build","harness.route_id":"mini-build","harness.provider_id":"null-harness-provider","harness.fallback_applied":"true"}
# {"timestamp":"2026-04-22T14:43:47.460Z","level":"warn","service":"my-module","event":"server.draining","reason":"test","drain_started_at":"2026-04-22T14:43:47.460Z"}
# Subtest: [harness live provider] HARNESS_PROVIDER=openai with no key returns null fallback on HTTP surface
ok 59 - [harness live provider] HARNESS_PROVIDER=openai with no key returns null fallback on HTTP surface
  ---
  duration_ms: 61.840338
  type: 'test'
  ...
# (node:62182) ExperimentalWarning: SQLite is an experimental feature and might change at any time
# (Use `node --trace-warnings ...` to show where the warning was created)
# {"timestamp":"2026-04-22T14:43:47.462Z","level":"info","service":"my-module","event":"span.end","trace_id":"49f77cc6fcb94e73be18d1b73175631d","span_id":"481165fc97f64dba","parent_span_id":null,"name":"harness.provider.route","duration_ms":0,"status":"ok","attributes":{"harness.route.id":"mini-build","harness.route.mode":"Build","harness.route.tier":"mini"}}
# {"timestamp":"2026-04-22T14:43:47.462Z","level":"info","service":"my-module","event":"span.end","trace_id":"06a2dcbe16dd438fbf0c2b2ad06da7df","span_id":"09e3c1974427417a","parent_span_id":null,"name":"harness.provider.invoke","duration_ms":0,"status":"error","attributes":{"harness.provider.id":"openai-responses","harness.route.id":"mini-build","harness.route.mode":"Build","exception.type":"Error","exception.message":"OpenAI provider requester or API key is not configured"}}
# {"timestamp":"2026-04-22T14:43:47.463Z","level":"warn","service":"my-module","event":"harness.provider.invoke_failed","correlation_id":"e4d3fd51-daa5-4370-b2f1-827c865e3125","request_id":"e4d3fd51-daa5-4370-b2f1-827c865e3125","provider_id":"openai-responses","route_id":"mini-build","error_code":"PROVIDER_NOT_CONFIGURED","error_message":"OpenAI provider requester or API key is not configured"}
# {"timestamp":"2026-04-22T14:43:47.463Z","level":"info","service":"my-module","event":"span.end","trace_id":"8f2e480c8482423289be0dc07ba2c827","span_id":"51eb347b58f247c5","parent_span_id":null,"name":"harness.provider.fallback","duration_ms":0,"status":"ok","attributes":{"harness.provider.from":"openai-responses","harness.provider.to":"null-harness-provider","harness.provider.reason":"PROVIDER_NOT_CONFIGURED"}}
# {"timestamp":"2026-04-22T14:43:47.463Z","level":"info","service":"my-module","event":"metric.histogram","name":"gen_ai_client_operation_duration_ms","value":0,"unit":"ms","attributes":{"provider_id":"null-harness-provider","route_id":"mini-build","mode":"Build"}}
# {"timestamp":"2026-04-22T14:43:47.463Z","level":"info","service":"my-module","event":"metric.counter","name":"gen_ai_client_input_tokens","delta":20,"total":20,"attributes":{"provider_id":"null-harness-provider","route_id":"mini-build","mode":"Build"}}
# {"timestamp":"2026-04-22T14:43:47.463Z","level":"info","service":"my-module","event":"metric.counter","name":"gen_ai_client_output_tokens","delta":1,"total":1,"attributes":{"provider_id":"null-harness-provider","route_id":"mini-build","mode":"Build"}}
# {"timestamp":"2026-04-22T14:43:47.464Z","level":"info","service":"my-module","event":"span.end","trace_id":"096d8affa6bb426c95f37f38b908ce62","span_id":"8d528fa5fd8f4649","parent_span_id":null,"name":"harness.provider.invoke","duration_ms":1,"status":"ok","attributes":{"harness.provider.id":"null-harness-provider","harness.route.id":"mini-build","harness.route.mode":"Build","harness.provider.fallback_applied":true,"harness.provider.model":"null-mini"}}
# {"timestamp":"2026-04-22T14:43:47.464Z","level":"info","service":"my-module","event":"harness.provider.invoke","correlation_id":"e4d3fd51-daa5-4370-b2f1-827c865e3125","request_id":"e4d3fd51-daa5-4370-b2f1-827c865e3125","provider_id":"null-harness-provider","model":"null-mini","route_id":"mini-build","reasoning_effort":"medium","prompt_version":"0.2.0","retry_count":0,"fallback_applied":true,"latency_ms":0,"input_tokens":20,"output_tokens":1}
# {"timestamp":"2026-04-22T14:43:47.464Z","level":"info","service":"my-module","event":"metric.counter","name":"control_center_prompt_recommendations_total","delta":1,"total":1,"attributes":{}}
# {"timestamp":"2026-04-22T14:43:47.464Z","level":"info","service":"my-module","event":"span.end","trace_id":"160f147831254e45b25c4d24e11c36aa","span_id":"383267ad6c5747e7","parent_span_id":"4d1462ee98924f89","name":"harness.prompt_recommendation","duration_ms":2,"status":"ok","attributes":{"http.route":"/api/harness/prompt-recommendation","http.request.method":"POST","code.function":"createAppHandler","control_center.operation.duration_ms":2,"harness.mode":"Build","harness.route_id":"mini-build","harness.provider_id":"null-harness-provider","harness.fallback_applied":"true"}}
# {"timestamp":"2026-04-22T14:43:47.464Z","level":"info","service":"my-module","event":"metric.histogram","name":"control_center_operation_duration_ms","value":2,"unit":"ms","attributes":{"operation":"harness.prompt_recommendation","route":"/api/harness/prompt-recommendation","method":"POST"}}
# {"timestamp":"2026-04-22T14:43:47.464Z","level":"info","service":"my-module","event":"control_center.operation","trace_id":"160f147831254e45b25c4d24e11c36aa","parent_span_id":"4d1462ee98924f89","span_id":"383267ad6c5747e7","correlation_id":"e4d3fd51-daa5-4370-b2f1-827c865e3125","request_id":"e4d3fd51-daa5-4370-b2f1-827c865e3125","operation":"harness.prompt_recommendation","route":"/api/harness/prompt-recommendation","method":"POST","duration_ms":2,"message":"ok","harness.mode":"Build","harness.route_id":"mini-build","harness.provider_id":"null-harness-provider","harness.fallback_applied":"true"}
# {"timestamp":"2026-04-22T14:43:47.469Z","level":"warn","service":"my-module","event":"server.draining","reason":"test","drain_started_at":"2026-04-22T14:43:47.469Z"}
# Subtest: [harness provider failure smoke] no-secret openai preference falls back to null provider on HTTP surface
ok 60 - [harness provider failure smoke] no-secret openai preference falls back to null provider on HTTP surface
  ---
  duration_ms: 47.352523
  type: 'test'
  ...
# {"timestamp":"2026-04-22T14:43:47.479Z","level":"info","service":"my-module","event":"span.end","trace_id":"9c780777c6e54a5dbbd462724ecd476b","span_id":"e720c7a6e6554c13","parent_span_id":null,"name":"harness.provider.route","duration_ms":0,"status":"ok","attributes":{"harness.route.id":"mini-build","harness.route.mode":"Build","harness.route.tier":"mini"}}
# {"timestamp":"2026-04-22T14:43:47.479Z","level":"info","service":"my-module","event":"span.end","trace_id":"74b8c87c89e047aabb70e4fd4eb92e4f","span_id":"999fb0fa44594a77","parent_span_id":null,"name":"harness.provider.invoke","duration_ms":0,"status":"error","attributes":{"harness.provider.id":"throwing-PROVIDER_SCHEMA_MISMATCH","harness.route.id":"mini-build","harness.route.mode":"Build","exception.type":"Error","exception.message":"provider payload invalid"}}
# {"timestamp":"2026-04-22T14:43:47.479Z","level":"warn","service":"my-module","event":"harness.provider.invoke_failed","correlation_id":"608970ab-1617-43bc-b552-c7c2162d32a3","request_id":"608970ab-1617-43bc-b552-c7c2162d32a3","provider_id":"throwing-PROVIDER_SCHEMA_MISMATCH","route_id":"mini-build","error_code":"PROVIDER_SCHEMA_MISMATCH","error_message":"provider payload invalid"}
# {"timestamp":"2026-04-22T14:43:47.479Z","level":"info","service":"my-module","event":"span.end","trace_id":"ff0818efec64426ca8b8ae0d9d6d7a14","span_id":"37da5ef997c349fa","parent_span_id":"d603a7dc450e406c","name":"harness.prompt_recommendation","duration_ms":0,"status":"error","attributes":{"http.route":"/api/harness/prompt-recommendation","http.request.method":"POST","code.function":"createAppHandler","exception.type":"Error","exception.message":"provider payload invalid","control_center.operation.duration_ms":0,"harness.mode":"Build"}}
# {"timestamp":"2026-04-22T14:43:47.479Z","level":"info","service":"my-module","event":"metric.histogram","name":"control_center_operation_duration_ms","value":0,"unit":"ms","attributes":{"operation":"harness.prompt_recommendation","route":"/api/harness/prompt-recommendation","method":"POST","error":true}}
# {"timestamp":"2026-04-22T14:43:47.479Z","level":"info","service":"my-module","event":"control_center.operation.failed","trace_id":"ff0818efec64426ca8b8ae0d9d6d7a14","parent_span_id":"d603a7dc450e406c","span_id":"37da5ef997c349fa","correlation_id":"608970ab-1617-43bc-b552-c7c2162d32a3","request_id":"608970ab-1617-43bc-b552-c7c2162d32a3","operation":"harness.prompt_recommendation","route":"/api/harness/prompt-recommendation","method":"POST","duration_ms":0,"error_message":"provider payload invalid","harness.mode":"Build"}
# {"timestamp":"2026-04-22T14:43:47.487Z","level":"warn","service":"my-module","event":"server.draining","reason":"test","drain_started_at":"2026-04-22T14:43:47.487Z"}
# Subtest: [harness provider failure smoke] schema mismatch returns structured 500 without null fallback
ok 61 - [harness provider failure smoke] schema mismatch returns structured 500 without null fallback
  ---
  duration_ms: 16.483588
  type: 'test'
  ...
# {"timestamp":"2026-04-22T14:43:47.493Z","level":"info","service":"my-module","event":"span.end","trace_id":"36ed0de1320143818f05ef32fa89b0eb","span_id":"2282b56b9d244908","parent_span_id":null,"name":"harness.provider.route","duration_ms":0,"status":"ok","attributes":{"harness.route.id":"mini-build","harness.route.mode":"Build","harness.route.tier":"mini"}}
# {"timestamp":"2026-04-22T14:43:47.493Z","level":"info","service":"my-module","event":"span.end","trace_id":"9dba0aa3cf4c43679a53dd1e1e87dba3","span_id":"db8be3ec43894656","parent_span_id":null,"name":"harness.provider.invoke","duration_ms":0,"status":"error","attributes":{"harness.provider.id":"throwing-PROVIDER_UNAVAILABLE","harness.route.id":"mini-build","harness.route.mode":"Build","exception.type":"Error","exception.message":"provider outage"}}
# {"timestamp":"2026-04-22T14:43:47.493Z","level":"warn","service":"my-module","event":"harness.provider.invoke_failed","correlation_id":"dbb04944-62da-49cb-9d69-6f9b7cf9b61a","request_id":"dbb04944-62da-49cb-9d69-6f9b7cf9b61a","provider_id":"throwing-PROVIDER_UNAVAILABLE","route_id":"mini-build","error_code":"PROVIDER_UNAVAILABLE","error_message":"provider outage"}
# {"timestamp":"2026-04-22T14:43:47.493Z","level":"info","service":"my-module","event":"span.end","trace_id":"fef05163ec854c139ca3762891616053","span_id":"170bbda082f146fc","parent_span_id":null,"name":"harness.provider.fallback","duration_ms":0,"status":"ok","attributes":{"harness.provider.from":"throwing-PROVIDER_UNAVAILABLE","harness.provider.to":"throwing-PROVIDER_UNAVAILABLE","harness.provider.reason":"PROVIDER_UNAVAILABLE"}}
# {"timestamp":"2026-04-22T14:43:47.493Z","level":"info","service":"my-module","event":"span.end","trace_id":"792cc478fc3b4ce88fe28551f2ba8d97","span_id":"eb9e2c6d77384e3d","parent_span_id":null,"name":"harness.provider.invoke","duration_ms":0,"status":"error","attributes":{"harness.provider.id":"throwing-PROVIDER_UNAVAILABLE","harness.route.id":"mini-build","harness.route.mode":"Build","exception.type":"Error","exception.message":"provider outage"}}
# {"timestamp":"2026-04-22T14:43:47.493Z","level":"warn","service":"my-module","event":"harness.provider.invoke_failed","correlation_id":"dbb04944-62da-49cb-9d69-6f9b7cf9b61a","request_id":"dbb04944-62da-49cb-9d69-6f9b7cf9b61a","provider_id":"throwing-PROVIDER_UNAVAILABLE","route_id":"mini-build","error_code":"PROVIDER_UNAVAILABLE","error_message":"provider outage"}
# {"timestamp":"2026-04-22T14:43:47.493Z","level":"info","service":"my-module","event":"span.end","trace_id":"863a5166992944c392e1db54a6d846ca","span_id":"1777df4db9fc475f","parent_span_id":"eab79dc4e0da45fe","name":"harness.prompt_recommendation","duration_ms":1,"status":"error","attributes":{"http.route":"/api/harness/prompt-recommendation","http.request.method":"POST","code.function":"createAppHandler","exception.type":"Error","exception.message":"provider outage","control_center.operation.duration_ms":1,"harness.mode":"Build"}}
# {"timestamp":"2026-04-22T14:43:47.493Z","level":"info","service":"my-module","event":"metric.histogram","name":"control_center_operation_duration_ms","value":1,"unit":"ms","attributes":{"operation":"harness.prompt_recommendation","route":"/api/harness/prompt-recommendation","method":"POST","error":true}}
# {"timestamp":"2026-04-22T14:43:47.493Z","level":"info","service":"my-module","event":"control_center.operation.failed","trace_id":"863a5166992944c392e1db54a6d846ca","parent_span_id":"eab79dc4e0da45fe","span_id":"1777df4db9fc475f","correlation_id":"dbb04944-62da-49cb-9d69-6f9b7cf9b61a","request_id":"dbb04944-62da-49cb-9d69-6f9b7cf9b61a","operation":"harness.prompt_recommendation","route":"/api/harness/prompt-recommendation","method":"POST","duration_ms":1,"error_message":"provider outage","harness.mode":"Build"}
# {"timestamp":"2026-04-22T14:43:47.494Z","level":"warn","service":"my-module","event":"server.draining","reason":"test","drain_started_at":"2026-04-22T14:43:47.494Z"}
# Subtest: [harness provider failure smoke] provider outage returns structured 503
ok 62 - [harness provider failure smoke] provider outage returns structured 503
  ---
  duration_ms: 7.022926
  type: 'test'
  ...
# Subtest: [harness release smoke] release evidence includes prompt version and rollback metadata
ok 63 - [harness release smoke] release evidence includes prompt version and rollback metadata
  ---
  duration_ms: 325.501537
  type: 'test'
  ...
# Subtest: [harness routing smoke] cost and latency routing baseline validates
ok 64 - [harness routing smoke] cost and latency routing baseline validates
  ---
  duration_ms: 39.708107
  type: 'test'
  ...
# Subtest: [harness security smoke] trust-boundary and red-team baseline validate
ok 65 - [harness security smoke] trust-boundary and red-team baseline validate
  ---
  duration_ms: 39.295813
  type: 'test'
  ...
# Subtest: [kickoff evidence] kickoff surfaces are bundled into one evidence artifact
ok 66 - [kickoff evidence] kickoff surfaces are bundled into one evidence artifact
  ---
  duration_ms: 1441.986382
  type: 'test'
  ...
# Subtest: [kickoff ready gate] kickoff evidence becomes a single ready review blocked signal
ok 67 - [kickoff ready gate] kickoff evidence becomes a single ready review blocked signal
  ---
  duration_ms: 1423.336524
  type: 'test'
  ...
# Subtest: [launch brief autopilot] kickoff and starter evidence become one launch recommendation
ok 68 - [launch brief autopilot] kickoff and starter evidence become one launch recommendation
  ---
  duration_ms: 1754.614098
  type: 'test'
  ...
# Subtest: [learned preset memory] decision/apply history becomes reusable preset memory
ok 69 - [learned preset memory] decision/apply history becomes reusable preset memory
  ---
  duration_ms: 1350.230699
  type: 'test'
  ...
# Subtest: [master planner] bundles per-screen UI guides for operators and planners
ok 70 - [master planner] bundles per-screen UI guides for operators and planners
  ---
  duration_ms: 587.977841
  type: 'test'
  ...
# Subtest: [master shell smoke] benchmark catalog and planner composition validate together
ok 71 - [master shell smoke] benchmark catalog and planner composition validate together
  ---
  duration_ms: 425.765486
  type: 'test'
  ...
# Subtest: [mindmap control center smoke] integrated control center is generated with plan board and module workbench
ok 72 - [mindmap control center smoke] integrated control center is generated with plan board and module workbench
  ---
  duration_ms: 1177.162453
  type: 'test'
  ...
# (node:62347) ExperimentalWarning: SQLite is an experimental feature and might change at any time
# (Use `node --trace-warnings ...` to show where the warning was created)
# {"timestamp":"2026-04-22T14:43:47.891Z","level":"info","service":"my-module","event":"metric.counter","name":"pty_bridge_sessions_read_total","delta":1,"total":1,"attributes":{"route":"/api/pty/sessions","method":"GET"}}
# {"timestamp":"2026-04-22T14:43:47.891Z","level":"info","service":"my-module","event":"span.end","trace_id":"9b75bda5a757480eb4c704d7ab0f0a42","span_id":"ef313c7b051e4828","parent_span_id":"2d781be763ac45e7","name":"pty.bridge.sessions","duration_ms":0,"status":"ok","attributes":{"http.route":"/api/pty/sessions","http.request.method":"GET","code.function":"createAppHandler","control_center.operation.duration_ms":0,"pty.session.count":1}}
# {"timestamp":"2026-04-22T14:43:47.891Z","level":"info","service":"my-module","event":"metric.histogram","name":"control_center_operation_duration_ms","value":0,"unit":"ms","attributes":{"operation":"pty.bridge.sessions","route":"/api/pty/sessions","method":"GET"}}
# {"timestamp":"2026-04-22T14:43:47.891Z","level":"info","service":"my-module","event":"control_center.operation","trace_id":"9b75bda5a757480eb4c704d7ab0f0a42","parent_span_id":"2d781be763ac45e7","span_id":"ef313c7b051e4828","correlation_id":"bfd42696-dc2a-4e3c-9d32-02eaea8fdeac","request_id":"bfd42696-dc2a-4e3c-9d32-02eaea8fdeac","operation":"pty.bridge.sessions","route":"/api/pty/sessions","method":"GET","duration_ms":0,"message":"ok","pty.session.count":1}
# {"timestamp":"2026-04-22T14:43:47.904Z","level":"info","service":"my-module","event":"metric.counter","name":"pty_scheduler_start_total","delta":1,"total":1,"attributes":{"route":"/api/pty/scheduler/start","method":"POST"}}
# {"timestamp":"2026-04-22T14:43:47.904Z","level":"info","service":"my-module","event":"span.end","trace_id":"24ff19b66c1544e08fe356e382e7a994","span_id":"bd8375a0a94148c2","parent_span_id":"6cfff9b457d942ff","name":"pty.scheduler.start","duration_ms":0,"status":"ok","attributes":{"http.route":"/api/pty/scheduler/start","http.request.method":"POST","code.function":"createAppHandler","control_center.operation.duration_ms":0,"pty.scheduler.worker_count":2}}
# {"timestamp":"2026-04-22T14:43:47.904Z","level":"info","service":"my-module","event":"metric.histogram","name":"control_center_operation_duration_ms","value":0,"unit":"ms","attributes":{"operation":"pty.scheduler.start","route":"/api/pty/scheduler/start","method":"POST"}}
# {"timestamp":"2026-04-22T14:43:47.905Z","level":"info","service":"my-module","event":"control_center.operation","trace_id":"24ff19b66c1544e08fe356e382e7a994","parent_span_id":"6cfff9b457d942ff","span_id":"bd8375a0a94148c2","correlation_id":"603e2851-3855-4f09-92fc-e6eaf91f6960","request_id":"603e2851-3855-4f09-92fc-e6eaf91f6960","operation":"pty.scheduler.start","route":"/api/pty/scheduler/start","method":"POST","duration_ms":0,"message":"ok","pty.scheduler.worker_count":2}
# {"timestamp":"2026-04-22T14:43:50.337Z","level":"info","service":"my-module","event":"metric.counter","name":"pty_bridge_send_total","delta":1,"total":1,"attributes":{"route":"/api/pty/send-now","method":"POST","action":"prompt"}}
# {"timestamp":"2026-04-22T14:43:53.333Z","level":"warn","service":"my-module","event":"server.draining","reason":"test","drain_started_at":"2026-04-22T14:43:53.333Z"}
# Subtest: [mindmap control center browser interaction smoke] selected worker wiring reaches send-now runtime path
ok 73 - [mindmap control center browser interaction smoke] selected worker wiring reaches send-now runtime path
  ---
  duration_ms: 5496.459352
  type: 'test'
  ...
# {"timestamp":"2026-04-22T14:43:53.373Z","level":"info","service":"my-module","event":"metric.counter","name":"pty_bridge_sessions_read_total","delta":1,"total":2,"attributes":{"route":"/api/pty/sessions","method":"GET"}}
# {"timestamp":"2026-04-22T14:43:53.373Z","level":"info","service":"my-module","event":"span.end","trace_id":"dec6c35fbd704a1fb1fef1c74aa93e82","span_id":"68e8c9a1f39744e8","parent_span_id":"b68cad16f5984c99","name":"pty.bridge.sessions","duration_ms":0,"status":"ok","attributes":{"http.route":"/api/pty/sessions","http.request.method":"GET","code.function":"createAppHandler","control_center.operation.duration_ms":0,"pty.session.count":1}}
# {"timestamp":"2026-04-22T14:43:53.373Z","level":"info","service":"my-module","event":"metric.histogram","name":"control_center_operation_duration_ms","value":0,"unit":"ms","attributes":{"operation":"pty.bridge.sessions","route":"/api/pty/sessions","method":"GET"}}
# {"timestamp":"2026-04-22T14:43:53.373Z","level":"info","service":"my-module","event":"control_center.operation","trace_id":"dec6c35fbd704a1fb1fef1c74aa93e82","parent_span_id":"b68cad16f5984c99","span_id":"68e8c9a1f39744e8","correlation_id":"ea32d8fd-2b98-41d1-9c4c-38a8238753b3","request_id":"ea32d8fd-2b98-41d1-9c4c-38a8238753b3","operation":"pty.bridge.sessions","route":"/api/pty/sessions","method":"GET","duration_ms":0,"message":"ok","pty.session.count":1}
# {"timestamp":"2026-04-22T14:43:53.377Z","level":"info","service":"my-module","event":"metric.counter","name":"pty_scheduler_start_total","delta":1,"total":2,"attributes":{"route":"/api/pty/scheduler/start","method":"POST"}}
# {"timestamp":"2026-04-22T14:43:53.377Z","level":"info","service":"my-module","event":"span.end","trace_id":"1adfac68c36f4e15a6d2689eb642b638","span_id":"cd64d7cd378b4695","parent_span_id":"ebef5ac7ef294b72","name":"pty.scheduler.start","duration_ms":1,"status":"ok","attributes":{"http.route":"/api/pty/scheduler/start","http.request.method":"POST","code.function":"createAppHandler","control_center.operation.duration_ms":1,"pty.scheduler.worker_count":2}}
# {"timestamp":"2026-04-22T14:43:53.377Z","level":"info","service":"my-module","event":"metric.histogram","name":"control_center_operation_duration_ms","value":1,"unit":"ms","attributes":{"operation":"pty.scheduler.start","route":"/api/pty/scheduler/start","method":"POST"}}
# {"timestamp":"2026-04-22T14:43:53.377Z","level":"info","service":"my-module","event":"control_center.operation","trace_id":"1adfac68c36f4e15a6d2689eb642b638","parent_span_id":"ebef5ac7ef294b72","span_id":"cd64d7cd378b4695","correlation_id":"02256836-1f3b-48fe-856e-afbdf8187513","request_id":"02256836-1f3b-48fe-856e-afbdf8187513","operation":"pty.scheduler.start","route":"/api/pty/scheduler/start","method":"POST","duration_ms":1,"message":"ok","pty.scheduler.worker_count":2}
# {"timestamp":"2026-04-22T14:43:53.381Z","level":"info","service":"my-module","event":"metric.counter","name":"pty_bridge_send_total","delta":1,"total":2,"attributes":{"route":"/api/pty/send-now","method":"POST","action":"prompt"}}
# {"timestamp":"2026-04-22T14:43:53.384Z","level":"info","service":"my-module","event":"metric.counter","name":"pty_bridge_failures_total","delta":1,"total":1,"attributes":{"route":"/api/pty/send-now","method":"POST","reason":"scheduler_send_now_failed"}}
# {"timestamp":"2026-04-22T14:43:55.687Z","level":"warn","service":"my-module","event":"server.draining","reason":"test","drain_started_at":"2026-04-22T14:43:55.687Z"}
# Subtest: [mindmap control center browser interaction smoke] selected failing worker propagates runtime error details
ok 74 - [mindmap control center browser interaction smoke] selected failing worker propagates runtime error details
  ---
  duration_ms: 2353.459388
  type: 'test'
  ...
# {"timestamp":"2026-04-22T14:43:55.691Z","level":"info","service":"my-module","event":"metric.counter","name":"pty_bridge_sessions_read_total","delta":1,"total":3,"attributes":{"route":"/api/pty/sessions","method":"GET"}}
# {"timestamp":"2026-04-22T14:43:55.691Z","level":"info","service":"my-module","event":"span.end","trace_id":"332bf422c62f45e495a80f1721654be4","span_id":"403567d3fdf140cf","parent_span_id":"886f1e724f83400e","name":"pty.bridge.sessions","duration_ms":0,"status":"ok","attributes":{"http.route":"/api/pty/sessions","http.request.method":"GET","code.function":"createAppHandler","control_center.operation.duration_ms":0,"pty.session.count":1}}
# {"timestamp":"2026-04-22T14:43:55.691Z","level":"info","service":"my-module","event":"metric.histogram","name":"control_center_operation_duration_ms","value":0,"unit":"ms","attributes":{"operation":"pty.bridge.sessions","route":"/api/pty/sessions","method":"GET"}}
# {"timestamp":"2026-04-22T14:43:55.691Z","level":"info","service":"my-module","event":"control_center.operation","trace_id":"332bf422c62f45e495a80f1721654be4","parent_span_id":"886f1e724f83400e","span_id":"403567d3fdf140cf","correlation_id":"34a19f7a-9bd7-406a-9ef2-d18ad7466d74","request_id":"34a19f7a-9bd7-406a-9ef2-d18ad7466d74","operation":"pty.bridge.sessions","route":"/api/pty/sessions","method":"GET","duration_ms":0,"message":"ok","pty.session.count":1}
# {"timestamp":"2026-04-22T14:43:55.694Z","level":"info","service":"my-module","event":"metric.counter","name":"pty_scheduler_start_total","delta":1,"total":3,"attributes":{"route":"/api/pty/scheduler/start","method":"POST"}}
# {"timestamp":"2026-04-22T14:43:55.694Z","level":"info","service":"my-module","event":"span.end","trace_id":"85b4adc0091d4e72b390273c2d291a53","span_id":"52893e026bae4eac","parent_span_id":"87841ecfe2b6489b","name":"pty.scheduler.start","duration_ms":0,"status":"ok","attributes":{"http.route":"/api/pty/scheduler/start","http.request.method":"POST","code.function":"createAppHandler","control_center.operation.duration_ms":0,"pty.scheduler.worker_count":1}}
# {"timestamp":"2026-04-22T14:43:55.694Z","level":"info","service":"my-module","event":"metric.histogram","name":"control_center_operation_duration_ms","value":0,"unit":"ms","attributes":{"operation":"pty.scheduler.start","route":"/api/pty/scheduler/start","method":"POST"}}
# {"timestamp":"2026-04-22T14:43:55.694Z","level":"info","service":"my-module","event":"control_center.operation","trace_id":"85b4adc0091d4e72b390273c2d291a53","parent_span_id":"87841ecfe2b6489b","span_id":"52893e026bae4eac","correlation_id":"f5809c01-6d0c-4440-a2e9-25f787229042","request_id":"f5809c01-6d0c-4440-a2e9-25f787229042","operation":"pty.scheduler.start","route":"/api/pty/scheduler/start","method":"POST","duration_ms":0,"message":"ok","pty.scheduler.worker_count":1}
# {"timestamp":"2026-04-22T14:43:55.696Z","level":"info","service":"my-module","event":"metric.counter","name":"pty_bridge_send_total","delta":1,"total":3,"attributes":{"route":"/api/pty/send-now","method":"POST","action":"prompt"}}
# {"timestamp":"2026-04-22T14:43:55.700Z","level":"warn","service":"my-module","event":"server.draining","reason":"test","drain_started_at":"2026-04-22T14:43:55.700Z"}
# Subtest: [mindmap control center browser interaction smoke] send-now idempotency key replays completed response
ok 75 - [mindmap control center browser interaction smoke] send-now idempotency key replays completed response
  ---
  duration_ms: 12.921793
  type: 'test'
  ...
# {"timestamp":"2026-04-22T14:43:55.704Z","level":"info","service":"my-module","event":"metric.counter","name":"pty_bridge_sessions_read_total","delta":1,"total":4,"attributes":{"route":"/api/pty/sessions","method":"GET"}}
# {"timestamp":"2026-04-22T14:43:55.704Z","level":"info","service":"my-module","event":"span.end","trace_id":"17901ed155f7475eacc0f740e95201fc","span_id":"e27709b31518425b","parent_span_id":"ebc2073cb0c544a5","name":"pty.bridge.sessions","duration_ms":0,"status":"ok","attributes":{"http.route":"/api/pty/sessions","http.request.method":"GET","code.function":"createAppHandler","control_center.operation.duration_ms":0,"pty.session.count":1}}
# {"timestamp":"2026-04-22T14:43:55.704Z","level":"info","service":"my-module","event":"metric.histogram","name":"control_center_operation_duration_ms","value":0,"unit":"ms","attributes":{"operation":"pty.bridge.sessions","route":"/api/pty/sessions","method":"GET"}}
# {"timestamp":"2026-04-22T14:43:55.704Z","level":"info","service":"my-module","event":"control_center.operation","trace_id":"17901ed155f7475eacc0f740e95201fc","parent_span_id":"ebc2073cb0c544a5","span_id":"e27709b31518425b","correlation_id":"fce19862-a022-4c01-adc5-dd4d568bad51","request_id":"fce19862-a022-4c01-adc5-dd4d568bad51","operation":"pty.bridge.sessions","route":"/api/pty/sessions","method":"GET","duration_ms":0,"message":"ok","pty.session.count":1}
# {"timestamp":"2026-04-22T14:43:55.706Z","level":"info","service":"my-module","event":"metric.counter","name":"pty_scheduler_start_total","delta":1,"total":4,"attributes":{"route":"/api/pty/scheduler/start","method":"POST"}}
# {"timestamp":"2026-04-22T14:43:55.706Z","level":"info","service":"my-module","event":"span.end","trace_id":"c65e5fb8893e487dbd9fb8297e944471","span_id":"14be2877685d426c","parent_span_id":"ac421e13a9d945a9","name":"pty.scheduler.start","duration_ms":0,"status":"ok","attributes":{"http.route":"/api/pty/scheduler/start","http.request.method":"POST","code.function":"createAppHandler","control_center.operation.duration_ms":0,"pty.scheduler.worker_count":2}}
# {"timestamp":"2026-04-22T14:43:55.706Z","level":"info","service":"my-module","event":"metric.histogram","name":"control_center_operation_duration_ms","value":0,"unit":"ms","attributes":{"operation":"pty.scheduler.start","route":"/api/pty/scheduler/start","method":"POST"}}
# {"timestamp":"2026-04-22T14:43:55.706Z","level":"info","service":"my-module","event":"control_center.operation","trace_id":"c65e5fb8893e487dbd9fb8297e944471","parent_span_id":"ac421e13a9d945a9","span_id":"14be2877685d426c","correlation_id":"823ab65f-3c85-4405-bd86-d4fc2c5c79f1","request_id":"823ab65f-3c85-4405-bd86-d4fc2c5c79f1","operation":"pty.scheduler.start","route":"/api/pty/scheduler/start","method":"POST","duration_ms":0,"message":"ok","pty.scheduler.worker_count":2}
# {"timestamp":"2026-04-22T14:43:55.709Z","level":"info","service":"my-module","event":"metric.counter","name":"pty_bridge_send_total","delta":1,"total":4,"attributes":{"route":"/api/pty/enter-now","method":"POST","action":"enter"}}
# {"timestamp":"2026-04-22T14:43:55.709Z","level":"info","service":"my-module","event":"metric.counter","name":"pty_bridge_send_total","delta":1,"total":5,"attributes":{"route":"/api/pty/enter-now","method":"POST","action":"enter"}}
# {"timestamp":"2026-04-22T14:43:55.712Z","level":"info","service":"my-module","event":"metric.counter","name":"pty_bridge_send_total","delta":1,"total":6,"attributes":{"route":"/api/pty/enter-now","method":"POST","action":"enter"}}
# {"timestamp":"2026-04-22T14:43:57.514Z","level":"warn","service":"my-module","event":"server.draining","reason":"test","drain_started_at":"2026-04-22T14:43:57.514Z"}
# Subtest: [mindmap control center browser interaction smoke] enter-now worker_index targets single worker
ok 76 - [mindmap control center browser interaction smoke] enter-now worker_index targets single worker
  ---
  duration_ms: 1813.000073
  type: 'test'
  ...
# Subtest: [mindmap control center interaction smoke] worker selection is wired to immediate dispatch controls
ok 77 - [mindmap control center interaction smoke] worker selection is wired to immediate dispatch controls
  ---
  duration_ms: 1270.318866
  type: 'test'
  ...
# (node:62438) ExperimentalWarning: SQLite is an experimental feature and might change at any time
# (Use `node --trace-warnings ...` to show where the warning was created)
# Subtest: [mindmap rebuild smoke] generateMindmapWorker.js 파일이 존재한다
ok 78 - [mindmap rebuild smoke] generateMindmapWorker.js 파일이 존재한다
  ---
  duration_ms: 0.875307
  type: 'test'
  ...
# Subtest: [mindmap rebuild smoke] POST /api/mindmap/rebuild — 200 + ok:true + durationMs
ok 79 - [mindmap rebuild smoke] POST /api/mindmap/rebuild — 200 + ok:true + durationMs
  ---
  duration_ms: 142.770855
  type: 'test'
  ...
# Subtest: [mindmap rebuild smoke] 재생성 후 artifacts/mindmap/index.html 존재
ok 80 - [mindmap rebuild smoke] 재생성 후 artifacts/mindmap/index.html 존재
  ---
  duration_ms: 0.278816
  type: 'test'
  ...
# Subtest: [mindmap stage trace action smoke] trace query helper includes request and correlation ids
ok 81 - [mindmap stage trace action smoke] trace query helper includes request and correlation ids
  ---
  duration_ms: 1101.217742
  type: 'test'
  ...
# Subtest: [mindmap stage trace action smoke] copy action stores current stage trace query and updates status
ok 82 - [mindmap stage trace action smoke] copy action stores current stage trace query and updates status
  ---
  duration_ms: 1207.212323
  type: 'test'
  ...
# Subtest: [mindmap stage trace action smoke] copy action can target history entry and warns when no report exists
ok 83 - [mindmap stage trace action smoke] copy action can target history entry and warns when no report exists
  ---
  duration_ms: 3021.179767
  type: 'test'
  ...
# Subtest: [mindmap stage trace action smoke] load action stores trace query into execution prompt and updates status
ok 84 - [mindmap stage trace action smoke] load action stores trace query into execution prompt and updates status
  ---
  duration_ms: 1278.02006
  type: 'test'
  ...
# Subtest: [mindmap stage trace action smoke] load action can target history entry and warns when no report exists
ok 85 - [mindmap stage trace action smoke] load action can target history entry and warns when no report exists
  ---
  duration_ms: 2064.234857
  type: 'test'
  ...
# Subtest: [mindmap stage trace action smoke] send action fills prompt and forwards to send-now helper
ok 86 - [mindmap stage trace action smoke] send action fills prompt and forwards to send-now helper
  ---
  duration_ms: 893.476038
  type: 'test'
  ...
# Subtest: [mindmap stage trace action smoke] send action does not forward when no report exists
ok 87 - [mindmap stage trace action smoke] send action does not forward when no report exists
  ---
  duration_ms: 743.475129
  type: 'test'
  ...
# Subtest: [mindmap stage trace action smoke] contract recovery load action stores recovery prompt into execution prompt
ok 88 - [mindmap stage trace action smoke] contract recovery load action stores recovery prompt into execution prompt
  ---
  duration_ms: 768.563564
  type: 'test'
  ...
# Subtest: [mindmap stage trace action smoke] contract recovery send action loads prompt and forwards to send-now helper
ok 89 - [mindmap stage trace action smoke] contract recovery send action loads prompt and forwards to send-now helper
  ---
  duration_ms: 740.776076
  type: 'test'
  ...
# Subtest: [mindmap stage trace action smoke] contract refresh action rehydrates snapshot and reports result
ok 90 - [mindmap stage trace action smoke] contract refresh action rehydrates snapshot and reports result
  ---
  duration_ms: 1434.757592
  type: 'test'
  ...
# (node:62505) ExperimentalWarning: SQLite is an experimental feature and might change at any time
# (Use `node --trace-warnings ...` to show where the warning was created)
# Subtest: [mpo runtime smoke] in-process /api/v1/mpo/plan auto-approves and completes representative flow
ok 91 - [mpo runtime smoke] in-process /api/v1/mpo/plan auto-approves and completes representative flow
  ---
  duration_ms: 11171.825865
  type: 'test'
  ...
# Subtest: [mpo runtime smoke] approval-required plan waits, then executes after explicit approve
ok 92 - [mpo runtime smoke] approval-required plan waits, then executes after explicit approve
  ---
  duration_ms: 4441.890346
  type: 'test'
  ...
# Subtest: [mpo runtime smoke] auto-replanned execution surfaces completed_with_replan session status
ok 93 - [mpo runtime smoke] auto-replanned execution surfaces completed_with_replan session status
  ---
  duration_ms: 5673.558957
  type: 'test'
  ...
# Subtest: [mpo runtime smoke] /api/v1/system/events streams mpo.* events over SSE
ok 94 - [mpo runtime smoke] /api/v1/system/events streams mpo.* events over SSE
  ---
  duration_ms: 59.501641
  type: 'test'
  ...
# Subtest: [operations baseline smoke] observability and rollback validations pass for requirement portfolio
ok 95 - [operations baseline smoke] observability and rollback validations pass for requirement portfolio
  ---
  duration_ms: 159.067366
  type: 'test'
  ...
# Subtest: [operator cockpit smoke] session, branch, and commit readiness collapse into one operator summary
ok 96 - [operator cockpit smoke] session, branch, and commit readiness collapse into one operator summary
  ---
  duration_ms: 1083.680369
  type: 'test'
  ...
# (node:62666) ExperimentalWarning: SQLite is an experimental feature and might change at any time
# (Use `node --trace-warnings ...` to show where the warning was created)
# {"timestamp":"2026-04-22T14:43:49.042Z","level":"warn","service":"my-module","event":"server.draining","reason":"manual","drain_started_at":"2026-04-22T14:43:49.042Z"}
# Subtest: [optimistic lock http smoke] 선행 전이 후 stale 전이는 HTTP 409를 반환한다
ok 97 - [optimistic lock http smoke] 선행 전이 후 stale 전이는 HTTP 409를 반환한다
  ---
  duration_ms: 23.969622
  type: 'test'
  ...
# Subtest: [optimistic lock http smoke] ProblemDetails가 OPTIMISTIC_LOCK_CONFLICT → 409로 매핑된다
ok 98 - [optimistic lock http smoke] ProblemDetails가 OPTIMISTIC_LOCK_CONFLICT → 409로 매핑된다
  ---
  duration_ms: 0.358577
  type: 'test'
  ...
# (node:62683) ExperimentalWarning: SQLite is an experimental feature and might change at any time
# (Use `node --trace-warnings ...` to show where the warning was created)
# {"timestamp":"2026-04-22T14:43:49.049Z","level":"warn","service":"my-module","event":"server.draining","reason":"manual","drain_started_at":"2026-04-22T14:43:49.049Z"}
# {"timestamp":"2026-04-22T14:43:49.052Z","level":"warn","service":"my-module","event":"server.draining","reason":"manual","drain_started_at":"2026-04-22T14:43:49.052Z"}
# Subtest: [outbox poller wiring smoke] 서버 기동 후 OutboxPoller가 실행 중이다
ok 99 - [outbox poller wiring smoke] 서버 기동 후 OutboxPoller가 실행 중이다
  ---
  duration_ms: 21.589845
  type: 'test'
  ...
# Subtest: [outbox poller wiring smoke] 서버 shutdown 후 OutboxPoller가 정지된다
ok 100 - [outbox poller wiring smoke] 서버 shutdown 후 OutboxPoller가 정지된다
  ---
  duration_ms: 1.74732
  type: 'test'
  ...
# {"timestamp":"2026-04-22T14:43:49.060Z","level":"info","service":"my-module","event":"metric.counter","name":"http_requests_total","delta":1,"total":1,"attributes":{"route":"/health","method":"GET"}}
# {"timestamp":"2026-04-22T14:43:49.060Z","level":"info","service":"my-module","event":"span.end","trace_id":"76695c9e80184e9d82aa6e14f8d7fa3c","span_id":"028cf57e1371411f","parent_span_id":null,"name":"http.GET /health","duration_ms":0,"status":"ok","attributes":{"http.method":"GET","http.route":"/health"}}
# {"timestamp":"2026-04-22T14:43:49.061Z","level":"warn","service":"my-module","event":"server.draining","reason":"manual","drain_started_at":"2026-04-22T14:43:49.061Z"}
# Subtest: [outbox poller wiring smoke] /health 엔드포인트가 observability 데이터를 포함한다
ok 101 - [outbox poller wiring smoke] /health 엔드포인트가 observability 데이터를 포함한다
  ---
  duration_ms: 8.535055
  type: 'test'
  ...
# {"timestamp":"2026-04-22T14:43:49.065Z","level":"warn","service":"my-module","event":"server.draining","reason":"manual","drain_started_at":"2026-04-22T14:43:49.065Z"}
# Subtest: [outbox poller wiring smoke] /api/v1/domain-events/dlq 엔드포인트가 응답한다
ok 102 - [outbox poller wiring smoke] /api/v1/domain-events/dlq 엔드포인트가 응답한다
  ---
  duration_ms: 4.354737
  type: 'test'
  ...
# Subtest: [packet hierarchy] capability-scoped packet progress and next packets are exported
ok 103 - [packet hierarchy] capability-scoped packet progress and next packets are exported
  ---
  duration_ms: 115.556403
  type: 'test'
  ...
# (node:62705) ExperimentalWarning: SQLite is an experimental feature and might change at any time
# (Use `node --trace-warnings ...` to show where the warning was created)
# {"timestamp":"2026-04-22T14:43:49.087Z","level":"info","service":"my-module","event":"metric.counter","name":"http_errors_total","delta":1,"total":1,"attributes":{"route":"/billing/payments","method":"POST","status":500}}
# {"timestamp":"2026-04-22T14:43:49.087Z","level":"info","service":"my-module","event":"metric.histogram","name":"http_duration_ms","value":1,"unit":"ms","attributes":{"route":"/billing/payments","error":true}}
# {"timestamp":"2026-04-22T14:43:49.087Z","level":"info","service":"my-module","event":"span.end","trace_id":"79cf59f4bbfa49c2a822a7fdbccd47b1","span_id":"5a908f8c95da4b60","parent_span_id":null,"name":"http.POST /billing/payments","duration_ms":2,"status":"error","attributes":{"http.method":"POST","http.route":"/billing/payments","http.status_code":500,"exception.type":"TypeError","exception.message":"req.on is not a function"}}
# {"timestamp":"2026-04-22T14:43:49.087Z","level":"error","service":"my-module","event":"http.error","trace_id":"79cf59f4bbfa49c2a822a7fdbccd47b1","correlation_id":"84694e34-3a0a-4c35-861d-9cbba47d095e","route":"/billing/payments","status":500,"message":"req.on is not a function"}
# {"timestamp":"2026-04-22T14:43:49.087Z","level":"info","service":"my-module","event":"metric.counter","name":"http_errors_total","delta":1,"total":2,"attributes":{"route":"/billing/payments","method":"POST","status":500}}
# {"timestamp":"2026-04-22T14:43:49.087Z","level":"info","service":"my-module","event":"metric.histogram","name":"http_duration_ms","value":0,"unit":"ms","attributes":{"route":"/billing/payments","error":true}}
# {"timestamp":"2026-04-22T14:43:49.087Z","level":"info","service":"my-module","event":"span.end","trace_id":"b961a9b527df4cd0baa4ff97b3bfd282","span_id":"fdd58d21f7df4951","parent_span_id":null,"name":"http.POST /billing/payments","duration_ms":0,"status":"error","attributes":{"http.method":"POST","http.route":"/billing/payments","http.status_code":500,"exception.type":"TypeError","exception.message":"req.on is not a function"}}
# {"timestamp":"2026-04-22T14:43:49.087Z","level":"error","service":"my-module","event":"http.error","trace_id":"b961a9b527df4cd0baa4ff97b3bfd282","correlation_id":"5ee1b667-ac74-4a10-b539-ab8f4a3b91dc","route":"/billing/payments","status":500,"message":"req.on is not a function"}
# {"timestamp":"2026-04-22T14:43:49.088Z","level":"info","service":"my-module","event":"metric.counter","name":"http_errors_total","delta":1,"total":3,"attributes":{"route":"/billing/payments","method":"POST","status":500}}
# {"timestamp":"2026-04-22T14:43:49.088Z","level":"info","service":"my-module","event":"metric.histogram","name":"http_duration_ms","value":0,"unit":"ms","attributes":{"route":"/billing/payments","error":true}}
# {"timestamp":"2026-04-22T14:43:49.088Z","level":"info","service":"my-module","event":"span.end","trace_id":"64c5f2290b2947aa89ef6f72262ee517","span_id":"ab611a2c734c4a87","parent_span_id":null,"name":"http.POST /billing/payments","duration_ms":0,"status":"error","attributes":{"http.method":"POST","http.route":"/billing/payments","http.status_code":500,"exception.type":"TypeError","exception.message":"req.on is not a function"}}
# {"timestamp":"2026-04-22T14:43:49.088Z","level":"error","service":"my-module","event":"http.error","trace_id":"64c5f2290b2947aa89ef6f72262ee517","correlation_id":"19a6ecd5-eef2-4354-98cf-69c75dfad907","route":"/billing/payments","status":500,"message":"req.on is not a function"}
# {"timestamp":"2026-04-22T14:43:49.088Z","level":"info","service":"my-module","event":"metric.counter","name":"http_errors_total","delta":1,"total":4,"attributes":{"route":"/billing/payments","method":"POST","status":429}}
# {"timestamp":"2026-04-22T14:43:49.088Z","level":"info","service":"my-module","event":"metric.histogram","name":"http_duration_ms","value":0,"unit":"ms","attributes":{"route":"/billing/payments","error":true}}
# {"timestamp":"2026-04-22T14:43:49.088Z","level":"info","service":"my-module","event":"span.end","trace_id":"923fe28b41544de8b52eda07a9616cfe","span_id":"130dda01550c462c","parent_span_id":null,"name":"http.POST /billing/payments","duration_ms":0,"status":"error","attributes":{"http.method":"POST","http.route":"/billing/payments","http.status_code":429,"exception.type":"Error","exception.message":"Rate limit exceeded for route POST:/billing/payments"}}
# {"timestamp":"2026-04-22T14:43:49.088Z","level":"error","service":"my-module","event":"http.error","trace_id":"923fe28b41544de8b52eda07a9616cfe","correlation_id":"d7a451b0-ef64-443f-9a44-eb21cb3ff1c3","route":"/billing/payments","status":429,"message":"Rate limit exceeded for route POST:/billing/payments"}
# {"timestamp":"2026-04-22T14:43:49.089Z","level":"info","service":"my-module","event":"metric.counter","name":"http_errors_total","delta":1,"total":5,"attributes":{"route":"/video/videos","method":"POST","status":500}}
# {"timestamp":"2026-04-22T14:43:49.089Z","level":"info","service":"my-module","event":"metric.histogram","name":"http_duration_ms","value":0,"unit":"ms","attributes":{"route":"/video/videos","error":true}}
# {"timestamp":"2026-04-22T14:43:49.089Z","level":"info","service":"my-module","event":"span.end","trace_id":"f6fd45a16e6f406cb9decc8566035e04","span_id":"36ad8ef50fa54ca3","parent_span_id":null,"name":"http.POST /video/videos","duration_ms":0,"status":"error","attributes":{"http.method":"POST","http.route":"/video/videos","http.status_code":500,"exception.type":"TypeError","exception.message":"req.on is not a function"}}
# {"timestamp":"2026-04-22T14:43:49.089Z","level":"error","service":"my-module","event":"http.error","trace_id":"f6fd45a16e6f406cb9decc8566035e04","correlation_id":"b9005b6b-4379-444c-b2a6-31861805585b","route":"/video/videos","status":500,"message":"req.on is not a function"}
# {"timestamp":"2026-04-22T14:43:49.090Z","level":"info","service":"my-module","event":"metric.counter","name":"http_errors_total","delta":1,"total":6,"attributes":{"route":"/video/videos","method":"POST","status":500}}
# {"timestamp":"2026-04-22T14:43:49.090Z","level":"info","service":"my-module","event":"metric.histogram","name":"http_duration_ms","value":1,"unit":"ms","attributes":{"route":"/video/videos","error":true}}
# {"timestamp":"2026-04-22T14:43:49.090Z","level":"info","service":"my-module","event":"span.end","trace_id":"80c0fbafa48e4f86bf21df0d59109658","span_id":"4127a168feb64036","parent_span_id":null,"name":"http.POST /video/videos","duration_ms":1,"status":"error","attributes":{"http.method":"POST","http.route":"/video/videos","http.status_code":500,"exception.type":"TypeError","exception.message":"req.on is not a function"}}
# {"timestamp":"2026-04-22T14:43:49.090Z","level":"error","service":"my-module","event":"http.error","trace_id":"80c0fbafa48e4f86bf21df0d59109658","correlation_id":"c8a624a6-3ebe-4721-8ef0-fdbce9eb0eb4","route":"/video/videos","status":500,"message":"req.on is not a function"}
# {"timestamp":"2026-04-22T14:43:49.090Z","level":"info","service":"my-module","event":"metric.counter","name":"http_errors_total","delta":1,"total":7,"attributes":{"route":"/video/videos","method":"POST","status":429}}
# {"timestamp":"2026-04-22T14:43:49.090Z","level":"info","service":"my-module","event":"metric.histogram","name":"http_duration_ms","value":0,"unit":"ms","attributes":{"route":"/video/videos","error":true}}
# {"timestamp":"2026-04-22T14:43:49.090Z","level":"info","service":"my-module","event":"span.end","trace_id":"a1d175427eb84ddb8697afd9ae725123","span_id":"4f5ae9262c0248cb","parent_span_id":null,"name":"http.POST /video/videos","duration_ms":0,"status":"error","attributes":{"http.method":"POST","http.route":"/video/videos","http.status_code":429,"exception.type":"Error","exception.message":"Rate limit exceeded for route POST:/video/videos"}}
# {"timestamp":"2026-04-22T14:43:49.090Z","level":"error","service":"my-module","event":"http.error","trace_id":"a1d175427eb84ddb8697afd9ae725123","correlation_id":"61367f0c-ac2e-4e43-8c93-34472e43106b","route":"/video/videos","status":429,"message":"Rate limit exceeded for route POST:/video/videos"}
# {"timestamp":"2026-04-22T14:43:49.091Z","level":"info","service":"my-module","event":"metric.counter","name":"http_requests_total","delta":1,"total":1,"attributes":{"route":"/livez","method":"GET"}}
# {"timestamp":"2026-04-22T14:43:49.091Z","level":"info","service":"my-module","event":"span.end","trace_id":"4cf265696b754640a27b7d36bed4b7c3","span_id":"6241eccb71d545a8","parent_span_id":null,"name":"http.GET /livez","duration_ms":0,"status":"ok","attributes":{"http.method":"GET","http.route":"/livez"}}
# {"timestamp":"2026-04-22T14:43:49.093Z","level":"info","service":"my-module","event":"metric.counter","name":"http_requests_total","delta":1,"total":2,"attributes":{"route":"/livez","method":"GET"}}
# {"timestamp":"2026-04-22T14:43:49.093Z","level":"info","service":"my-module","event":"span.end","trace_id":"755ca133c9ba4aeaa851564b0fb16a1c","span_id":"e25c69adce944cfb","parent_span_id":null,"name":"http.GET /livez","duration_ms":1,"status":"ok","attributes":{"http.method":"GET","http.route":"/livez"}}
# {"timestamp":"2026-04-22T14:43:49.093Z","level":"info","service":"my-module","event":"metric.counter","name":"http_requests_total","delta":1,"total":3,"attributes":{"route":"/livez","method":"GET"}}
# {"timestamp":"2026-04-22T14:43:49.093Z","level":"info","service":"my-module","event":"span.end","trace_id":"f7edd47d2d174962acf7fd809d2cceb6","span_id":"05defd0479b44947","parent_span_id":null,"name":"http.GET /livez","duration_ms":0,"status":"ok","attributes":{"http.method":"GET","http.route":"/livez"}}
# {"timestamp":"2026-04-22T14:43:49.093Z","level":"info","service":"my-module","event":"metric.counter","name":"http_requests_total","delta":1,"total":4,"attributes":{"route":"/livez","method":"GET"}}
# {"timestamp":"2026-04-22T14:43:49.093Z","level":"info","service":"my-module","event":"span.end","trace_id":"c97cdde06f994970805f61768332f9cc","span_id":"0c4b6a97ad054c75","parent_span_id":null,"name":"http.GET /livez","duration_ms":0,"status":"ok","attributes":{"http.method":"GET","http.route":"/livez"}}
# {"timestamp":"2026-04-22T14:43:49.093Z","level":"info","service":"my-module","event":"metric.counter","name":"http_requests_total","delta":1,"total":5,"attributes":{"route":"/livez","method":"GET"}}
# {"timestamp":"2026-04-22T14:43:49.093Z","level":"info","service":"my-module","event":"span.end","trace_id":"ee556e011c0e4eff8b51d50471f27270","span_id":"0398d41f44ff4823","parent_span_id":null,"name":"http.GET /livez","duration_ms":0,"status":"ok","attributes":{"http.method":"GET","http.route":"/livez"}}
# {"timestamp":"2026-04-22T14:43:49.093Z","level":"info","service":"my-module","event":"metric.counter","name":"http_requests_total","delta":1,"total":6,"attributes":{"route":"/livez","method":"GET"}}
# {"timestamp":"2026-04-22T14:43:49.094Z","level":"info","service":"my-module","event":"span.end","trace_id":"399b4125993441429fb4469589cbc1f9","span_id":"6612cef0f3074b53","parent_span_id":null,"name":"http.GET /livez","duration_ms":1,"status":"ok","attributes":{"http.method":"GET","http.route":"/livez"}}
# {"timestamp":"2026-04-22T14:43:49.094Z","level":"info","service":"my-module","event":"metric.counter","name":"http_requests_total","delta":1,"total":7,"attributes":{"route":"/livez","method":"GET"}}
# {"timestamp":"2026-04-22T14:43:49.094Z","level":"info","service":"my-module","event":"span.end","trace_id":"065ee853860344c2b4bef26ea6712e5f","span_id":"42f5521f09104243","parent_span_id":null,"name":"http.GET /livez","duration_ms":0,"status":"ok","attributes":{"http.method":"GET","http.route":"/livez"}}
# {"timestamp":"2026-04-22T14:43:49.094Z","level":"info","service":"my-module","event":"metric.counter","name":"http_requests_total","delta":1,"total":8,"attributes":{"route":"/livez","method":"GET"}}
# {"timestamp":"2026-04-22T14:43:49.094Z","level":"info","service":"my-module","event":"span.end","trace_id":"ca89b45d79e247d0873c0d0b344a7762","span_id":"373f23ca2dcd4078","parent_span_id":null,"name":"http.GET /livez","duration_ms":0,"status":"ok","attributes":{"http.method":"GET","http.route":"/livez"}}
# {"timestamp":"2026-04-22T14:43:49.094Z","level":"info","service":"my-module","event":"metric.counter","name":"http_requests_total","delta":1,"total":9,"attributes":{"route":"/livez","method":"GET"}}
# {"timestamp":"2026-04-22T14:43:49.094Z","level":"info","service":"my-module","event":"span.end","trace_id":"6642de6a80e2470182e711aeb44a5188","span_id":"2261560838824949","parent_span_id":null,"name":"http.GET /livez","duration_ms":0,"status":"ok","attributes":{"http.method":"GET","http.route":"/livez"}}
# {"timestamp":"2026-04-22T14:43:49.094Z","level":"info","service":"my-module","event":"metric.counter","name":"http_requests_total","delta":1,"total":10,"attributes":{"route":"/livez","method":"GET"}}
# {"timestamp":"2026-04-22T14:43:49.094Z","level":"info","service":"my-module","event":"span.end","trace_id":"bb772e8915f048949053ce10187815a0","span_id":"ab1c3ad8d3c04ef4","parent_span_id":null,"name":"http.GET /livez","duration_ms":0,"status":"ok","attributes":{"http.method":"GET","http.route":"/livez"}}
# Subtest: [per-route rate-limit smoke] POST /billing/payments enforces stricter 10/min limit
ok 104 - [per-route rate-limit smoke] POST /billing/payments enforces stricter 10/min limit
  ---
  duration_ms: 11.509277
  type: 'test'
  ...
# Subtest: [per-route rate-limit smoke] POST /video/videos enforces stricter 5/min limit
ok 105 - [per-route rate-limit smoke] POST /video/videos enforces stricter 5/min limit
  ---
  duration_ms: 1.396978
  type: 'test'
  ...
# Subtest: [per-route rate-limit smoke] routes without stricter policy use global limit only
ok 106 - [per-route rate-limit smoke] routes without stricter policy use global limit only
  ---
  duration_ms: 4.155993
  type: 'test'
  ...
# Subtest: [planning studio stage-run migration smoke] snapshot backfills legacy stage-run storage with release evidence observability
ok 107 - [planning studio stage-run migration smoke] snapshot backfills legacy stage-run storage with release evidence observability
  ---
  duration_ms: 438.994395
  type: 'test'
  ...
# Subtest: [project status smoke] next_wp는 canonical wp-queue 기준으로 계산된다
ok 108 - [project status smoke] next_wp는 canonical wp-queue 기준으로 계산된다
  ---
  duration_ms: 677.218379
  type: 'test'
  ...
# Subtest: [promote packet] validated promotion can write next execution packet
ok 109 - [promote packet] validated promotion can write next execution packet
  ---
  duration_ms: 102.680262
  type: 'test'
  ...
# Subtest: [promotion decision] readiness, fit, and reread state become a single gate
ok 110 - [promotion decision] readiness, fit, and reread state become a single gate
  ---
  duration_ms: 1001.284998
  type: 'test'
  ...
# Subtest: [promotion pipeline] artifacts and optional apply are orchestrated together
ok 111 - [promotion pipeline] artifacts and optional apply are orchestrated together
  ---
  duration_ms: 204.372896
  type: 'test'
  ...
# Subtest: [proven kickoff] blueprint, learned preset, and token budget are bundled together
ok 112 - [proven kickoff] blueprint, learned preset, and token budget are bundled together
  ---
  duration_ms: 327.231884
  type: 'test'
  ...
# Subtest: [readiness brief] promotion, scheduler, reread, benchmark state are summarized together
ok 113 - [readiness brief] promotion, scheduler, reread, benchmark state are summarized together
  ---
  duration_ms: 957.253325
  type: 'test'
  ...
# Subtest: [release evidence smoke] sbom, provenance, and release evidence are regenerated with artifact digests
ok 114 - [release evidence smoke] sbom, provenance, and release evidence are regenerated with artifact digests
  ---
  duration_ms: 327.09041
  type: 'test'
  ...
# Subtest: [replay packet] logs and replay lenses produce a next packet draft
ok 115 - [replay packet] logs and replay lenses produce a next packet draft
  ---
  duration_ms: 84.209979
  type: 'test'
  ...
# Subtest: [requirements validation smoke] baseline requirements file passes
ok 116 - [requirements validation smoke] baseline requirements file passes
  ---
  duration_ms: 133.768001
  type: 'test'
  ...
# Subtest: [requirements validation smoke] --all mode validates all domain requirements files
ok 117 - [requirements validation smoke] --all mode validates all domain requirements files
  ---
  duration_ms: 244.576467
  type: 'test'
  ...
# Subtest: [requirements validation smoke] missing module.id is rejected
ok 118 - [requirements validation smoke] missing module.id is rejected
  ---
  duration_ms: 125.443855
  type: 'test'
  ...
# Subtest: [requirements validation smoke] invalid NFR latency is rejected
ok 119 - [requirements validation smoke] invalid NFR latency is rejected
  ---
  duration_ms: 173.11237
  type: 'test'
  ...
# Subtest: [requirements validation smoke] schema-enforced uniqueItems rejects duplicate dependencies
ok 120 - [requirements validation smoke] schema-enforced uniqueItems rejects duplicate dependencies
  ---
  duration_ms: 178.193243
  type: 'test'
  ...
# Subtest: [requirements validation smoke] schema-enforced uniqueItems rejects duplicate provided contracts
ok 121 - [requirements validation smoke] schema-enforced uniqueItems rejects duplicate provided contracts
  ---
  duration_ms: 262.145852
  type: 'test'
  ...
# Subtest: [reread queue] context drift candidates are exported in priority order
ok 122 - [reread queue] context drift candidates are exported in priority order
  ---
  duration_ms: 233.46567
  type: 'test'
  ...
# Subtest: [routing learning] exception and ROI signals merge into canonical routing memory
ok 123 - [routing learning] exception and ROI signals merge into canonical routing memory
  ---
  duration_ms: 345.415952
  type: 'test'
  ...
# (node:63132) ExperimentalWarning: SQLite is an experimental feature and might change at any time
# (Use `node --trace-warnings ...` to show where the warning was created)
# {"timestamp":"2026-04-22T14:43:49.972Z","level":"info","service":"my-module","event":"metric.counter","name":"http_requests_total","delta":1,"total":1,"attributes":{"route":"/livez","method":"GET"}}
# {"timestamp":"2026-04-22T14:43:49.972Z","level":"info","service":"my-module","event":"span.end","trace_id":"6cfc137093fe4eb9af9982f5a032929f","span_id":"b3b55cad39f64782","parent_span_id":null,"name":"http.GET /livez","duration_ms":0,"status":"ok","attributes":{"http.method":"GET","http.route":"/livez"}}
# {"timestamp":"2026-04-22T14:43:49.984Z","level":"info","service":"my-module","event":"metric.counter","name":"http_requests_total","delta":1,"total":2,"attributes":{"route":"/startupz","method":"GET"}}
# {"timestamp":"2026-04-22T14:43:49.984Z","level":"info","service":"my-module","event":"span.end","trace_id":"1c4cda261477418aaf94e77d6b7d0688","span_id":"0d31d413056c4ef7","parent_span_id":null,"name":"http.GET /startupz","duration_ms":0,"status":"ok","attributes":{"http.method":"GET","http.route":"/startupz"}}
# {"timestamp":"2026-04-22T14:43:49.990Z","level":"info","service":"my-module","event":"metric.counter","name":"http_requests_total","delta":1,"total":3,"attributes":{"route":"/readyz","method":"GET","status":200}}
# {"timestamp":"2026-04-22T14:43:49.990Z","level":"info","service":"my-module","event":"span.end","trace_id":"5d5e445f5e674ff8aee4afa8049e37a7","span_id":"0a62aedea2fc43cb","parent_span_id":null,"name":"http.GET /readyz","duration_ms":0,"status":"ok","attributes":{"http.method":"GET","http.route":"/readyz","http.status_code":200}}
# {"timestamp":"2026-04-22T14:43:49.993Z","level":"info","service":"my-module","event":"metric.counter","name":"http_requests_total","delta":1,"total":4,"attributes":{"route":"/health","method":"GET"}}
# {"timestamp":"2026-04-22T14:43:49.993Z","level":"info","service":"my-module","event":"span.end","trace_id":"0edef0dd663c4c928847f4ee79679545","span_id":"1dc5b42d084a4561","parent_span_id":null,"name":"http.GET /health","duration_ms":0,"status":"ok","attributes":{"http.method":"GET","http.route":"/health"}}
# Subtest: [deployment smoke runner] executes the deployed-environment checklist and writes an artifact
ok 124 - [deployment smoke runner] executes the deployed-environment checklist and writes an artifact
  ---
  duration_ms: 176.594522
  type: 'test'
  ...
# (node:63133) ExperimentalWarning: SQLite is an experimental feature and might change at any time
# (Use `node --trace-warnings ...` to show where the warning was created)
# {"timestamp":"2026-04-22T14:43:49.981Z","level":"warn","service":"my-module","event":"server.draining","reason":"manual","drain_started_at":"2026-04-22T14:43:49.981Z"}
# Subtest: [scaffold smoke] POST /api/planning-studio/scaffold-preview returns 400 on missing domain
ok 125 - [scaffold smoke] POST /api/planning-studio/scaffold-preview returns 400 on missing domain
  ---
  duration_ms: 33.045416
  type: 'test'
  ...
# {"timestamp":"2026-04-22T14:43:50.049Z","level":"warn","service":"my-module","event":"server.draining","reason":"manual","drain_started_at":"2026-04-22T14:43:50.049Z"}
# Subtest: [scaffold smoke] POST /api/planning-studio/scaffold-preview with valid args returns 200 with preview
ok 126 - [scaffold smoke] POST /api/planning-studio/scaffold-preview with valid args returns 200 with preview
  ---
  duration_ms: 63.359834
  type: 'test'
  ...
# {"timestamp":"2026-04-22T14:43:50.056Z","level":"warn","service":"my-module","event":"server.draining","reason":"manual","drain_started_at":"2026-04-22T14:43:50.056Z"}
# Subtest: [scaffold smoke] POST /api/planning-studio/scaffold-create with missing blueprint returns 400
ok 127 - [scaffold smoke] POST /api/planning-studio/scaffold-create with missing blueprint returns 400
  ---
  duration_ms: 6.598308
  type: 'test'
  ...
# {"timestamp":"2026-04-22T14:43:50.107Z","level":"warn","service":"my-module","event":"server.draining","reason":"manual","drain_started_at":"2026-04-22T14:43:50.107Z"}
# Subtest: [scaffold smoke] scaffold-preview idempotency replay returns same 200 on second call
ok 128 - [scaffold smoke] scaffold-preview idempotency replay returns same 200 on second call
  ---
  duration_ms: 51.328509
  type: 'test'
  ...
# {"timestamp":"2026-04-22T14:43:50.267Z","level":"warn","service":"my-module","event":"server.draining","reason":"manual","drain_started_at":"2026-04-22T14:43:50.267Z"}
# Subtest: [scaffold smoke] scaffold-create auto-registers Stage C baselines in runtime root
ok 129 - [scaffold smoke] scaffold-create auto-registers Stage C baselines in runtime root
  ---
  duration_ms: 169.34701
  type: 'test'
  ...
# (node:63175) ExperimentalWarning: SQLite is an experimental feature and might change at any time
# (Use `node --trace-warnings ...` to show where the warning was created)
# {"timestamp":"2026-04-22T14:43:50.054Z","level":"info","service":"my-module","event":"metric.counter","name":"pty_bridge_sessions_read_total","delta":1,"total":1,"attributes":{"route":"/api/pty/sessions","method":"GET"}}
# {"timestamp":"2026-04-22T14:43:50.054Z","level":"info","service":"my-module","event":"span.end","trace_id":"474352e6896144b9a739a9a139660ae9","span_id":"1e61080a4ccb494f","parent_span_id":"dc996f58221f4b90","name":"pty.bridge.sessions","duration_ms":0,"status":"ok","attributes":{"http.route":"/api/pty/sessions","http.request.method":"GET","code.function":"createAppHandler","control_center.operation.duration_ms":0,"pty.session.count":1}}
# {"timestamp":"2026-04-22T14:43:50.055Z","level":"info","service":"my-module","event":"metric.histogram","name":"control_center_operation_duration_ms","value":0,"unit":"ms","attributes":{"operation":"pty.bridge.sessions","route":"/api/pty/sessions","method":"GET"}}
# {"timestamp":"2026-04-22T14:43:50.055Z","level":"info","service":"my-module","event":"control_center.operation","trace_id":"474352e6896144b9a739a9a139660ae9","parent_span_id":"dc996f58221f4b90","span_id":"1e61080a4ccb494f","correlation_id":"8898eb57-5059-452d-bfdc-400ef519a657","request_id":"8898eb57-5059-452d-bfdc-400ef519a657","operation":"pty.bridge.sessions","route":"/api/pty/sessions","method":"GET","duration_ms":0,"message":"ok","pty.session.count":1}
# {"timestamp":"2026-04-22T14:43:50.071Z","level":"info","service":"my-module","event":"metric.counter","name":"pty_scheduler_start_total","delta":1,"total":1,"attributes":{"route":"/api/pty/scheduler/start","method":"POST"}}
# {"timestamp":"2026-04-22T14:43:50.071Z","level":"info","service":"my-module","event":"span.end","trace_id":"1e27e3f2b2f84e579ebb5f101b966f29","span_id":"3e1fe6d7c58c4c59","parent_span_id":"0062190a2f5a472b","name":"pty.scheduler.start","duration_ms":0,"status":"ok","attributes":{"http.route":"/api/pty/scheduler/start","http.request.method":"POST","code.function":"createAppHandler","control_center.operation.duration_ms":0,"pty.scheduler.worker_count":2}}
# {"timestamp":"2026-04-22T14:43:50.071Z","level":"info","service":"my-module","event":"metric.histogram","name":"control_center_operation_duration_ms","value":0,"unit":"ms","attributes":{"operation":"pty.scheduler.start","route":"/api/pty/scheduler/start","method":"POST"}}
# {"timestamp":"2026-04-22T14:43:50.071Z","level":"info","service":"my-module","event":"control_center.operation","trace_id":"1e27e3f2b2f84e579ebb5f101b966f29","parent_span_id":"0062190a2f5a472b","span_id":"3e1fe6d7c58c4c59","correlation_id":"ae95bad2-4d48-46df-b2da-d76805e8d52c","request_id":"ae95bad2-4d48-46df-b2da-d76805e8d52c","operation":"pty.scheduler.start","route":"/api/pty/scheduler/start","method":"POST","duration_ms":0,"message":"ok","pty.scheduler.worker_count":2}
# {"timestamp":"2026-04-22T14:43:50.082Z","level":"info","service":"my-module","event":"metric.counter","name":"pty_bridge_send_total","delta":1,"total":1,"attributes":{"route":"/api/pty/enter-now","method":"POST","action":"enter"}}
# {"timestamp":"2026-04-22T14:43:50.089Z","level":"info","service":"my-module","event":"metric.counter","name":"pty_bridge_send_total","delta":1,"total":2,"attributes":{"route":"/api/pty/enter-now","method":"POST","action":"enter"}}
# {"timestamp":"2026-04-22T14:43:50.094Z","level":"info","service":"my-module","event":"metric.counter","name":"pty_bridge_send_total","delta":1,"total":3,"attributes":{"route":"/api/pty/send-now","method":"POST","action":"prompt"}}
# {"timestamp":"2026-04-22T14:43:50.097Z","level":"info","service":"my-module","event":"metric.counter","name":"pty_bridge_send_total","delta":1,"total":4,"attributes":{"route":"/api/pty/enter-now","method":"POST","action":"enter"}}
# {"timestamp":"2026-04-22T14:43:50.099Z","level":"info","service":"my-module","event":"metric.counter","name":"pty_bridge_send_total","delta":1,"total":5,"attributes":{"route":"/api/pty/enter-now","method":"POST","action":"enter"}}
# {"timestamp":"2026-04-22T14:43:52.976Z","level":"info","service":"my-module","event":"metric.counter","name":"pty_scheduler_stop_total","delta":1,"total":1,"attributes":{"route":"/api/pty/scheduler/stop","method":"POST"}}
# {"timestamp":"2026-04-22T14:43:52.976Z","level":"info","service":"my-module","event":"span.end","trace_id":"87d9537c078b4739b9163033947ff542","span_id":"ebb09a39eaa94f27","parent_span_id":"8e091461123d4bad","name":"pty.scheduler.stop","duration_ms":0,"status":"ok","attributes":{"http.route":"/api/pty/scheduler/stop","http.request.method":"POST","code.function":"createAppHandler","control_center.operation.duration_ms":0,"pty.scheduler.worker_count":2}}
# {"timestamp":"2026-04-22T14:43:52.976Z","level":"info","service":"my-module","event":"metric.histogram","name":"control_center_operation_duration_ms","value":0,"unit":"ms","attributes":{"operation":"pty.scheduler.stop","route":"/api/pty/scheduler/stop","method":"POST"}}
# {"timestamp":"2026-04-22T14:43:52.976Z","level":"info","service":"my-module","event":"control_center.operation","trace_id":"87d9537c078b4739b9163033947ff542","parent_span_id":"8e091461123d4bad","span_id":"ebb09a39eaa94f27","correlation_id":"a8c9ca73-302e-4540-80f3-8705ec1ed9f2","request_id":"a8c9ca73-302e-4540-80f3-8705ec1ed9f2","operation":"pty.scheduler.stop","route":"/api/pty/scheduler/stop","method":"POST","duration_ms":0,"message":"ok","pty.scheduler.worker_count":2}
# {"timestamp":"2026-04-22T14:43:52.980Z","level":"info","service":"my-module","event":"metric.counter","name":"pty_scheduler_start_total","delta":1,"total":2,"attributes":{"route":"/api/pty/scheduler/start","method":"POST"}}
# {"timestamp":"2026-04-22T14:43:52.980Z","level":"info","service":"my-module","event":"span.end","trace_id":"7d384a31b9694487b22d595c5ed7b60b","span_id":"c16264aacc1143aa","parent_span_id":"e490190195104f49","name":"pty.scheduler.start","duration_ms":0,"status":"ok","attributes":{"http.route":"/api/pty/scheduler/start","http.request.method":"POST","code.function":"createAppHandler","control_center.operation.duration_ms":0,"pty.scheduler.worker_count":2}}
# {"timestamp":"2026-04-22T14:43:52.980Z","level":"info","service":"my-module","event":"metric.histogram","name":"control_center_operation_duration_ms","value":0,"unit":"ms","attributes":{"operation":"pty.scheduler.start","route":"/api/pty/scheduler/start","method":"POST"}}
# {"timestamp":"2026-04-22T14:43:52.980Z","level":"info","service":"my-module","event":"control_center.operation","trace_id":"7d384a31b9694487b22d595c5ed7b60b","parent_span_id":"e490190195104f49","span_id":"c16264aacc1143aa","correlation_id":"d4ba9a37-ceee-46f7-b9a7-74e26e24383d","request_id":"d4ba9a37-ceee-46f7-b9a7-74e26e24383d","operation":"pty.scheduler.start","route":"/api/pty/scheduler/start","method":"POST","duration_ms":0,"message":"ok","pty.scheduler.worker_count":2}
# {"timestamp":"2026-04-22T14:43:52.983Z","level":"info","service":"my-module","event":"metric.counter","name":"pty_bridge_send_total","delta":1,"total":6,"attributes":{"route":"/api/pty/send-now","method":"POST","action":"prompt"}}
# {"timestamp":"2026-04-22T14:43:52.989Z","level":"info","service":"my-module","event":"metric.counter","name":"pty_bridge_send_total","delta":1,"total":7,"attributes":{"route":"/api/pty/send-now","method":"POST","action":"prompt"}}
# {"timestamp":"2026-04-22T14:43:52.991Z","level":"info","service":"my-module","event":"metric.counter","name":"pty_bridge_send_total","delta":1,"total":8,"attributes":{"route":"/api/pty/enter-now","method":"POST","action":"enter"}}
# {"timestamp":"2026-04-22T14:43:52.994Z","level":"info","service":"my-module","event":"metric.counter","name":"pty_bridge_send_total","delta":1,"total":9,"attributes":{"route":"/api/pty/enter-now","method":"POST","action":"enter"}}
# {"timestamp":"2026-04-22T14:43:53.001Z","level":"info","service":"my-module","event":"metric.counter","name":"pty_bridge_send_total","delta":1,"total":10,"attributes":{"route":"/api/pty/enter-now","method":"POST","action":"enter"}}
# {"timestamp":"2026-04-22T14:43:53.003Z","level":"info","service":"my-module","event":"metric.counter","name":"pty_bridge_send_total","delta":1,"total":11,"attributes":{"route":"/api/pty/send-now","method":"POST","action":"prompt"}}
# {"timestamp":"2026-04-22T14:43:55.471Z","level":"info","service":"my-module","event":"metric.counter","name":"pty_scheduler_stop_total","delta":1,"total":2,"attributes":{"route":"/api/pty/scheduler/stop","method":"POST"}}
# {"timestamp":"2026-04-22T14:43:55.472Z","level":"info","service":"my-module","event":"span.end","trace_id":"af2d1a5abed045058782f984691bb53a","span_id":"19ce5367a2d64000","parent_span_id":"58d6bae4167348fc","name":"pty.scheduler.stop","duration_ms":1,"status":"ok","attributes":{"http.route":"/api/pty/scheduler/stop","http.request.method":"POST","code.function":"createAppHandler","control_center.operation.duration_ms":1,"pty.scheduler.worker_count":2}}
# {"timestamp":"2026-04-22T14:43:55.473Z","level":"info","service":"my-module","event":"metric.histogram","name":"control_center_operation_duration_ms","value":1,"unit":"ms","attributes":{"operation":"pty.scheduler.stop","route":"/api/pty/scheduler/stop","method":"POST"}}
# {"timestamp":"2026-04-22T14:43:55.473Z","level":"info","service":"my-module","event":"control_center.operation","trace_id":"af2d1a5abed045058782f984691bb53a","parent_span_id":"58d6bae4167348fc","span_id":"19ce5367a2d64000","correlation_id":"e273e7f4-632c-4c2f-bba1-2f79943bc692","request_id":"e273e7f4-632c-4c2f-bba1-2f79943bc692","operation":"pty.scheduler.stop","route":"/api/pty/scheduler/stop","method":"POST","duration_ms":1,"message":"ok","pty.scheduler.worker_count":2}
# {"timestamp":"2026-04-22T14:43:55.481Z","level":"info","service":"my-module","event":"metric.counter","name":"pty_scheduler_start_total","delta":1,"total":3,"attributes":{"route":"/api/pty/scheduler/start","method":"POST"}}
# {"timestamp":"2026-04-22T14:43:55.481Z","level":"info","service":"my-module","event":"span.end","trace_id":"92dcfc2b39eb4fd68ea435aef58b024d","span_id":"32be530e8778408f","parent_span_id":"76a606c3a8a94c20","name":"pty.scheduler.start","duration_ms":0,"status":"ok","attributes":{"http.route":"/api/pty/scheduler/start","http.request.method":"POST","code.function":"createAppHandler","control_center.operation.duration_ms":0,"pty.scheduler.worker_count":2}}
# {"timestamp":"2026-04-22T14:43:55.481Z","level":"info","service":"my-module","event":"metric.histogram","name":"control_center_operation_duration_ms","value":0,"unit":"ms","attributes":{"operation":"pty.scheduler.start","route":"/api/pty/scheduler/start","method":"POST"}}
# {"timestamp":"2026-04-22T14:43:55.481Z","level":"info","service":"my-module","event":"control_center.operation","trace_id":"92dcfc2b39eb4fd68ea435aef58b024d","parent_span_id":"76a606c3a8a94c20","span_id":"32be530e8778408f","correlation_id":"1cc5ab8d-7f73-4658-bf72-852e743b75a4","request_id":"1cc5ab8d-7f73-4658-bf72-852e743b75a4","operation":"pty.scheduler.start","route":"/api/pty/scheduler/start","method":"POST","duration_ms":0,"message":"ok","pty.scheduler.worker_count":2}
# {"timestamp":"2026-04-22T14:43:55.483Z","level":"info","service":"my-module","event":"metric.counter","name":"pty_bridge_send_total","delta":1,"total":12,"attributes":{"route":"/api/pty/send-now","method":"POST","action":"prompt"}}
# {"timestamp":"2026-04-22T14:43:55.485Z","level":"info","service":"my-module","event":"metric.counter","name":"pty_bridge_send_total","delta":1,"total":13,"attributes":{"route":"/api/pty/enter-now","method":"POST","action":"enter"}}
# {"timestamp":"2026-04-22T14:43:55.487Z","level":"info","service":"my-module","event":"metric.counter","name":"pty_bridge_send_total","delta":1,"total":14,"attributes":{"route":"/api/pty/send-now","method":"POST","action":"prompt"}}
# {"timestamp":"2026-04-22T14:43:55.489Z","level":"info","service":"my-module","event":"metric.counter","name":"pty_bridge_send_total","delta":1,"total":15,"attributes":{"route":"/api/pty/enter-now","method":"POST","action":"enter"}}
# {"timestamp":"2026-04-22T14:43:57.308Z","level":"info","service":"my-module","event":"metric.counter","name":"pty_scheduler_stop_total","delta":1,"total":3,"attributes":{"route":"/api/pty/scheduler/stop","method":"POST"}}
# {"timestamp":"2026-04-22T14:43:57.308Z","level":"info","service":"my-module","event":"span.end","trace_id":"f70edbf680dd43bebdb070f5a20794c2","span_id":"e78cbea68e2e47ae","parent_span_id":"3d5bbf8458b04d2d","name":"pty.scheduler.stop","duration_ms":0,"status":"ok","attributes":{"http.route":"/api/pty/scheduler/stop","http.request.method":"POST","code.function":"createAppHandler","control_center.operation.duration_ms":0,"pty.scheduler.worker_count":2}}
# {"timestamp":"2026-04-22T14:43:57.308Z","level":"info","service":"my-module","event":"metric.histogram","name":"control_center_operation_duration_ms","value":0,"unit":"ms","attributes":{"operation":"pty.scheduler.stop","route":"/api/pty/scheduler/stop","method":"POST"}}
# {"timestamp":"2026-04-22T14:43:57.308Z","level":"info","service":"my-module","event":"control_center.operation","trace_id":"f70edbf680dd43bebdb070f5a20794c2","parent_span_id":"3d5bbf8458b04d2d","span_id":"e78cbea68e2e47ae","correlation_id":"226511b1-e30e-4e62-a364-04c4a172881e","request_id":"226511b1-e30e-4e62-a364-04c4a172881e","operation":"pty.scheduler.stop","route":"/api/pty/scheduler/stop","method":"POST","duration_ms":0,"message":"ok","pty.scheduler.worker_count":2}
# {"timestamp":"2026-04-22T14:43:57.310Z","level":"info","service":"my-module","event":"metric.counter","name":"pty_scheduler_start_total","delta":1,"total":4,"attributes":{"route":"/api/pty/scheduler/start","method":"POST"}}
# {"timestamp":"2026-04-22T14:43:57.311Z","level":"info","service":"my-module","event":"span.end","trace_id":"22653cbe50384687a998325dde7c5860","span_id":"fced0a95ee1748e2","parent_span_id":"428d902b77f74e35","name":"pty.scheduler.start","duration_ms":1,"status":"ok","attributes":{"http.route":"/api/pty/scheduler/start","http.request.method":"POST","code.function":"createAppHandler","control_center.operation.duration_ms":1,"pty.scheduler.worker_count":2}}
# {"timestamp":"2026-04-22T14:43:57.311Z","level":"info","service":"my-module","event":"metric.histogram","name":"control_center_operation_duration_ms","value":1,"unit":"ms","attributes":{"operation":"pty.scheduler.start","route":"/api/pty/scheduler/start","method":"POST"}}
# {"timestamp":"2026-04-22T14:43:57.311Z","level":"info","service":"my-module","event":"control_center.operation","trace_id":"22653cbe50384687a998325dde7c5860","parent_span_id":"428d902b77f74e35","span_id":"fced0a95ee1748e2","correlation_id":"8adc0d78-eff9-45e7-bbde-92702d2a8796","request_id":"8adc0d78-eff9-45e7-bbde-92702d2a8796","operation":"pty.scheduler.start","route":"/api/pty/scheduler/start","method":"POST","duration_ms":1,"message":"ok","pty.scheduler.worker_count":2}
# {"timestamp":"2026-04-22T14:43:57.314Z","level":"info","service":"my-module","event":"metric.counter","name":"pty_bridge_send_total","delta":1,"total":16,"attributes":{"route":"/api/pty/enter-now","method":"POST","action":"enter"}}
# {"timestamp":"2026-04-22T14:43:57.315Z","level":"info","service":"my-module","event":"metric.counter","name":"pty_bridge_send_total","delta":1,"total":17,"attributes":{"route":"/api/pty/send-now","method":"POST","action":"prompt"}}
# {"timestamp":"2026-04-22T14:43:58.845Z","level":"info","service":"my-module","event":"metric.counter","name":"pty_scheduler_stop_total","delta":1,"total":4,"attributes":{"route":"/api/pty/scheduler/stop","method":"POST"}}
# {"timestamp":"2026-04-22T14:43:58.845Z","level":"info","service":"my-module","event":"span.end","trace_id":"7df33c8db7e34bdd88ff84eb38bf7293","span_id":"e5af58da4aaf4f0d","parent_span_id":"0cb37af318bd4733","name":"pty.scheduler.stop","duration_ms":0,"status":"ok","attributes":{"http.route":"/api/pty/scheduler/stop","http.request.method":"POST","code.function":"createAppHandler","control_center.operation.duration_ms":0,"pty.scheduler.worker_count":2}}
# {"timestamp":"2026-04-22T14:43:58.845Z","level":"info","service":"my-module","event":"metric.histogram","name":"control_center_operation_duration_ms","value":0,"unit":"ms","attributes":{"operation":"pty.scheduler.stop","route":"/api/pty/scheduler/stop","method":"POST"}}
# {"timestamp":"2026-04-22T14:43:58.845Z","level":"info","service":"my-module","event":"control_center.operation","trace_id":"7df33c8db7e34bdd88ff84eb38bf7293","parent_span_id":"0cb37af318bd4733","span_id":"e5af58da4aaf4f0d","correlation_id":"8ad89349-eff2-4abb-8896-25fc9c82e3f6","request_id":"8ad89349-eff2-4abb-8896-25fc9c82e3f6","operation":"pty.scheduler.stop","route":"/api/pty/scheduler/stop","method":"POST","duration_ms":0,"message":"ok","pty.scheduler.worker_count":2}
# {"timestamp":"2026-04-22T14:43:58.846Z","level":"info","service":"my-module","event":"metric.counter","name":"pty_scheduler_start_total","delta":1,"total":5,"attributes":{"route":"/api/pty/scheduler/start","method":"POST"}}
# {"timestamp":"2026-04-22T14:43:58.846Z","level":"info","service":"my-module","event":"span.end","trace_id":"125e9b91dedf44ee9f248b0d0a8a8b53","span_id":"127eff65fc654138","parent_span_id":"86ced4c62a7746f0","name":"pty.scheduler.start","duration_ms":0,"status":"ok","attributes":{"http.route":"/api/pty/scheduler/start","http.request.method":"POST","code.function":"createAppHandler","control_center.operation.duration_ms":0,"pty.scheduler.worker_count":2}}
# {"timestamp":"2026-04-22T14:43:58.846Z","level":"info","service":"my-module","event":"metric.histogram","name":"control_center_operation_duration_ms","value":0,"unit":"ms","attributes":{"operation":"pty.scheduler.start","route":"/api/pty/scheduler/start","method":"POST"}}
# {"timestamp":"2026-04-22T14:43:58.846Z","level":"info","service":"my-module","event":"control_center.operation","trace_id":"125e9b91dedf44ee9f248b0d0a8a8b53","parent_span_id":"86ced4c62a7746f0","span_id":"127eff65fc654138","correlation_id":"281a5d88-2c59-452c-9d73-5409c361c0d8","request_id":"281a5d88-2c59-452c-9d73-5409c361c0d8","operation":"pty.scheduler.start","route":"/api/pty/scheduler/start","method":"POST","duration_ms":0,"message":"ok","pty.scheduler.worker_count":2}
# {"timestamp":"2026-04-22T14:43:58.847Z","level":"info","service":"my-module","event":"metric.counter","name":"pty_bridge_send_total","delta":1,"total":18,"attributes":{"route":"/api/pty/enter-now","method":"POST","action":"enter"}}
# {"timestamp":"2026-04-22T14:43:58.848Z","level":"info","service":"my-module","event":"metric.counter","name":"pty_bridge_send_total","delta":1,"total":19,"attributes":{"route":"/api/pty/enter-now","method":"POST","action":"enter"}}
# {"timestamp":"2026-04-22T14:43:58.850Z","level":"info","service":"my-module","event":"metric.counter","name":"pty_bridge_send_total","delta":1,"total":20,"attributes":{"route":"/api/pty/send-now","method":"POST","action":"prompt"}}
# {"timestamp":"2026-04-22T14:43:58.851Z","level":"info","service":"my-module","event":"metric.counter","name":"pty_bridge_send_total","delta":1,"total":21,"attributes":{"route":"/api/pty/send-now","method":"POST","action":"prompt"}}
# {"timestamp":"2026-04-22T14:43:58.852Z","level":"info","service":"my-module","event":"metric.counter","name":"pty_bridge_send_total","delta":1,"total":22,"attributes":{"route":"/api/pty/send-now","method":"POST","action":"prompt"}}
# {"timestamp":"2026-04-22T14:44:00.265Z","level":"info","service":"my-module","event":"metric.counter","name":"pty_scheduler_stop_total","delta":1,"total":5,"attributes":{"route":"/api/pty/scheduler/stop","method":"POST"}}
# {"timestamp":"2026-04-22T14:44:00.265Z","level":"info","service":"my-module","event":"span.end","trace_id":"9c35bab536de4c629901a8985ccb1e33","span_id":"337026fe98724a24","parent_span_id":"0bb7e0f1f5aa44dc","name":"pty.scheduler.stop","duration_ms":0,"status":"ok","attributes":{"http.route":"/api/pty/scheduler/stop","http.request.method":"POST","code.function":"createAppHandler","control_center.operation.duration_ms":0,"pty.scheduler.worker_count":2}}
# {"timestamp":"2026-04-22T14:44:00.265Z","level":"info","service":"my-module","event":"metric.histogram","name":"control_center_operation_duration_ms","value":0,"unit":"ms","attributes":{"operation":"pty.scheduler.stop","route":"/api/pty/scheduler/stop","method":"POST"}}
# {"timestamp":"2026-04-22T14:44:00.265Z","level":"info","service":"my-module","event":"control_center.operation","trace_id":"9c35bab536de4c629901a8985ccb1e33","parent_span_id":"0bb7e0f1f5aa44dc","span_id":"337026fe98724a24","correlation_id":"37fc6b69-b73f-4eae-bce8-3f4869e51915","request_id":"37fc6b69-b73f-4eae-bce8-3f4869e51915","operation":"pty.scheduler.stop","route":"/api/pty/scheduler/stop","method":"POST","duration_ms":0,"message":"ok","pty.scheduler.worker_count":2}
# {"timestamp":"2026-04-22T14:44:00.266Z","level":"info","service":"my-module","event":"metric.counter","name":"pty_scheduler_start_total","delta":1,"total":6,"attributes":{"route":"/api/pty/scheduler/start","method":"POST"}}
# {"timestamp":"2026-04-22T14:44:00.266Z","level":"info","service":"my-module","event":"span.end","trace_id":"70757cf98a864faeaf93498d58321095","span_id":"0aa0b2a32d224100","parent_span_id":"576388ace74a41a5","name":"pty.scheduler.start","duration_ms":1,"status":"ok","attributes":{"http.route":"/api/pty/scheduler/start","http.request.method":"POST","code.function":"createAppHandler","control_center.operation.duration_ms":1,"pty.scheduler.worker_count":2}}
# {"timestamp":"2026-04-22T14:44:00.266Z","level":"info","service":"my-module","event":"metric.histogram","name":"control_center_operation_duration_ms","value":1,"unit":"ms","attributes":{"operation":"pty.scheduler.start","route":"/api/pty/scheduler/start","method":"POST"}}
# {"timestamp":"2026-04-22T14:44:00.266Z","level":"info","service":"my-module","event":"control_center.operation","trace_id":"70757cf98a864faeaf93498d58321095","parent_span_id":"576388ace74a41a5","span_id":"0aa0b2a32d224100","correlation_id":"1232ccc8-a3fb-460c-8af4-511878237e6f","request_id":"1232ccc8-a3fb-460c-8af4-511878237e6f","operation":"pty.scheduler.start","route":"/api/pty/scheduler/start","method":"POST","duration_ms":1,"message":"ok","pty.scheduler.worker_count":2}
# {"timestamp":"2026-04-22T14:44:00.266Z","level":"info","service":"my-module","event":"metric.counter","name":"pty_bridge_send_total","delta":1,"total":23,"attributes":{"route":"/api/pty/send-now","method":"POST","action":"prompt"}}
# {"timestamp":"2026-04-22T14:44:01.652Z","level":"info","service":"my-module","event":"metric.counter","name":"pty_scheduler_stop_total","delta":1,"total":6,"attributes":{"route":"/api/pty/scheduler/stop","method":"POST"}}
# {"timestamp":"2026-04-22T14:44:01.652Z","level":"info","service":"my-module","event":"span.end","trace_id":"6896a850f4214f25a68b1ce74d4e5195","span_id":"5f5b78f78c8f450f","parent_span_id":"acd66ce205b54e4f","name":"pty.scheduler.stop","duration_ms":0,"status":"ok","attributes":{"http.route":"/api/pty/scheduler/stop","http.request.method":"POST","code.function":"createAppHandler","control_center.operation.duration_ms":0,"pty.scheduler.worker_count":2}}
# {"timestamp":"2026-04-22T14:44:01.652Z","level":"info","service":"my-module","event":"metric.histogram","name":"control_center_operation_duration_ms","value":0,"unit":"ms","attributes":{"operation":"pty.scheduler.stop","route":"/api/pty/scheduler/stop","method":"POST"}}
# {"timestamp":"2026-04-22T14:44:01.652Z","level":"info","service":"my-module","event":"control_center.operation","trace_id":"6896a850f4214f25a68b1ce74d4e5195","parent_span_id":"acd66ce205b54e4f","span_id":"5f5b78f78c8f450f","correlation_id":"8a0fbd76-2395-4686-9631-0e63068ae0bd","request_id":"8a0fbd76-2395-4686-9631-0e63068ae0bd","operation":"pty.scheduler.stop","route":"/api/pty/scheduler/stop","method":"POST","duration_ms":0,"message":"ok","pty.scheduler.worker_count":2}
# {"timestamp":"2026-04-22T14:44:01.652Z","level":"info","service":"my-module","event":"metric.counter","name":"pty_scheduler_start_total","delta":1,"total":7,"attributes":{"route":"/api/pty/scheduler/start","method":"POST"}}
# {"timestamp":"2026-04-22T14:44:01.653Z","level":"info","service":"my-module","event":"span.end","trace_id":"8e8d5893122a46e0aee98b524b92b19f","span_id":"011b47a261724c90","parent_span_id":"f964c8a5cee24d83","name":"pty.scheduler.start","duration_ms":1,"status":"ok","attributes":{"http.route":"/api/pty/scheduler/start","http.request.method":"POST","code.function":"createAppHandler","control_center.operation.duration_ms":1,"pty.scheduler.worker_count":2}}
# {"timestamp":"2026-04-22T14:44:01.653Z","level":"info","service":"my-module","event":"metric.histogram","name":"control_center_operation_duration_ms","value":1,"unit":"ms","attributes":{"operation":"pty.scheduler.start","route":"/api/pty/scheduler/start","method":"POST"}}
# {"timestamp":"2026-04-22T14:44:01.653Z","level":"info","service":"my-module","event":"control_center.operation","trace_id":"8e8d5893122a46e0aee98b524b92b19f","parent_span_id":"f964c8a5cee24d83","span_id":"011b47a261724c90","correlation_id":"8ef479be-86f8-48b3-9185-242030c812eb","request_id":"8ef479be-86f8-48b3-9185-242030c812eb","operation":"pty.scheduler.start","route":"/api/pty/scheduler/start","method":"POST","duration_ms":1,"message":"ok","pty.scheduler.worker_count":2}
# {"timestamp":"2026-04-22T14:44:01.653Z","level":"info","service":"my-module","event":"metric.counter","name":"pty_bridge_send_total","delta":1,"total":24,"attributes":{"route":"/api/pty/enter-now","method":"POST","action":"enter"}}
# {"timestamp":"2026-04-22T14:44:01.654Z","level":"info","service":"my-module","event":"metric.counter","name":"pty_bridge_send_total","delta":1,"total":25,"attributes":{"route":"/api/pty/enter-now","method":"POST","action":"enter"}}
# {"timestamp":"2026-04-22T14:44:01.654Z","level":"info","service":"my-module","event":"metric.counter","name":"pty_bridge_send_total","delta":1,"total":26,"attributes":{"route":"/api/pty/send-now","method":"POST","action":"prompt"}}
# {"timestamp":"2026-04-22T14:44:03.119Z","level":"info","service":"my-module","event":"metric.counter","name":"pty_scheduler_stop_total","delta":1,"total":7,"attributes":{"route":"/api/pty/scheduler/stop","method":"POST"}}
# {"timestamp":"2026-04-22T14:44:03.119Z","level":"info","service":"my-module","event":"span.end","trace_id":"7b9cc150bb404136b56772dcfb0b1cae","span_id":"326336e04f054157","parent_span_id":"63bfbbb8533b46c5","name":"pty.scheduler.stop","duration_ms":0,"status":"ok","attributes":{"http.route":"/api/pty/scheduler/stop","http.request.method":"POST","code.function":"createAppHandler","control_center.operation.duration_ms":0,"pty.scheduler.worker_count":2}}
# {"timestamp":"2026-04-22T14:44:03.119Z","level":"info","service":"my-module","event":"metric.histogram","name":"control_center_operation_duration_ms","value":0,"unit":"ms","attributes":{"operation":"pty.scheduler.stop","route":"/api/pty/scheduler/stop","method":"POST"}}
# {"timestamp":"2026-04-22T14:44:03.119Z","level":"info","service":"my-module","event":"control_center.operation","trace_id":"7b9cc150bb404136b56772dcfb0b1cae","parent_span_id":"63bfbbb8533b46c5","span_id":"326336e04f054157","correlation_id":"8df228fc-4789-4f60-9c90-5fdb8a5e6e16","request_id":"8df228fc-4789-4f60-9c90-5fdb8a5e6e16","operation":"pty.scheduler.stop","route":"/api/pty/scheduler/stop","method":"POST","duration_ms":0,"message":"ok","pty.scheduler.worker_count":2}
# {"timestamp":"2026-04-22T14:44:03.120Z","level":"info","service":"my-module","event":"metric.counter","name":"pty_scheduler_start_total","delta":1,"total":8,"attributes":{"route":"/api/pty/scheduler/start","method":"POST"}}
# {"timestamp":"2026-04-22T14:44:03.120Z","level":"info","service":"my-module","event":"span.end","trace_id":"92e167ec1dbb4afdb4317c6f3804533e","span_id":"44bff932ac5b4b56","parent_span_id":"13ab2a6ef9314cbd","name":"pty.scheduler.start","duration_ms":0,"status":"ok","attributes":{"http.route":"/api/pty/scheduler/start","http.request.method":"POST","code.function":"createAppHandler","control_center.operation.duration_ms":0,"pty.scheduler.worker_count":2}}
# {"timestamp":"2026-04-22T14:44:03.120Z","level":"info","service":"my-module","event":"metric.histogram","name":"control_center_operation_duration_ms","value":0,"unit":"ms","attributes":{"operation":"pty.scheduler.start","route":"/api/pty/scheduler/start","method":"POST"}}
# {"timestamp":"2026-04-22T14:44:03.120Z","level":"info","service":"my-module","event":"control_center.operation","trace_id":"92e167ec1dbb4afdb4317c6f3804533e","parent_span_id":"13ab2a6ef9314cbd","span_id":"44bff932ac5b4b56","correlation_id":"ef1d5c5d-ecdd-477a-80e1-37e231b21f62","request_id":"ef1d5c5d-ecdd-477a-80e1-37e231b21f62","operation":"pty.scheduler.start","route":"/api/pty/scheduler/start","method":"POST","duration_ms":0,"message":"ok","pty.scheduler.worker_count":2}
# {"timestamp":"2026-04-22T14:44:03.121Z","level":"info","service":"my-module","event":"metric.counter","name":"pty_bridge_send_total","delta":1,"total":27,"attributes":{"route":"/api/pty/send-now","method":"POST","action":"prompt"}}
# {"timestamp":"2026-04-22T14:44:03.122Z","level":"info","service":"my-module","event":"metric.counter","name":"pty_bridge_send_total","delta":1,"total":28,"attributes":{"route":"/api/pty/enter-now","method":"POST","action":"enter"}}
# {"timestamp":"2026-04-22T14:44:03.123Z","level":"info","service":"my-module","event":"metric.counter","name":"pty_bridge_send_total","delta":1,"total":29,"attributes":{"route":"/api/pty/send-now","method":"POST","action":"prompt"}}
# {"timestamp":"2026-04-22T14:44:03.124Z","level":"info","service":"my-module","event":"metric.counter","name":"pty_bridge_send_total","delta":1,"total":30,"attributes":{"route":"/api/pty/send-now","method":"POST","action":"prompt"}}
# {"timestamp":"2026-04-22T14:44:04.462Z","level":"info","service":"my-module","event":"metric.counter","name":"pty_scheduler_stop_total","delta":1,"total":8,"attributes":{"route":"/api/pty/scheduler/stop","method":"POST"}}
# {"timestamp":"2026-04-22T14:44:04.462Z","level":"info","service":"my-module","event":"span.end","trace_id":"32db87cbc5124f0aa69aaeada08bb13c","span_id":"354d2a1503f14800","parent_span_id":"e50f582a59f54082","name":"pty.scheduler.stop","duration_ms":0,"status":"ok","attributes":{"http.route":"/api/pty/scheduler/stop","http.request.method":"POST","code.function":"createAppHandler","control_center.operation.duration_ms":0,"pty.scheduler.worker_count":2}}
# {"timestamp":"2026-04-22T14:44:04.462Z","level":"info","service":"my-module","event":"metric.histogram","name":"control_center_operation_duration_ms","value":0,"unit":"ms","attributes":{"operation":"pty.scheduler.stop","route":"/api/pty/scheduler/stop","method":"POST"}}
# {"timestamp":"2026-04-22T14:44:04.462Z","level":"info","service":"my-module","event":"control_center.operation","trace_id":"32db87cbc5124f0aa69aaeada08bb13c","parent_span_id":"e50f582a59f54082","span_id":"354d2a1503f14800","correlation_id":"024d45cc-03f7-498c-bea6-b66c7878bde7","request_id":"024d45cc-03f7-498c-bea6-b66c7878bde7","operation":"pty.scheduler.stop","route":"/api/pty/scheduler/stop","method":"POST","duration_ms":0,"message":"ok","pty.scheduler.worker_count":2}
# {"timestamp":"2026-04-22T14:44:04.463Z","level":"info","service":"my-module","event":"metric.counter","name":"pty_scheduler_start_total","delta":1,"total":9,"attributes":{"route":"/api/pty/scheduler/start","method":"POST"}}
# {"timestamp":"2026-04-22T14:44:04.463Z","level":"info","service":"my-module","event":"span.end","trace_id":"2fce700142bd4494ac8fff03d0802093","span_id":"d9233e0876b9407c","parent_span_id":"c1441cfb65334512","name":"pty.scheduler.start","duration_ms":0,"status":"ok","attributes":{"http.route":"/api/pty/scheduler/start","http.request.method":"POST","code.function":"createAppHandler","control_center.operation.duration_ms":0,"pty.scheduler.worker_count":2}}
# {"timestamp":"2026-04-22T14:44:04.463Z","level":"info","service":"my-module","event":"metric.histogram","name":"control_center_operation_duration_ms","value":0,"unit":"ms","attributes":{"operation":"pty.scheduler.start","route":"/api/pty/scheduler/start","method":"POST"}}
# {"timestamp":"2026-04-22T14:44:04.463Z","level":"info","service":"my-module","event":"control_center.operation","trace_id":"2fce700142bd4494ac8fff03d0802093","parent_span_id":"c1441cfb65334512","span_id":"d9233e0876b9407c","correlation_id":"03f0e8bf-69e5-4d63-9df0-bd1144e56c85","request_id":"03f0e8bf-69e5-4d63-9df0-bd1144e56c85","operation":"pty.scheduler.start","route":"/api/pty/scheduler/start","method":"POST","duration_ms":0,"message":"ok","pty.scheduler.worker_count":2}
# {"timestamp":"2026-04-22T14:44:04.467Z","level":"info","service":"my-module","event":"metric.counter","name":"pty_bridge_send_total","delta":1,"total":31,"attributes":{"route":"/api/pty/enter-now","method":"POST","action":"enter"}}
# {"timestamp":"2026-04-22T14:44:04.468Z","level":"info","service":"my-module","event":"metric.counter","name":"pty_bridge_send_total","delta":1,"total":32,"attributes":{"route":"/api/pty/send-now","method":"POST","action":"prompt"}}
# {"timestamp":"2026-04-22T14:44:04.469Z","level":"info","service":"my-module","event":"metric.counter","name":"pty_bridge_send_total","delta":1,"total":33,"attributes":{"route":"/api/pty/enter-now","method":"POST","action":"enter"}}
# {"timestamp":"2026-04-22T14:44:06.666Z","level":"info","service":"my-module","event":"metric.counter","name":"pty_scheduler_stop_total","delta":1,"total":9,"attributes":{"route":"/api/pty/scheduler/stop","method":"POST"}}
# {"timestamp":"2026-04-22T14:44:06.666Z","level":"info","service":"my-module","event":"span.end","trace_id":"187c8a946b8a46739770497bc1331f50","span_id":"3c30f78d7fd647a8","parent_span_id":"97a379031ab9479c","name":"pty.scheduler.stop","duration_ms":0,"status":"ok","attributes":{"http.route":"/api/pty/scheduler/stop","http.request.method":"POST","code.function":"createAppHandler","control_center.operation.duration_ms":0,"pty.scheduler.worker_count":2}}
# {"timestamp":"2026-04-22T14:44:06.666Z","level":"info","service":"my-module","event":"metric.histogram","name":"control_center_operation_duration_ms","value":0,"unit":"ms","attributes":{"operation":"pty.scheduler.stop","route":"/api/pty/scheduler/stop","method":"POST"}}
# {"timestamp":"2026-04-22T14:44:06.666Z","level":"info","service":"my-module","event":"control_center.operation","trace_id":"187c8a946b8a46739770497bc1331f50","parent_span_id":"97a379031ab9479c","span_id":"3c30f78d7fd647a8","correlation_id":"f261983d-3439-4418-93fe-02057708c37f","request_id":"f261983d-3439-4418-93fe-02057708c37f","operation":"pty.scheduler.stop","route":"/api/pty/scheduler/stop","method":"POST","duration_ms":0,"message":"ok","pty.scheduler.worker_count":2}
# {"timestamp":"2026-04-22T14:44:06.668Z","level":"info","service":"my-module","event":"metric.counter","name":"pty_scheduler_start_total","delta":1,"total":10,"attributes":{"route":"/api/pty/scheduler/start","method":"POST"}}
# {"timestamp":"2026-04-22T14:44:06.668Z","level":"info","service":"my-module","event":"span.end","trace_id":"7c24881c61b8444d974089deb4fac9a7","span_id":"c471eb2742e04c4a","parent_span_id":"f660821cb74d48ee","name":"pty.scheduler.start","duration_ms":0,"status":"ok","attributes":{"http.route":"/api/pty/scheduler/start","http.request.method":"POST","code.function":"createAppHandler","control_center.operation.duration_ms":0,"pty.scheduler.worker_count":2}}
# {"timestamp":"2026-04-22T14:44:06.668Z","level":"info","service":"my-module","event":"metric.histogram","name":"control_center_operation_duration_ms","value":0,"unit":"ms","attributes":{"operation":"pty.scheduler.start","route":"/api/pty/scheduler/start","method":"POST"}}
# {"timestamp":"2026-04-22T14:44:06.668Z","level":"info","service":"my-module","event":"control_center.operation","trace_id":"7c24881c61b8444d974089deb4fac9a7","parent_span_id":"f660821cb74d48ee","span_id":"c471eb2742e04c4a","correlation_id":"849fc23f-47df-4a24-82b7-6108e888e7d7","request_id":"849fc23f-47df-4a24-82b7-6108e888e7d7","operation":"pty.scheduler.start","route":"/api/pty/scheduler/start","method":"POST","duration_ms":0,"message":"ok","pty.scheduler.worker_count":2}
# {"timestamp":"2026-04-22T14:44:06.669Z","level":"info","service":"my-module","event":"metric.counter","name":"pty_bridge_send_total","delta":1,"total":34,"attributes":{"route":"/api/pty/send-now","method":"POST","action":"prompt"}}
# {"timestamp":"2026-04-22T14:44:06.669Z","level":"info","service":"my-module","event":"metric.counter","name":"pty_bridge_send_total","delta":1,"total":35,"attributes":{"route":"/api/pty/send-now","method":"POST","action":"prompt"}}
# {"timestamp":"2026-04-22T14:44:06.670Z","level":"info","service":"my-module","event":"metric.counter","name":"pty_bridge_send_total","delta":1,"total":36,"attributes":{"route":"/api/pty/send-now","method":"POST","action":"prompt"}}
# {"timestamp":"2026-04-22T14:44:06.671Z","level":"info","service":"my-module","event":"metric.counter","name":"pty_bridge_send_total","delta":1,"total":37,"attributes":{"route":"/api/pty/send-now","method":"POST","action":"prompt"}}
# {"timestamp":"2026-04-22T14:44:06.671Z","level":"info","service":"my-module","event":"metric.counter","name":"pty_bridge_send_total","delta":1,"total":38,"attributes":{"route":"/api/pty/send-now","method":"POST","action":"prompt"}}
# {"timestamp":"2026-04-22T14:44:06.672Z","level":"info","service":"my-module","event":"metric.counter","name":"pty_bridge_send_total","delta":1,"total":39,"attributes":{"route":"/api/pty/send-now","method":"POST","action":"prompt"}}
# {"timestamp":"2026-04-22T14:44:07.715Z","level":"info","service":"my-module","event":"metric.counter","name":"pty_scheduler_stop_total","delta":1,"total":10,"attributes":{"route":"/api/pty/scheduler/stop","method":"POST"}}
# {"timestamp":"2026-04-22T14:44:07.716Z","level":"info","service":"my-module","event":"span.end","trace_id":"4eaf939ad0764cdd80db71e45d6139fa","span_id":"c7d87c3c287845e8","parent_span_id":"3928cc2e0eec4c3f","name":"pty.scheduler.stop","duration_ms":1,"status":"ok","attributes":{"http.route":"/api/pty/scheduler/stop","http.request.method":"POST","code.function":"createAppHandler","control_center.operation.duration_ms":1,"pty.scheduler.worker_count":2}}
# {"timestamp":"2026-04-22T14:44:07.716Z","level":"info","service":"my-module","event":"metric.histogram","name":"control_center_operation_duration_ms","value":1,"unit":"ms","attributes":{"operation":"pty.scheduler.stop","route":"/api/pty/scheduler/stop","method":"POST"}}
# {"timestamp":"2026-04-22T14:44:07.716Z","level":"info","service":"my-module","event":"control_center.operation","trace_id":"4eaf939ad0764cdd80db71e45d6139fa","parent_span_id":"3928cc2e0eec4c3f","span_id":"c7d87c3c287845e8","correlation_id":"901103cc-ee90-4d52-963f-762d3b0bd10f","request_id":"901103cc-ee90-4d52-963f-762d3b0bd10f","operation":"pty.scheduler.stop","route":"/api/pty/scheduler/stop","method":"POST","duration_ms":1,"message":"ok","pty.scheduler.worker_count":2}
# {"timestamp":"2026-04-22T14:44:07.716Z","level":"info","service":"my-module","event":"metric.counter","name":"pty_scheduler_start_total","delta":1,"total":11,"attributes":{"route":"/api/pty/scheduler/start","method":"POST"}}
# {"timestamp":"2026-04-22T14:44:07.716Z","level":"info","service":"my-module","event":"span.end","trace_id":"960f1fede03745f4a3cff40e5a6e5f43","span_id":"0dcddc1133054870","parent_span_id":"44d26bd35f794e43","name":"pty.scheduler.start","duration_ms":0,"status":"ok","attributes":{"http.route":"/api/pty/scheduler/start","http.request.method":"POST","code.function":"createAppHandler","control_center.operation.duration_ms":0,"pty.scheduler.worker_count":2}}
# {"timestamp":"2026-04-22T14:44:07.716Z","level":"info","service":"my-module","event":"metric.histogram","name":"control_center_operation_duration_ms","value":0,"unit":"ms","attributes":{"operation":"pty.scheduler.start","route":"/api/pty/scheduler/start","method":"POST"}}
# {"timestamp":"2026-04-22T14:44:07.716Z","level":"info","service":"my-module","event":"control_center.operation","trace_id":"960f1fede03745f4a3cff40e5a6e5f43","parent_span_id":"44d26bd35f794e43","span_id":"0dcddc1133054870","correlation_id":"d8a4830d-c028-49d5-be32-599aef666b44","request_id":"d8a4830d-c028-49d5-be32-599aef666b44","operation":"pty.scheduler.start","route":"/api/pty/scheduler/start","method":"POST","duration_ms":0,"message":"ok","pty.scheduler.worker_count":2}
# {"timestamp":"2026-04-22T14:44:07.717Z","level":"info","service":"my-module","event":"metric.counter","name":"pty_bridge_send_total","delta":1,"total":40,"attributes":{"route":"/api/pty/send-now","method":"POST","action":"prompt"}}
# {"timestamp":"2026-04-22T14:44:07.718Z","level":"info","service":"my-module","event":"metric.counter","name":"pty_bridge_send_total","delta":1,"total":41,"attributes":{"route":"/api/pty/enter-now","method":"POST","action":"enter"}}
# {"timestamp":"2026-04-22T14:44:07.718Z","level":"info","service":"my-module","event":"metric.counter","name":"pty_bridge_send_total","delta":1,"total":42,"attributes":{"route":"/api/pty/send-now","method":"POST","action":"prompt"}}
# {"timestamp":"2026-04-22T14:44:07.719Z","level":"info","service":"my-module","event":"metric.counter","name":"pty_bridge_send_total","delta":1,"total":43,"attributes":{"route":"/api/pty/send-now","method":"POST","action":"prompt"}}
# {"timestamp":"2026-04-22T14:44:07.719Z","level":"info","service":"my-module","event":"metric.counter","name":"pty_bridge_send_total","delta":1,"total":44,"attributes":{"route":"/api/pty/send-now","method":"POST","action":"prompt"}}
# {"timestamp":"2026-04-22T14:44:07.720Z","level":"info","service":"my-module","event":"metric.counter","name":"pty_bridge_send_total","delta":1,"total":45,"attributes":{"route":"/api/pty/enter-now","method":"POST","action":"enter"}}
# {"timestamp":"2026-04-22T14:44:08.761Z","level":"info","service":"my-module","event":"metric.counter","name":"pty_scheduler_stop_total","delta":1,"total":11,"attributes":{"route":"/api/pty/scheduler/stop","method":"POST"}}
# {"timestamp":"2026-04-22T14:44:08.761Z","level":"info","service":"my-module","event":"span.end","trace_id":"a073295053ca4ba295dd7fdc480bbb5e","span_id":"73be5d2b14994698","parent_span_id":"eafadce6398d48b9","name":"pty.scheduler.stop","duration_ms":0,"status":"ok","attributes":{"http.route":"/api/pty/scheduler/stop","http.request.method":"POST","code.function":"createAppHandler","control_center.operation.duration_ms":0,"pty.scheduler.worker_count":2}}
# {"timestamp":"2026-04-22T14:44:08.761Z","level":"info","service":"my-module","event":"metric.histogram","name":"control_center_operation_duration_ms","value":0,"unit":"ms","attributes":{"operation":"pty.scheduler.stop","route":"/api/pty/scheduler/stop","method":"POST"}}
# {"timestamp":"2026-04-22T14:44:08.761Z","level":"info","service":"my-module","event":"control_center.operation","trace_id":"a073295053ca4ba295dd7fdc480bbb5e","parent_span_id":"eafadce6398d48b9","span_id":"73be5d2b14994698","correlation_id":"091462e8-44a5-421e-adf9-e3d73d0f45b6","request_id":"091462e8-44a5-421e-adf9-e3d73d0f45b6","operation":"pty.scheduler.stop","route":"/api/pty/scheduler/stop","method":"POST","duration_ms":0,"message":"ok","pty.scheduler.worker_count":2}
# {"timestamp":"2026-04-22T14:44:08.762Z","level":"info","service":"my-module","event":"metric.counter","name":"pty_scheduler_start_total","delta":1,"total":12,"attributes":{"route":"/api/pty/scheduler/start","method":"POST"}}
# {"timestamp":"2026-04-22T14:44:08.762Z","level":"info","service":"my-module","event":"span.end","trace_id":"f7b217817d6f44cd801873c45f6597a9","span_id":"ec82c93c31834d40","parent_span_id":"b20c869cbb414f45","name":"pty.scheduler.start","duration_ms":0,"status":"ok","attributes":{"http.route":"/api/pty/scheduler/start","http.request.method":"POST","code.function":"createAppHandler","control_center.operation.duration_ms":0,"pty.scheduler.worker_count":2}}
# {"timestamp":"2026-04-22T14:44:08.762Z","level":"info","service":"my-module","event":"metric.histogram","name":"control_center_operation_duration_ms","value":0,"unit":"ms","attributes":{"operation":"pty.scheduler.start","route":"/api/pty/scheduler/start","method":"POST"}}
# {"timestamp":"2026-04-22T14:44:08.762Z","level":"info","service":"my-module","event":"control_center.operation","trace_id":"f7b217817d6f44cd801873c45f6597a9","parent_span_id":"b20c869cbb414f45","span_id":"ec82c93c31834d40","correlation_id":"23cb96ac-7691-48ec-8e1b-1c237e6b4c37","request_id":"23cb96ac-7691-48ec-8e1b-1c237e6b4c37","operation":"pty.scheduler.start","route":"/api/pty/scheduler/start","method":"POST","duration_ms":0,"message":"ok","pty.scheduler.worker_count":2}
# {"timestamp":"2026-04-22T14:44:08.763Z","level":"info","service":"my-module","event":"metric.counter","name":"pty_bridge_send_total","delta":1,"total":46,"attributes":{"route":"/api/pty/send-now","method":"POST","action":"prompt"}}
# {"timestamp":"2026-04-22T14:44:08.763Z","level":"info","service":"my-module","event":"metric.counter","name":"pty_bridge_send_total","delta":1,"total":47,"attributes":{"route":"/api/pty/enter-now","method":"POST","action":"enter"}}
# {"timestamp":"2026-04-22T14:44:08.764Z","level":"info","service":"my-module","event":"metric.counter","name":"pty_bridge_send_total","delta":1,"total":48,"attributes":{"route":"/api/pty/send-now","method":"POST","action":"prompt"}}
# {"timestamp":"2026-04-22T14:44:08.765Z","level":"info","service":"my-module","event":"metric.counter","name":"pty_bridge_send_total","delta":1,"total":49,"attributes":{"route":"/api/pty/send-now","method":"POST","action":"prompt"}}
# {"timestamp":"2026-04-22T14:44:08.765Z","level":"info","service":"my-module","event":"metric.counter","name":"pty_bridge_send_total","delta":1,"total":50,"attributes":{"route":"/api/pty/send-now","method":"POST","action":"prompt"}}
# {"timestamp":"2026-04-22T14:44:10.039Z","level":"info","service":"my-module","event":"metric.counter","name":"pty_scheduler_stop_total","delta":1,"total":12,"attributes":{"route":"/api/pty/scheduler/stop","method":"POST"}}
# {"timestamp":"2026-04-22T14:44:10.039Z","level":"info","service":"my-module","event":"span.end","trace_id":"059553f72a3c4208b1a9bff6ea3256d6","span_id":"1af5d7781b2a4d14","parent_span_id":"5e5fdaafe49845a4","name":"pty.scheduler.stop","duration_ms":0,"status":"ok","attributes":{"http.route":"/api/pty/scheduler/stop","http.request.method":"POST","code.function":"createAppHandler","control_center.operation.duration_ms":0,"pty.scheduler.worker_count":2}}
# {"timestamp":"2026-04-22T14:44:10.039Z","level":"info","service":"my-module","event":"metric.histogram","name":"control_center_operation_duration_ms","value":0,"unit":"ms","attributes":{"operation":"pty.scheduler.stop","route":"/api/pty/scheduler/stop","method":"POST"}}
# {"timestamp":"2026-04-22T14:44:10.039Z","level":"info","service":"my-module","event":"control_center.operation","trace_id":"059553f72a3c4208b1a9bff6ea3256d6","parent_span_id":"5e5fdaafe49845a4","span_id":"1af5d7781b2a4d14","correlation_id":"3552c67e-e343-4106-b0d5-f246b3f4c540","request_id":"3552c67e-e343-4106-b0d5-f246b3f4c540","operation":"pty.scheduler.stop","route":"/api/pty/scheduler/stop","method":"POST","duration_ms":0,"message":"ok","pty.scheduler.worker_count":2}
# {"timestamp":"2026-04-22T14:44:10.040Z","level":"warn","service":"my-module","event":"server.draining","reason":"test","drain_started_at":"2026-04-22T14:44:10.040Z"}
# Subtest: [property] scheduler current activity follows the last successful targeted worker across valid action sequences
ok 130 - [property] scheduler current activity follows the last successful targeted worker across valid action sequences
  ---
  duration_ms: 18930.789181
  type: 'test'
  ...
# {"timestamp":"2026-04-22T14:44:10.044Z","level":"info","service":"my-module","event":"metric.counter","name":"pty_bridge_sessions_read_total","delta":1,"total":2,"attributes":{"route":"/api/pty/sessions","method":"GET"}}
# {"timestamp":"2026-04-22T14:44:10.044Z","level":"info","service":"my-module","event":"span.end","trace_id":"864739d26b634e678a0ce6cfa4610b84","span_id":"80db91ac3ce44dd3","parent_span_id":"55f3917ad6b54140","name":"pty.bridge.sessions","duration_ms":0,"status":"ok","attributes":{"http.route":"/api/pty/sessions","http.request.method":"GET","code.function":"createAppHandler","control_center.operation.duration_ms":0,"pty.session.count":1}}
# {"timestamp":"2026-04-22T14:44:10.044Z","level":"info","service":"my-module","event":"metric.histogram","name":"control_center_operation_duration_ms","value":0,"unit":"ms","attributes":{"operation":"pty.bridge.sessions","route":"/api/pty/sessions","method":"GET"}}
# {"timestamp":"2026-04-22T14:44:10.044Z","level":"info","service":"my-module","event":"control_center.operation","trace_id":"864739d26b634e678a0ce6cfa4610b84","parent_span_id":"55f3917ad6b54140","span_id":"80db91ac3ce44dd3","correlation_id":"c44f61b8-7a5a-4a19-b5bb-92bdac0d4dc6","request_id":"c44f61b8-7a5a-4a19-b5bb-92bdac0d4dc6","operation":"pty.bridge.sessions","route":"/api/pty/sessions","method":"GET","duration_ms":0,"message":"ok","pty.session.count":1}
# {"timestamp":"2026-04-22T14:44:10.046Z","level":"info","service":"my-module","event":"metric.counter","name":"pty_scheduler_start_total","delta":1,"total":13,"attributes":{"route":"/api/pty/scheduler/start","method":"POST"}}
# {"timestamp":"2026-04-22T14:44:10.046Z","level":"info","service":"my-module","event":"span.end","trace_id":"38831dc9ee974acd98c9581c49025c0c","span_id":"88b37bbc53f746f1","parent_span_id":"499a56d4014a48c3","name":"pty.scheduler.start","duration_ms":0,"status":"ok","attributes":{"http.route":"/api/pty/scheduler/start","http.request.method":"POST","code.function":"createAppHandler","control_center.operation.duration_ms":0,"pty.scheduler.worker_count":2}}
# {"timestamp":"2026-04-22T14:44:10.046Z","level":"info","service":"my-module","event":"metric.histogram","name":"control_center_operation_duration_ms","value":0,"unit":"ms","attributes":{"operation":"pty.scheduler.start","route":"/api/pty/scheduler/start","method":"POST"}}
# {"timestamp":"2026-04-22T14:44:10.046Z","level":"info","service":"my-module","event":"control_center.operation","trace_id":"38831dc9ee974acd98c9581c49025c0c","parent_span_id":"499a56d4014a48c3","span_id":"88b37bbc53f746f1","correlation_id":"e37dfb1d-a020-4e69-adb7-a30198963a9e","request_id":"e37dfb1d-a020-4e69-adb7-a30198963a9e","operation":"pty.scheduler.start","route":"/api/pty/scheduler/start","method":"POST","duration_ms":0,"message":"ok","pty.scheduler.worker_count":2}
# {"timestamp":"2026-04-22T14:44:10.046Z","level":"info","service":"my-module","event":"metric.counter","name":"pty_bridge_send_total","delta":1,"total":51,"attributes":{"route":"/api/pty/send-now","method":"POST","action":"prompt"}}
# {"timestamp":"2026-04-22T14:44:10.047Z","level":"info","service":"my-module","event":"metric.counter","name":"pty_bridge_failures_total","delta":1,"total":1,"attributes":{"route":"/api/pty/send-now","method":"POST","reason":"scheduler_send_now_failed"}}
# {"timestamp":"2026-04-22T14:44:10.048Z","level":"info","service":"my-module","event":"metric.counter","name":"pty_bridge_failures_total","delta":1,"total":2,"attributes":{"route":"/api/pty/enter-now","method":"POST","reason":"scheduler_enter_now_failed"}}
# {"timestamp":"2026-04-22T14:44:11.125Z","level":"info","service":"my-module","event":"metric.counter","name":"pty_scheduler_stop_total","delta":1,"total":13,"attributes":{"route":"/api/pty/scheduler/stop","method":"POST"}}
# {"timestamp":"2026-04-22T14:44:11.125Z","level":"info","service":"my-module","event":"span.end","trace_id":"928713cf9db447b1bd9c840301237c81","span_id":"3909b9cfbec84623","parent_span_id":"e0f5c2a2fa6e4c5c","name":"pty.scheduler.stop","duration_ms":0,"status":"ok","attributes":{"http.route":"/api/pty/scheduler/stop","http.request.method":"POST","code.function":"createAppHandler","control_center.operation.duration_ms":0,"pty.scheduler.worker_count":2}}
# {"timestamp":"2026-04-22T14:44:11.125Z","level":"info","service":"my-module","event":"metric.histogram","name":"control_center_operation_duration_ms","value":0,"unit":"ms","attributes":{"operation":"pty.scheduler.stop","route":"/api/pty/scheduler/stop","method":"POST"}}
# {"timestamp":"2026-04-22T14:44:11.125Z","level":"info","service":"my-module","event":"control_center.operation","trace_id":"928713cf9db447b1bd9c840301237c81","parent_span_id":"e0f5c2a2fa6e4c5c","span_id":"3909b9cfbec84623","correlation_id":"191e11f8-7e62-447c-b0d1-9dfe4b75abd5","request_id":"191e11f8-7e62-447c-b0d1-9dfe4b75abd5","operation":"pty.scheduler.stop","route":"/api/pty/scheduler/stop","method":"POST","duration_ms":0,"message":"ok","pty.scheduler.worker_count":2}
# {"timestamp":"2026-04-22T14:44:11.126Z","level":"info","service":"my-module","event":"metric.counter","name":"pty_scheduler_start_total","delta":1,"total":14,"attributes":{"route":"/api/pty/scheduler/start","method":"POST"}}
# {"timestamp":"2026-04-22T14:44:11.126Z","level":"info","service":"my-module","event":"span.end","trace_id":"df73667c45f94ee884394122a88e1c5b","span_id":"d886a028d94b4f93","parent_span_id":"b669d370ca9846ab","name":"pty.scheduler.start","duration_ms":0,"status":"ok","attributes":{"http.route":"/api/pty/scheduler/start","http.request.method":"POST","code.function":"createAppHandler","control_center.operation.duration_ms":0,"pty.scheduler.worker_count":2}}
# {"timestamp":"2026-04-22T14:44:11.126Z","level":"info","service":"my-module","event":"metric.histogram","name":"control_center_operation_duration_ms","value":0,"unit":"ms","attributes":{"operation":"pty.scheduler.start","route":"/api/pty/scheduler/start","method":"POST"}}
# {"timestamp":"2026-04-22T14:44:11.126Z","level":"info","service":"my-module","event":"control_center.operation","trace_id":"df73667c45f94ee884394122a88e1c5b","parent_span_id":"b669d370ca9846ab","span_id":"d886a028d94b4f93","correlation_id":"8d9b3cdd-72f1-417e-ae2b-31499328ff48","request_id":"8d9b3cdd-72f1-417e-ae2b-31499328ff48","operation":"pty.scheduler.start","route":"/api/pty/scheduler/start","method":"POST","duration_ms":0,"message":"ok","pty.scheduler.worker_count":2}
# {"timestamp":"2026-04-22T14:44:11.126Z","level":"info","service":"my-module","event":"metric.counter","name":"pty_bridge_failures_total","delta":1,"total":3,"attributes":{"route":"/api/pty/send-now","method":"POST","reason":"scheduler_send_now_failed"}}
# {"timestamp":"2026-04-22T14:44:11.127Z","level":"info","service":"my-module","event":"metric.counter","name":"pty_bridge_send_total","delta":1,"total":52,"attributes":{"route":"/api/pty/send-now","method":"POST","action":"prompt"}}
# {"timestamp":"2026-04-22T14:44:12.164Z","level":"info","service":"my-module","event":"metric.counter","name":"pty_scheduler_stop_total","delta":1,"total":14,"attributes":{"route":"/api/pty/scheduler/stop","method":"POST"}}
# {"timestamp":"2026-04-22T14:44:12.164Z","level":"info","service":"my-module","event":"span.end","trace_id":"c63373f3d6714faeb49306447cc680b7","span_id":"e44520718604434a","parent_span_id":"b971826fe9484639","name":"pty.scheduler.stop","duration_ms":0,"status":"ok","attributes":{"http.route":"/api/pty/scheduler/stop","http.request.method":"POST","code.function":"createAppHandler","control_center.operation.duration_ms":0,"pty.scheduler.worker_count":2}}
# {"timestamp":"2026-04-22T14:44:12.164Z","level":"info","service":"my-module","event":"metric.histogram","name":"control_center_operation_duration_ms","value":0,"unit":"ms","attributes":{"operation":"pty.scheduler.stop","route":"/api/pty/scheduler/stop","method":"POST"}}
# {"timestamp":"2026-04-22T14:44:12.164Z","level":"info","service":"my-module","event":"control_center.operation","trace_id":"c63373f3d6714faeb49306447cc680b7","parent_span_id":"b971826fe9484639","span_id":"e44520718604434a","correlation_id":"c5d401eb-14ab-4a0a-8eda-890d2d174340","request_id":"c5d401eb-14ab-4a0a-8eda-890d2d174340","operation":"pty.scheduler.stop","route":"/api/pty/scheduler/stop","method":"POST","duration_ms":0,"message":"ok","pty.scheduler.worker_count":2}
# {"timestamp":"2026-04-22T14:44:12.165Z","level":"info","service":"my-module","event":"metric.counter","name":"pty_scheduler_start_total","delta":1,"total":15,"attributes":{"route":"/api/pty/scheduler/start","method":"POST"}}
# {"timestamp":"2026-04-22T14:44:12.165Z","level":"info","service":"my-module","event":"span.end","trace_id":"35ddf7d48d9041fa8e456b0dcbaa0b4f","span_id":"32d8c38600c74f31","parent_span_id":"9464456ce9b24f54","name":"pty.scheduler.start","duration_ms":0,"status":"ok","attributes":{"http.route":"/api/pty/scheduler/start","http.request.method":"POST","code.function":"createAppHandler","control_center.operation.duration_ms":0,"pty.scheduler.worker_count":2}}
# {"timestamp":"2026-04-22T14:44:12.165Z","level":"info","service":"my-module","event":"metric.histogram","name":"control_center_operation_duration_ms","value":0,"unit":"ms","attributes":{"operation":"pty.scheduler.start","route":"/api/pty/scheduler/start","method":"POST"}}
# {"timestamp":"2026-04-22T14:44:12.165Z","level":"info","service":"my-module","event":"control_center.operation","trace_id":"35ddf7d48d9041fa8e456b0dcbaa0b4f","parent_span_id":"9464456ce9b24f54","span_id":"32d8c38600c74f31","correlation_id":"50b2e0ef-fe76-44eb-88e1-2add6d8e1f30","request_id":"50b2e0ef-fe76-44eb-88e1-2add6d8e1f30","operation":"pty.scheduler.start","route":"/api/pty/scheduler/start","method":"POST","duration_ms":0,"message":"ok","pty.scheduler.worker_count":2}
# {"timestamp":"2026-04-22T14:44:12.166Z","level":"info","service":"my-module","event":"metric.counter","name":"pty_bridge_failures_total","delta":1,"total":4,"attributes":{"route":"/api/pty/send-now","method":"POST","reason":"scheduler_send_now_failed"}}
# {"timestamp":"2026-04-22T14:44:12.167Z","level":"info","service":"my-module","event":"metric.counter","name":"pty_bridge_failures_total","delta":1,"total":5,"attributes":{"route":"/api/pty/enter-now","method":"POST","reason":"scheduler_enter_now_failed"}}
# {"timestamp":"2026-04-22T14:44:12.169Z","level":"info","service":"my-module","event":"metric.counter","name":"pty_bridge_failures_total","delta":1,"total":6,"attributes":{"route":"/api/pty/send-now","method":"POST","reason":"scheduler_send_now_failed"}}
# {"timestamp":"2026-04-22T14:44:12.170Z","level":"info","service":"my-module","event":"metric.counter","name":"pty_bridge_failures_total","delta":1,"total":7,"attributes":{"route":"/api/pty/send-now","method":"POST","reason":"scheduler_send_now_failed"}}
# {"timestamp":"2026-04-22T14:44:12.170Z","level":"info","service":"my-module","event":"metric.counter","name":"pty_bridge_failures_total","delta":1,"total":8,"attributes":{"route":"/api/pty/send-now","method":"POST","reason":"scheduler_send_now_failed"}}
# {"timestamp":"2026-04-22T14:44:12.171Z","level":"info","service":"my-module","event":"metric.counter","name":"pty_bridge_send_total","delta":1,"total":53,"attributes":{"route":"/api/pty/enter-now","method":"POST","action":"enter"}}
# {"timestamp":"2026-04-22T14:44:13.199Z","level":"info","service":"my-module","event":"metric.counter","name":"pty_scheduler_stop_total","delta":1,"total":15,"attributes":{"route":"/api/pty/scheduler/stop","method":"POST"}}
# {"timestamp":"2026-04-22T14:44:13.199Z","level":"info","service":"my-module","event":"span.end","trace_id":"e3422571727b4fe8965d40726bba49e6","span_id":"988985f8715b4581","parent_span_id":"ee52b393d8084cb9","name":"pty.scheduler.stop","duration_ms":0,"status":"ok","attributes":{"http.route":"/api/pty/scheduler/stop","http.request.method":"POST","code.function":"createAppHandler","control_center.operation.duration_ms":0,"pty.scheduler.worker_count":2}}
# {"timestamp":"2026-04-22T14:44:13.199Z","level":"info","service":"my-module","event":"metric.histogram","name":"control_center_operation_duration_ms","value":0,"unit":"ms","attributes":{"operation":"pty.scheduler.stop","route":"/api/pty/scheduler/stop","method":"POST"}}
# {"timestamp":"2026-04-22T14:44:13.199Z","level":"info","service":"my-module","event":"control_center.operation","trace_id":"e3422571727b4fe8965d40726bba49e6","parent_span_id":"ee52b393d8084cb9","span_id":"988985f8715b4581","correlation_id":"8189f805-6d5f-47db-9ec1-98337ae25de4","request_id":"8189f805-6d5f-47db-9ec1-98337ae25de4","operation":"pty.scheduler.stop","route":"/api/pty/scheduler/stop","method":"POST","duration_ms":0,"message":"ok","pty.scheduler.worker_count":2}
# {"timestamp":"2026-04-22T14:44:13.200Z","level":"info","service":"my-module","event":"metric.counter","name":"pty_scheduler_start_total","delta":1,"total":16,"attributes":{"route":"/api/pty/scheduler/start","method":"POST"}}
# {"timestamp":"2026-04-22T14:44:13.200Z","level":"info","service":"my-module","event":"span.end","trace_id":"4bd10bbde59646098cafa11396fe03d3","span_id":"2f5de81d603a44a3","parent_span_id":"d59a4889de8a4fa6","name":"pty.scheduler.start","duration_ms":0,"status":"ok","attributes":{"http.route":"/api/pty/scheduler/start","http.request.method":"POST","code.function":"createAppHandler","control_center.operation.duration_ms":0,"pty.scheduler.worker_count":2}}
# {"timestamp":"2026-04-22T14:44:13.200Z","level":"info","service":"my-module","event":"metric.histogram","name":"control_center_operation_duration_ms","value":0,"unit":"ms","attributes":{"operation":"pty.scheduler.start","route":"/api/pty/scheduler/start","method":"POST"}}
# {"timestamp":"2026-04-22T14:44:13.200Z","level":"info","service":"my-module","event":"control_center.operation","trace_id":"4bd10bbde59646098cafa11396fe03d3","parent_span_id":"d59a4889de8a4fa6","span_id":"2f5de81d603a44a3","correlation_id":"fa73b642-9bbd-4697-aeb5-7e348b4ec40b","request_id":"fa73b642-9bbd-4697-aeb5-7e348b4ec40b","operation":"pty.scheduler.start","route":"/api/pty/scheduler/start","method":"POST","duration_ms":0,"message":"ok","pty.scheduler.worker_count":2}
# {"timestamp":"2026-04-22T14:44:13.201Z","level":"info","service":"my-module","event":"metric.counter","name":"pty_bridge_failures_total","delta":1,"total":9,"attributes":{"route":"/api/pty/enter-now","method":"POST","reason":"scheduler_enter_now_failed"}}
# {"timestamp":"2026-04-22T14:44:13.202Z","level":"info","service":"my-module","event":"metric.counter","name":"pty_bridge_failures_total","delta":1,"total":10,"attributes":{"route":"/api/pty/send-now","method":"POST","reason":"scheduler_send_now_failed"}}
# {"timestamp":"2026-04-22T14:44:13.203Z","level":"info","service":"my-module","event":"metric.counter","name":"pty_bridge_failures_total","delta":1,"total":11,"attributes":{"route":"/api/pty/send-now","method":"POST","reason":"scheduler_send_now_failed"}}
# {"timestamp":"2026-04-22T14:44:13.204Z","level":"info","service":"my-module","event":"metric.counter","name":"pty_bridge_send_total","delta":1,"total":54,"attributes":{"route":"/api/pty/enter-now","method":"POST","action":"enter"}}
# {"timestamp":"2026-04-22T14:44:13.205Z","level":"info","service":"my-module","event":"metric.counter","name":"pty_bridge_failures_total","delta":1,"total":12,"attributes":{"route":"/api/pty/send-now","method":"POST","reason":"scheduler_send_now_failed"}}
# {"timestamp":"2026-04-22T14:44:14.240Z","level":"info","service":"my-module","event":"metric.counter","name":"pty_scheduler_stop_total","delta":1,"total":16,"attributes":{"route":"/api/pty/scheduler/stop","method":"POST"}}
# {"timestamp":"2026-04-22T14:44:14.240Z","level":"info","service":"my-module","event":"span.end","trace_id":"851206758e1a4b818e098d028e83663e","span_id":"c9546eb0d1524c62","parent_span_id":"15da116fc875477b","name":"pty.scheduler.stop","duration_ms":0,"status":"ok","attributes":{"http.route":"/api/pty/scheduler/stop","http.request.method":"POST","code.function":"createAppHandler","control_center.operation.duration_ms":0,"pty.scheduler.worker_count":2}}
# {"timestamp":"2026-04-22T14:44:14.240Z","level":"info","service":"my-module","event":"metric.histogram","name":"control_center_operation_duration_ms","value":0,"unit":"ms","attributes":{"operation":"pty.scheduler.stop","route":"/api/pty/scheduler/stop","method":"POST"}}
# {"timestamp":"2026-04-22T14:44:14.240Z","level":"info","service":"my-module","event":"control_center.operation","trace_id":"851206758e1a4b818e098d028e83663e","parent_span_id":"15da116fc875477b","span_id":"c9546eb0d1524c62","correlation_id":"8ee6af47-f9bb-4712-a887-b28f0dd97999","request_id":"8ee6af47-f9bb-4712-a887-b28f0dd97999","operation":"pty.scheduler.stop","route":"/api/pty/scheduler/stop","method":"POST","duration_ms":0,"message":"ok","pty.scheduler.worker_count":2}
# {"timestamp":"2026-04-22T14:44:14.241Z","level":"info","service":"my-module","event":"metric.counter","name":"pty_scheduler_start_total","delta":1,"total":17,"attributes":{"route":"/api/pty/scheduler/start","method":"POST"}}
# {"timestamp":"2026-04-22T14:44:14.241Z","level":"info","service":"my-module","event":"span.end","trace_id":"2d2815a489e84ef2919b168a883b420d","span_id":"e5b424c4934d4613","parent_span_id":"611faa9766dc4481","name":"pty.scheduler.start","duration_ms":0,"status":"ok","attributes":{"http.route":"/api/pty/scheduler/start","http.request.method":"POST","code.function":"createAppHandler","control_center.operation.duration_ms":0,"pty.scheduler.worker_count":2}}
# {"timestamp":"2026-04-22T14:44:14.241Z","level":"info","service":"my-module","event":"metric.histogram","name":"control_center_operation_duration_ms","value":0,"unit":"ms","attributes":{"operation":"pty.scheduler.start","route":"/api/pty/scheduler/start","method":"POST"}}
# {"timestamp":"2026-04-22T14:44:14.241Z","level":"info","service":"my-module","event":"control_center.operation","trace_id":"2d2815a489e84ef2919b168a883b420d","parent_span_id":"611faa9766dc4481","span_id":"e5b424c4934d4613","correlation_id":"fa8f70bc-1842-4208-b4d3-d02154dcc1f2","request_id":"fa8f70bc-1842-4208-b4d3-d02154dcc1f2","operation":"pty.scheduler.start","route":"/api/pty/scheduler/start","method":"POST","duration_ms":0,"message":"ok","pty.scheduler.worker_count":2}
# {"timestamp":"2026-04-22T14:44:14.241Z","level":"info","service":"my-module","event":"metric.counter","name":"pty_bridge_failures_total","delta":1,"total":13,"attributes":{"route":"/api/pty/send-now","method":"POST","reason":"scheduler_send_now_failed"}}
# {"timestamp":"2026-04-22T14:44:14.243Z","level":"info","service":"my-module","event":"metric.counter","name":"pty_bridge_send_total","delta":1,"total":55,"attributes":{"route":"/api/pty/send-now","method":"POST","action":"prompt"}}
# {"timestamp":"2026-04-22T14:44:14.244Z","level":"info","service":"my-module","event":"metric.counter","name":"pty_bridge_failures_total","delta":1,"total":14,"attributes":{"route":"/api/pty/send-now","method":"POST","reason":"scheduler_send_now_failed"}}
# {"timestamp":"2026-04-22T14:44:14.245Z","level":"info","service":"my-module","event":"metric.counter","name":"pty_bridge_failures_total","delta":1,"total":15,"attributes":{"route":"/api/pty/enter-now","method":"POST","reason":"scheduler_enter_now_failed"}}
# {"timestamp":"2026-04-22T14:44:15.258Z","level":"info","service":"my-module","event":"metric.counter","name":"pty_scheduler_stop_total","delta":1,"total":17,"attributes":{"route":"/api/pty/scheduler/stop","method":"POST"}}
# {"timestamp":"2026-04-22T14:44:15.258Z","level":"info","service":"my-module","event":"span.end","trace_id":"b5374a8075944fb18383456200b85364","span_id":"6f52f3abd54c4701","parent_span_id":"8175e2c5406d49b9","name":"pty.scheduler.stop","duration_ms":0,"status":"ok","attributes":{"http.route":"/api/pty/scheduler/stop","http.request.method":"POST","code.function":"createAppHandler","control_center.operation.duration_ms":0,"pty.scheduler.worker_count":2}}
# {"timestamp":"2026-04-22T14:44:15.258Z","level":"info","service":"my-module","event":"metric.histogram","name":"control_center_operation_duration_ms","value":0,"unit":"ms","attributes":{"operation":"pty.scheduler.stop","route":"/api/pty/scheduler/stop","method":"POST"}}
# {"timestamp":"2026-04-22T14:44:15.258Z","level":"info","service":"my-module","event":"control_center.operation","trace_id":"b5374a8075944fb18383456200b85364","parent_span_id":"8175e2c5406d49b9","span_id":"6f52f3abd54c4701","correlation_id":"5cf43a71-91bb-4e8f-870f-a3f6d97304c6","request_id":"5cf43a71-91bb-4e8f-870f-a3f6d97304c6","operation":"pty.scheduler.stop","route":"/api/pty/scheduler/stop","method":"POST","duration_ms":0,"message":"ok","pty.scheduler.worker_count":2}
# {"timestamp":"2026-04-22T14:44:15.259Z","level":"info","service":"my-module","event":"metric.counter","name":"pty_scheduler_start_total","delta":1,"total":18,"attributes":{"route":"/api/pty/scheduler/start","method":"POST"}}
# {"timestamp":"2026-04-22T14:44:15.259Z","level":"info","service":"my-module","event":"span.end","trace_id":"921c83ee968541a0bca943eac0163751","span_id":"c7a670e47e6c41e3","parent_span_id":"f8e0ef625d9c4cf1","name":"pty.scheduler.start","duration_ms":0,"status":"ok","attributes":{"http.route":"/api/pty/scheduler/start","http.request.method":"POST","code.function":"createAppHandler","control_center.operation.duration_ms":0,"pty.scheduler.worker_count":2}}
# {"timestamp":"2026-04-22T14:44:15.259Z","level":"info","service":"my-module","event":"metric.histogram","name":"control_center_operation_duration_ms","value":0,"unit":"ms","attributes":{"operation":"pty.scheduler.start","route":"/api/pty/scheduler/start","method":"POST"}}
# {"timestamp":"2026-04-22T14:44:15.259Z","level":"info","service":"my-module","event":"control_center.operation","trace_id":"921c83ee968541a0bca943eac0163751","parent_span_id":"f8e0ef625d9c4cf1","span_id":"c7a670e47e6c41e3","correlation_id":"1f4d40f2-0b71-44fa-b118-ea7045e76de8","request_id":"1f4d40f2-0b71-44fa-b118-ea7045e76de8","operation":"pty.scheduler.start","route":"/api/pty/scheduler/start","method":"POST","duration_ms":0,"message":"ok","pty.scheduler.worker_count":2}
# {"timestamp":"2026-04-22T14:44:15.260Z","level":"info","service":"my-module","event":"metric.counter","name":"pty_bridge_failures_total","delta":1,"total":16,"attributes":{"route":"/api/pty/send-now","method":"POST","reason":"scheduler_send_now_failed"}}
# {"timestamp":"2026-04-22T14:44:15.260Z","level":"info","service":"my-module","event":"metric.counter","name":"pty_bridge_send_total","delta":1,"total":56,"attributes":{"route":"/api/pty/enter-now","method":"POST","action":"enter"}}
# {"timestamp":"2026-04-22T14:44:15.261Z","level":"info","service":"my-module","event":"metric.counter","name":"pty_bridge_failures_total","delta":1,"total":17,"attributes":{"route":"/api/pty/send-now","method":"POST","reason":"scheduler_send_now_failed"}}
# {"timestamp":"2026-04-22T14:44:15.262Z","level":"info","service":"my-module","event":"metric.counter","name":"pty_bridge_send_total","delta":1,"total":57,"attributes":{"route":"/api/pty/enter-now","method":"POST","action":"enter"}}
# {"timestamp":"2026-04-22T14:44:15.262Z","level":"info","service":"my-module","event":"metric.counter","name":"pty_bridge_send_total","delta":1,"total":58,"attributes":{"route":"/api/pty/enter-now","method":"POST","action":"enter"}}
# {"timestamp":"2026-04-22T14:44:16.205Z","level":"info","service":"my-module","event":"metric.counter","name":"pty_scheduler_stop_total","delta":1,"total":18,"attributes":{"route":"/api/pty/scheduler/stop","method":"POST"}}
# {"timestamp":"2026-04-22T14:44:16.205Z","level":"info","service":"my-module","event":"span.end","trace_id":"8b53d893f7494cfa8b4cd1a73e6bddf8","span_id":"822b3563a23549cf","parent_span_id":"bd92542b2d9e445d","name":"pty.scheduler.stop","duration_ms":0,"status":"ok","attributes":{"http.route":"/api/pty/scheduler/stop","http.request.method":"POST","code.function":"createAppHandler","control_center.operation.duration_ms":0,"pty.scheduler.worker_count":2}}
# {"timestamp":"2026-04-22T14:44:16.205Z","level":"info","service":"my-module","event":"metric.histogram","name":"control_center_operation_duration_ms","value":0,"unit":"ms","attributes":{"operation":"pty.scheduler.stop","route":"/api/pty/scheduler/stop","method":"POST"}}
# {"timestamp":"2026-04-22T14:44:16.205Z","level":"info","service":"my-module","event":"control_center.operation","trace_id":"8b53d893f7494cfa8b4cd1a73e6bddf8","parent_span_id":"bd92542b2d9e445d","span_id":"822b3563a23549cf","correlation_id":"d7ed01c9-73d5-44a0-b889-43e500a2f3b0","request_id":"d7ed01c9-73d5-44a0-b889-43e500a2f3b0","operation":"pty.scheduler.stop","route":"/api/pty/scheduler/stop","method":"POST","duration_ms":0,"message":"ok","pty.scheduler.worker_count":2}
# {"timestamp":"2026-04-22T14:44:16.206Z","level":"info","service":"my-module","event":"metric.counter","name":"pty_scheduler_start_total","delta":1,"total":19,"attributes":{"route":"/api/pty/scheduler/start","method":"POST"}}
# {"timestamp":"2026-04-22T14:44:16.206Z","level":"info","service":"my-module","event":"span.end","trace_id":"1be6a41438b4476396a4b6d0618c5096","span_id":"1b08c5a4a75246ac","parent_span_id":"59dc6a16bed444aa","name":"pty.scheduler.start","duration_ms":0,"status":"ok","attributes":{"http.route":"/api/pty/scheduler/start","http.request.method":"POST","code.function":"createAppHandler","control_center.operation.duration_ms":0,"pty.scheduler.worker_count":2}}
# {"timestamp":"2026-04-22T14:44:16.206Z","level":"info","service":"my-module","event":"metric.histogram","name":"control_center_operation_duration_ms","value":0,"unit":"ms","attributes":{"operation":"pty.scheduler.start","route":"/api/pty/scheduler/start","method":"POST"}}
# {"timestamp":"2026-04-22T14:44:16.206Z","level":"info","service":"my-module","event":"control_center.operation","trace_id":"1be6a41438b4476396a4b6d0618c5096","parent_span_id":"59dc6a16bed444aa","span_id":"1b08c5a4a75246ac","correlation_id":"621ea770-c21c-4558-9d1e-db40f198e4c5","request_id":"621ea770-c21c-4558-9d1e-db40f198e4c5","operation":"pty.scheduler.start","route":"/api/pty/scheduler/start","method":"POST","duration_ms":0,"message":"ok","pty.scheduler.worker_count":2}
# {"timestamp":"2026-04-22T14:44:16.206Z","level":"info","service":"my-module","event":"metric.counter","name":"pty_bridge_failures_total","delta":1,"total":18,"attributes":{"route":"/api/pty/enter-now","method":"POST","reason":"scheduler_enter_now_failed"}}
# {"timestamp":"2026-04-22T14:44:16.207Z","level":"info","service":"my-module","event":"metric.counter","name":"pty_bridge_failures_total","delta":1,"total":19,"attributes":{"route":"/api/pty/enter-now","method":"POST","reason":"scheduler_enter_now_failed"}}
# {"timestamp":"2026-04-22T14:44:16.207Z","level":"info","service":"my-module","event":"metric.counter","name":"pty_bridge_send_total","delta":1,"total":59,"attributes":{"route":"/api/pty/send-now","method":"POST","action":"prompt"}}
# {"timestamp":"2026-04-22T14:44:16.208Z","level":"info","service":"my-module","event":"metric.counter","name":"pty_bridge_failures_total","delta":1,"total":20,"attributes":{"route":"/api/pty/send-now","method":"POST","reason":"scheduler_send_now_failed"}}
# {"timestamp":"2026-04-22T14:44:17.144Z","level":"info","service":"my-module","event":"metric.counter","name":"pty_scheduler_stop_total","delta":1,"total":19,"attributes":{"route":"/api/pty/scheduler/stop","method":"POST"}}
# {"timestamp":"2026-04-22T14:44:17.144Z","level":"info","service":"my-module","event":"span.end","trace_id":"3a3852041a784872b692fcedd650b0ff","span_id":"06313eeb8b98401f","parent_span_id":"b062aa9ba9c74366","name":"pty.scheduler.stop","duration_ms":0,"status":"ok","attributes":{"http.route":"/api/pty/scheduler/stop","http.request.method":"POST","code.function":"createAppHandler","control_center.operation.duration_ms":0,"pty.scheduler.worker_count":2}}
# {"timestamp":"2026-04-22T14:44:17.144Z","level":"info","service":"my-module","event":"metric.histogram","name":"control_center_operation_duration_ms","value":0,"unit":"ms","attributes":{"operation":"pty.scheduler.stop","route":"/api/pty/scheduler/stop","method":"POST"}}
# {"timestamp":"2026-04-22T14:44:17.144Z","level":"info","service":"my-module","event":"control_center.operation","trace_id":"3a3852041a784872b692fcedd650b0ff","parent_span_id":"b062aa9ba9c74366","span_id":"06313eeb8b98401f","correlation_id":"fe5a6c64-32b3-4cf5-930a-09cfca5dd1a6","request_id":"fe5a6c64-32b3-4cf5-930a-09cfca5dd1a6","operation":"pty.scheduler.stop","route":"/api/pty/scheduler/stop","method":"POST","duration_ms":0,"message":"ok","pty.scheduler.worker_count":2}
# {"timestamp":"2026-04-22T14:44:17.145Z","level":"info","service":"my-module","event":"metric.counter","name":"pty_scheduler_start_total","delta":1,"total":20,"attributes":{"route":"/api/pty/scheduler/start","method":"POST"}}
# {"timestamp":"2026-04-22T14:44:17.145Z","level":"info","service":"my-module","event":"span.end","trace_id":"b29bec48a46140a7ae6076fa85e7ae51","span_id":"24f895672f2942f4","parent_span_id":"8a03f59f7fd340aa","name":"pty.scheduler.start","duration_ms":0,"status":"ok","attributes":{"http.route":"/api/pty/scheduler/start","http.request.method":"POST","code.function":"createAppHandler","control_center.operation.duration_ms":0,"pty.scheduler.worker_count":2}}
# {"timestamp":"2026-04-22T14:44:17.145Z","level":"info","service":"my-module","event":"metric.histogram","name":"control_center_operation_duration_ms","value":0,"unit":"ms","attributes":{"operation":"pty.scheduler.start","route":"/api/pty/scheduler/start","method":"POST"}}
# {"timestamp":"2026-04-22T14:44:17.145Z","level":"info","service":"my-module","event":"control_center.operation","trace_id":"b29bec48a46140a7ae6076fa85e7ae51","parent_span_id":"8a03f59f7fd340aa","span_id":"24f895672f2942f4","correlation_id":"6879d503-9832-4285-b2cb-881321fac48e","request_id":"6879d503-9832-4285-b2cb-881321fac48e","operation":"pty.scheduler.start","route":"/api/pty/scheduler/start","method":"POST","duration_ms":0,"message":"ok","pty.scheduler.worker_count":2}
# {"timestamp":"2026-04-22T14:44:17.146Z","level":"info","service":"my-module","event":"metric.counter","name":"pty_bridge_send_total","delta":1,"total":60,"attributes":{"route":"/api/pty/send-now","method":"POST","action":"prompt"}}
# {"timestamp":"2026-04-22T14:44:17.147Z","level":"info","service":"my-module","event":"metric.counter","name":"pty_bridge_failures_total","delta":1,"total":21,"attributes":{"route":"/api/pty/enter-now","method":"POST","reason":"scheduler_enter_now_failed"}}
# {"timestamp":"2026-04-22T14:44:17.148Z","level":"info","service":"my-module","event":"metric.counter","name":"pty_bridge_send_total","delta":1,"total":61,"attributes":{"route":"/api/pty/enter-now","method":"POST","action":"enter"}}
# {"timestamp":"2026-04-22T14:44:18.064Z","level":"info","service":"my-module","event":"metric.counter","name":"pty_scheduler_stop_total","delta":1,"total":20,"attributes":{"route":"/api/pty/scheduler/stop","method":"POST"}}
# {"timestamp":"2026-04-22T14:44:18.064Z","level":"info","service":"my-module","event":"span.end","trace_id":"ce1d14d8cfb14af0b51545cfc7fa5467","span_id":"1e7f93b0f6a04988","parent_span_id":"9b181baae93d4fe2","name":"pty.scheduler.stop","duration_ms":0,"status":"ok","attributes":{"http.route":"/api/pty/scheduler/stop","http.request.method":"POST","code.function":"createAppHandler","control_center.operation.duration_ms":0,"pty.scheduler.worker_count":2}}
# {"timestamp":"2026-04-22T14:44:18.064Z","level":"info","service":"my-module","event":"metric.histogram","name":"control_center_operation_duration_ms","value":0,"unit":"ms","attributes":{"operation":"pty.scheduler.stop","route":"/api/pty/scheduler/stop","method":"POST"}}
# {"timestamp":"2026-04-22T14:44:18.064Z","level":"info","service":"my-module","event":"control_center.operation","trace_id":"ce1d14d8cfb14af0b51545cfc7fa5467","parent_span_id":"9b181baae93d4fe2","span_id":"1e7f93b0f6a04988","correlation_id":"b2156c27-0afc-41a2-ba15-b050b4e49160","request_id":"b2156c27-0afc-41a2-ba15-b050b4e49160","operation":"pty.scheduler.stop","route":"/api/pty/scheduler/stop","method":"POST","duration_ms":0,"message":"ok","pty.scheduler.worker_count":2}
# {"timestamp":"2026-04-22T14:44:18.065Z","level":"info","service":"my-module","event":"metric.counter","name":"pty_scheduler_start_total","delta":1,"total":21,"attributes":{"route":"/api/pty/scheduler/start","method":"POST"}}
# {"timestamp":"2026-04-22T14:44:18.065Z","level":"info","service":"my-module","event":"span.end","trace_id":"50865e9259d647bb81ea9d2ed1dfbf96","span_id":"c287bf9c64ec43fb","parent_span_id":"924ee7518ac34960","name":"pty.scheduler.start","duration_ms":0,"status":"ok","attributes":{"http.route":"/api/pty/scheduler/start","http.request.method":"POST","code.function":"createAppHandler","control_center.operation.duration_ms":0,"pty.scheduler.worker_count":2}}
# {"timestamp":"2026-04-22T14:44:18.065Z","level":"info","service":"my-module","event":"metric.histogram","name":"control_center_operation_duration_ms","value":0,"unit":"ms","attributes":{"operation":"pty.scheduler.start","route":"/api/pty/scheduler/start","method":"POST"}}
# {"timestamp":"2026-04-22T14:44:18.065Z","level":"info","service":"my-module","event":"control_center.operation","trace_id":"50865e9259d647bb81ea9d2ed1dfbf96","parent_span_id":"924ee7518ac34960","span_id":"c287bf9c64ec43fb","correlation_id":"b034bd40-86c2-48c1-b2c5-74fa71898612","request_id":"b034bd40-86c2-48c1-b2c5-74fa71898612","operation":"pty.scheduler.start","route":"/api/pty/scheduler/start","method":"POST","duration_ms":0,"message":"ok","pty.scheduler.worker_count":2}
# {"timestamp":"2026-04-22T14:44:18.066Z","level":"info","service":"my-module","event":"metric.counter","name":"pty_bridge_send_total","delta":1,"total":62,"attributes":{"route":"/api/pty/send-now","method":"POST","action":"prompt"}}
# {"timestamp":"2026-04-22T14:44:18.993Z","level":"info","service":"my-module","event":"metric.counter","name":"pty_scheduler_stop_total","delta":1,"total":21,"attributes":{"route":"/api/pty/scheduler/stop","method":"POST"}}
# {"timestamp":"2026-04-22T14:44:18.993Z","level":"info","service":"my-module","event":"span.end","trace_id":"42b58fc8c05b4e17aaf61a2d8421bddd","span_id":"81dacf0fe94e4f03","parent_span_id":"ff56d999e2824888","name":"pty.scheduler.stop","duration_ms":0,"status":"ok","attributes":{"http.route":"/api/pty/scheduler/stop","http.request.method":"POST","code.function":"createAppHandler","control_center.operation.duration_ms":0,"pty.scheduler.worker_count":2}}
# {"timestamp":"2026-04-22T14:44:18.993Z","level":"info","service":"my-module","event":"metric.histogram","name":"control_center_operation_duration_ms","value":0,"unit":"ms","attributes":{"operation":"pty.scheduler.stop","route":"/api/pty/scheduler/stop","method":"POST"}}
# {"timestamp":"2026-04-22T14:44:18.993Z","level":"info","service":"my-module","event":"control_center.operation","trace_id":"42b58fc8c05b4e17aaf61a2d8421bddd","parent_span_id":"ff56d999e2824888","span_id":"81dacf0fe94e4f03","correlation_id":"1c30595b-6542-46e6-ba5b-b13c2c406747","request_id":"1c30595b-6542-46e6-ba5b-b13c2c406747","operation":"pty.scheduler.stop","route":"/api/pty/scheduler/stop","method":"POST","duration_ms":0,"message":"ok","pty.scheduler.worker_count":2}
# {"timestamp":"2026-04-22T14:44:18.995Z","level":"info","service":"my-module","event":"metric.counter","name":"pty_scheduler_start_total","delta":1,"total":22,"attributes":{"route":"/api/pty/scheduler/start","method":"POST"}}
# {"timestamp":"2026-04-22T14:44:18.995Z","level":"info","service":"my-module","event":"span.end","trace_id":"9afb3d461603456db4cc5e11b0f5f40b","span_id":"71f9464f0ccc407c","parent_span_id":"39b43286f5c04c99","name":"pty.scheduler.start","duration_ms":0,"status":"ok","attributes":{"http.route":"/api/pty/scheduler/start","http.request.method":"POST","code.function":"createAppHandler","control_center.operation.duration_ms":0,"pty.scheduler.worker_count":2}}
# {"timestamp":"2026-04-22T14:44:18.995Z","level":"info","service":"my-module","event":"metric.histogram","name":"control_center_operation_duration_ms","value":0,"unit":"ms","attributes":{"operation":"pty.scheduler.start","route":"/api/pty/scheduler/start","method":"POST"}}
# {"timestamp":"2026-04-22T14:44:18.995Z","level":"info","service":"my-module","event":"control_center.operation","trace_id":"9afb3d461603456db4cc5e11b0f5f40b","parent_span_id":"39b43286f5c04c99","span_id":"71f9464f0ccc407c","correlation_id":"12f300d4-1779-4109-a99c-2f303a9fcfa3","request_id":"12f300d4-1779-4109-a99c-2f303a9fcfa3","operation":"pty.scheduler.start","route":"/api/pty/scheduler/start","method":"POST","duration_ms":0,"message":"ok","pty.scheduler.worker_count":2}
# {"timestamp":"2026-04-22T14:44:18.995Z","level":"info","service":"my-module","event":"metric.counter","name":"pty_bridge_failures_total","delta":1,"total":22,"attributes":{"route":"/api/pty/send-now","method":"POST","reason":"scheduler_send_now_failed"}}
# {"timestamp":"2026-04-22T14:44:18.996Z","level":"info","service":"my-module","event":"metric.counter","name":"pty_bridge_failures_total","delta":1,"total":23,"attributes":{"route":"/api/pty/send-now","method":"POST","reason":"scheduler_send_now_failed"}}
# {"timestamp":"2026-04-22T14:44:18.997Z","level":"info","service":"my-module","event":"metric.counter","name":"pty_bridge_send_total","delta":1,"total":63,"attributes":{"route":"/api/pty/enter-now","method":"POST","action":"enter"}}
# {"timestamp":"2026-04-22T14:44:18.997Z","level":"info","service":"my-module","event":"metric.counter","name":"pty_bridge_failures_total","delta":1,"total":24,"attributes":{"route":"/api/pty/send-now","method":"POST","reason":"scheduler_send_now_failed"}}
# {"timestamp":"2026-04-22T14:44:18.998Z","level":"info","service":"my-module","event":"metric.counter","name":"pty_bridge_send_total","delta":1,"total":64,"attributes":{"route":"/api/pty/send-now","method":"POST","action":"prompt"}}
# {"timestamp":"2026-04-22T14:44:18.998Z","level":"info","service":"my-module","event":"metric.counter","name":"pty_bridge_send_total","delta":1,"total":65,"attributes":{"route":"/api/pty/send-now","method":"POST","action":"prompt"}}
# {"timestamp":"2026-04-22T14:44:20.178Z","level":"info","service":"my-module","event":"metric.counter","name":"pty_scheduler_stop_total","delta":1,"total":22,"attributes":{"route":"/api/pty/scheduler/stop","method":"POST"}}
# {"timestamp":"2026-04-22T14:44:20.179Z","level":"info","service":"my-module","event":"span.end","trace_id":"b5a01f3e1a1b4e5b90c68b6b4634af28","span_id":"e0507b87cd6040ec","parent_span_id":"8e5b383f6faf4dc2","name":"pty.scheduler.stop","duration_ms":1,"status":"ok","attributes":{"http.route":"/api/pty/scheduler/stop","http.request.method":"POST","code.function":"createAppHandler","control_center.operation.duration_ms":1,"pty.scheduler.worker_count":2}}
# {"timestamp":"2026-04-22T14:44:20.179Z","level":"info","service":"my-module","event":"metric.histogram","name":"control_center_operation_duration_ms","value":1,"unit":"ms","attributes":{"operation":"pty.scheduler.stop","route":"/api/pty/scheduler/stop","method":"POST"}}
# {"timestamp":"2026-04-22T14:44:20.179Z","level":"info","service":"my-module","event":"control_center.operation","trace_id":"b5a01f3e1a1b4e5b90c68b6b4634af28","parent_span_id":"8e5b383f6faf4dc2","span_id":"e0507b87cd6040ec","correlation_id":"8b4fe098-aceb-4629-a90d-0871b7893054","request_id":"8b4fe098-aceb-4629-a90d-0871b7893054","operation":"pty.scheduler.stop","route":"/api/pty/scheduler/stop","method":"POST","duration_ms":1,"message":"ok","pty.scheduler.worker_count":2}
# {"timestamp":"2026-04-22T14:44:20.180Z","level":"info","service":"my-module","event":"metric.counter","name":"pty_scheduler_start_total","delta":1,"total":23,"attributes":{"route":"/api/pty/scheduler/start","method":"POST"}}
# {"timestamp":"2026-04-22T14:44:20.180Z","level":"info","service":"my-module","event":"span.end","trace_id":"1d61f7b6b0c24f828a1a630259cce691","span_id":"cd44fa33e6604664","parent_span_id":"462c4143f4b245d9","name":"pty.scheduler.start","duration_ms":0,"status":"ok","attributes":{"http.route":"/api/pty/scheduler/start","http.request.method":"POST","code.function":"createAppHandler","control_center.operation.duration_ms":0,"pty.scheduler.worker_count":2}}
# {"timestamp":"2026-04-22T14:44:20.180Z","level":"info","service":"my-module","event":"metric.histogram","name":"control_center_operation_duration_ms","value":0,"unit":"ms","attributes":{"operation":"pty.scheduler.start","route":"/api/pty/scheduler/start","method":"POST"}}
# {"timestamp":"2026-04-22T14:44:20.180Z","level":"info","service":"my-module","event":"control_center.operation","trace_id":"1d61f7b6b0c24f828a1a630259cce691","parent_span_id":"462c4143f4b245d9","span_id":"cd44fa33e6604664","correlation_id":"e85d78a9-018c-4531-b798-64689986c987","request_id":"e85d78a9-018c-4531-b798-64689986c987","operation":"pty.scheduler.start","route":"/api/pty/scheduler/start","method":"POST","duration_ms":0,"message":"ok","pty.scheduler.worker_count":2}
# {"timestamp":"2026-04-22T14:44:20.182Z","level":"info","service":"my-module","event":"metric.counter","name":"pty_bridge_send_total","delta":1,"total":66,"attributes":{"route":"/api/pty/enter-now","method":"POST","action":"enter"}}
# {"timestamp":"2026-04-22T14:44:20.183Z","level":"info","service":"my-module","event":"metric.counter","name":"pty_bridge_failures_total","delta":1,"total":25,"attributes":{"route":"/api/pty/enter-now","method":"POST","reason":"scheduler_enter_now_failed"}}
# {"timestamp":"2026-04-22T14:44:20.183Z","level":"info","service":"my-module","event":"metric.counter","name":"pty_bridge_send_total","delta":1,"total":67,"attributes":{"route":"/api/pty/send-now","method":"POST","action":"prompt"}}
# {"timestamp":"2026-04-22T14:44:20.184Z","level":"info","service":"my-module","event":"metric.counter","name":"pty_bridge_send_total","delta":1,"total":68,"attributes":{"route":"/api/pty/enter-now","method":"POST","action":"enter"}}
# {"timestamp":"2026-04-22T14:44:21.444Z","level":"info","service":"my-module","event":"metric.counter","name":"pty_scheduler_stop_total","delta":1,"total":23,"attributes":{"route":"/api/pty/scheduler/stop","method":"POST"}}
# {"timestamp":"2026-04-22T14:44:21.444Z","level":"info","service":"my-module","event":"span.end","trace_id":"15eff698e27442eab1416aa16c90f008","span_id":"28dd8b62925049f7","parent_span_id":"a4bd32f224e84cc0","name":"pty.scheduler.stop","duration_ms":0,"status":"ok","attributes":{"http.route":"/api/pty/scheduler/stop","http.request.method":"POST","code.function":"createAppHandler","control_center.operation.duration_ms":0,"pty.scheduler.worker_count":2}}
# {"timestamp":"2026-04-22T14:44:21.444Z","level":"info","service":"my-module","event":"metric.histogram","name":"control_center_operation_duration_ms","value":0,"unit":"ms","attributes":{"operation":"pty.scheduler.stop","route":"/api/pty/scheduler/stop","method":"POST"}}
# {"timestamp":"2026-04-22T14:44:21.444Z","level":"info","service":"my-module","event":"control_center.operation","trace_id":"15eff698e27442eab1416aa16c90f008","parent_span_id":"a4bd32f224e84cc0","span_id":"28dd8b62925049f7","correlation_id":"c55cc18a-18b5-406f-b55c-be2ac9583aac","request_id":"c55cc18a-18b5-406f-b55c-be2ac9583aac","operation":"pty.scheduler.stop","route":"/api/pty/scheduler/stop","method":"POST","duration_ms":0,"message":"ok","pty.scheduler.worker_count":2}
# {"timestamp":"2026-04-22T14:44:21.445Z","level":"info","service":"my-module","event":"metric.counter","name":"pty_scheduler_start_total","delta":1,"total":24,"attributes":{"route":"/api/pty/scheduler/start","method":"POST"}}
# {"timestamp":"2026-04-22T14:44:21.445Z","level":"info","service":"my-module","event":"span.end","trace_id":"7ffc45fe380f471bb7a091f7132dd55a","span_id":"0b4a06771b264e6d","parent_span_id":"06542ebc65254822","name":"pty.scheduler.start","duration_ms":1,"status":"ok","attributes":{"http.route":"/api/pty/scheduler/start","http.request.method":"POST","code.function":"createAppHandler","control_center.operation.duration_ms":1,"pty.scheduler.worker_count":2}}
# {"timestamp":"2026-04-22T14:44:21.445Z","level":"info","service":"my-module","event":"metric.histogram","name":"control_center_operation_duration_ms","value":1,"unit":"ms","attributes":{"operation":"pty.scheduler.start","route":"/api/pty/scheduler/start","method":"POST"}}
# {"timestamp":"2026-04-22T14:44:21.445Z","level":"info","service":"my-module","event":"control_center.operation","trace_id":"7ffc45fe380f471bb7a091f7132dd55a","parent_span_id":"06542ebc65254822","span_id":"0b4a06771b264e6d","correlation_id":"acc6fa52-2ec7-4b4b-b9db-54b8df3ba43a","request_id":"acc6fa52-2ec7-4b4b-b9db-54b8df3ba43a","operation":"pty.scheduler.start","route":"/api/pty/scheduler/start","method":"POST","duration_ms":1,"message":"ok","pty.scheduler.worker_count":2}
# {"timestamp":"2026-04-22T14:44:21.445Z","level":"info","service":"my-module","event":"metric.counter","name":"pty_bridge_failures_total","delta":1,"total":26,"attributes":{"route":"/api/pty/enter-now","method":"POST","reason":"scheduler_enter_now_failed"}}
# {"timestamp":"2026-04-22T14:44:21.446Z","level":"info","service":"my-module","event":"metric.counter","name":"pty_bridge_send_total","delta":1,"total":69,"attributes":{"route":"/api/pty/send-now","method":"POST","action":"prompt"}}
# {"timestamp":"2026-04-22T14:44:22.588Z","level":"info","service":"my-module","event":"metric.counter","name":"pty_scheduler_stop_total","delta":1,"total":24,"attributes":{"route":"/api/pty/scheduler/stop","method":"POST"}}
# {"timestamp":"2026-04-22T14:44:22.588Z","level":"info","service":"my-module","event":"span.end","trace_id":"14748977aa89462d8e118ee5b346443a","span_id":"0d44d35a270e47be","parent_span_id":"2ddec524071d48c4","name":"pty.scheduler.stop","duration_ms":0,"status":"ok","attributes":{"http.route":"/api/pty/scheduler/stop","http.request.method":"POST","code.function":"createAppHandler","control_center.operation.duration_ms":0,"pty.scheduler.worker_count":2}}
# {"timestamp":"2026-04-22T14:44:22.588Z","level":"info","service":"my-module","event":"metric.histogram","name":"control_center_operation_duration_ms","value":0,"unit":"ms","attributes":{"operation":"pty.scheduler.stop","route":"/api/pty/scheduler/stop","method":"POST"}}
# {"timestamp":"2026-04-22T14:44:22.588Z","level":"info","service":"my-module","event":"control_center.operation","trace_id":"14748977aa89462d8e118ee5b346443a","parent_span_id":"2ddec524071d48c4","span_id":"0d44d35a270e47be","correlation_id":"e8056ea7-aeb5-404a-aa0d-7598b54f450c","request_id":"e8056ea7-aeb5-404a-aa0d-7598b54f450c","operation":"pty.scheduler.stop","route":"/api/pty/scheduler/stop","method":"POST","duration_ms":0,"message":"ok","pty.scheduler.worker_count":2}
# {"timestamp":"2026-04-22T14:44:22.588Z","level":"warn","service":"my-module","event":"server.draining","reason":"test","drain_started_at":"2026-04-22T14:44:22.588Z"}
# Subtest: [property] scheduler failures never overwrite the last successful current activity
ok 131 - [property] scheduler failures never overwrite the last successful current activity
  ---
  duration_ms: 12547.944215
  type: 'test'
  ...
# (node:63210) ExperimentalWarning: SQLite is an experimental feature and might change at any time
# (Use `node --trace-warnings ...` to show where the warning was created)
# {"timestamp":"2026-04-22T14:43:50.204Z","level":"info","service":"my-module","event":"metric.counter","name":"pty_bridge_sessions_read_total","delta":1,"total":1,"attributes":{"route":"/api/pty/sessions","method":"GET"}}
# {"timestamp":"2026-04-22T14:43:50.205Z","level":"info","service":"my-module","event":"span.end","trace_id":"0af321da9e1347afa73501dff9f30843","span_id":"bcca3a53a1f84ee3","parent_span_id":"34adc05f92b84fed","name":"pty.bridge.sessions","duration_ms":1,"status":"ok","attributes":{"http.route":"/api/pty/sessions","http.request.method":"GET","code.function":"createAppHandler","control_center.operation.duration_ms":0,"pty.session.count":1}}
# {"timestamp":"2026-04-22T14:43:50.205Z","level":"info","service":"my-module","event":"metric.histogram","name":"control_center_operation_duration_ms","value":0,"unit":"ms","attributes":{"operation":"pty.bridge.sessions","route":"/api/pty/sessions","method":"GET"}}
# {"timestamp":"2026-04-22T14:43:50.205Z","level":"info","service":"my-module","event":"control_center.operation","trace_id":"0af321da9e1347afa73501dff9f30843","parent_span_id":"34adc05f92b84fed","span_id":"bcca3a53a1f84ee3","correlation_id":"7c5606fa-456d-4024-8252-5a9feb771daf","request_id":"7c5606fa-456d-4024-8252-5a9feb771daf","operation":"pty.bridge.sessions","route":"/api/pty/sessions","method":"GET","duration_ms":0,"message":"ok","pty.session.count":1}
# {"timestamp":"2026-04-22T14:43:50.217Z","level":"info","service":"my-module","event":"metric.counter","name":"pty_scheduler_start_total","delta":1,"total":1,"attributes":{"route":"/api/pty/scheduler/start","method":"POST"}}
# {"timestamp":"2026-04-22T14:43:50.218Z","level":"info","service":"my-module","event":"span.end","trace_id":"1e8ced2fa80a43bfbf2e09fa1b0c8172","span_id":"62c900d4fb0c4686","parent_span_id":"7054a2525d9d4de9","name":"pty.scheduler.start","duration_ms":1,"status":"ok","attributes":{"http.route":"/api/pty/scheduler/start","http.request.method":"POST","code.function":"createAppHandler","control_center.operation.duration_ms":1,"pty.scheduler.worker_count":2}}
# {"timestamp":"2026-04-22T14:43:50.218Z","level":"info","service":"my-module","event":"metric.histogram","name":"control_center_operation_duration_ms","value":1,"unit":"ms","attributes":{"operation":"pty.scheduler.start","route":"/api/pty/scheduler/start","method":"POST"}}
# {"timestamp":"2026-04-22T14:43:50.218Z","level":"info","service":"my-module","event":"control_center.operation","trace_id":"1e8ced2fa80a43bfbf2e09fa1b0c8172","parent_span_id":"7054a2525d9d4de9","span_id":"62c900d4fb0c4686","correlation_id":"0481d8d5-f29b-4ba6-8b3c-f331941140e8","request_id":"0481d8d5-f29b-4ba6-8b3c-f331941140e8","operation":"pty.scheduler.start","route":"/api/pty/scheduler/start","method":"POST","duration_ms":1,"message":"ok","pty.scheduler.worker_count":2}
# {"timestamp":"2026-04-22T14:43:50.220Z","level":"info","service":"my-module","event":"metric.counter","name":"pty_bridge_send_total","delta":1,"total":1,"attributes":{"route":"/api/pty/send-now","method":"POST","action":"prompt"}}
# {"timestamp":"2026-04-22T14:43:53.292Z","level":"warn","service":"my-module","event":"server.draining","reason":"test","drain_started_at":"2026-04-22T14:43:53.292Z"}
# Subtest: [scheduler current activity smoke] successful send-now selects dispatched worker as current activity
ok 132 - [scheduler current activity smoke] successful send-now selects dispatched worker as current activity
  ---
  duration_ms: 3128.104398
  type: 'test'
  ...
# {"timestamp":"2026-04-22T14:43:53.300Z","level":"info","service":"my-module","event":"metric.counter","name":"pty_bridge_sessions_read_total","delta":1,"total":2,"attributes":{"route":"/api/pty/sessions","method":"GET"}}
# {"timestamp":"2026-04-22T14:43:53.300Z","level":"info","service":"my-module","event":"span.end","trace_id":"bb6970f8211a4730936e7524ef877a1d","span_id":"32c9d393c83d45fc","parent_span_id":"33e3a82ee1e141ba","name":"pty.bridge.sessions","duration_ms":0,"status":"ok","attributes":{"http.route":"/api/pty/sessions","http.request.method":"GET","code.function":"createAppHandler","control_center.operation.duration_ms":0,"pty.session.count":1}}
# {"timestamp":"2026-04-22T14:43:53.300Z","level":"info","service":"my-module","event":"metric.histogram","name":"control_center_operation_duration_ms","value":0,"unit":"ms","attributes":{"operation":"pty.bridge.sessions","route":"/api/pty/sessions","method":"GET"}}
# {"timestamp":"2026-04-22T14:43:53.301Z","level":"info","service":"my-module","event":"control_center.operation","trace_id":"bb6970f8211a4730936e7524ef877a1d","parent_span_id":"33e3a82ee1e141ba","span_id":"32c9d393c83d45fc","correlation_id":"68f40d04-204f-46e2-a2a6-645925016ebc","request_id":"68f40d04-204f-46e2-a2a6-645925016ebc","operation":"pty.bridge.sessions","route":"/api/pty/sessions","method":"GET","duration_ms":0,"message":"ok","pty.session.count":1}
# {"timestamp":"2026-04-22T14:43:53.305Z","level":"info","service":"my-module","event":"metric.counter","name":"pty_scheduler_start_total","delta":1,"total":2,"attributes":{"route":"/api/pty/scheduler/start","method":"POST"}}
# {"timestamp":"2026-04-22T14:43:53.305Z","level":"info","service":"my-module","event":"span.end","trace_id":"5b54b6ce5bcb4e3f848e40907c4024b0","span_id":"f160ff34eae548bf","parent_span_id":"bf24107cf1a64a43","name":"pty.scheduler.start","duration_ms":0,"status":"ok","attributes":{"http.route":"/api/pty/scheduler/start","http.request.method":"POST","code.function":"createAppHandler","control_center.operation.duration_ms":0,"pty.scheduler.worker_count":2}}
# {"timestamp":"2026-04-22T14:43:53.305Z","level":"info","service":"my-module","event":"metric.histogram","name":"control_center_operation_duration_ms","value":0,"unit":"ms","attributes":{"operation":"pty.scheduler.start","route":"/api/pty/scheduler/start","method":"POST"}}
# {"timestamp":"2026-04-22T14:43:53.305Z","level":"info","service":"my-module","event":"control_center.operation","trace_id":"5b54b6ce5bcb4e3f848e40907c4024b0","parent_span_id":"bf24107cf1a64a43","span_id":"f160ff34eae548bf","correlation_id":"2b1ad0bb-74e9-4ee3-970e-3b43456c7e53","request_id":"2b1ad0bb-74e9-4ee3-970e-3b43456c7e53","operation":"pty.scheduler.start","route":"/api/pty/scheduler/start","method":"POST","duration_ms":0,"message":"ok","pty.scheduler.worker_count":2}
# {"timestamp":"2026-04-22T14:43:53.310Z","level":"info","service":"my-module","event":"metric.counter","name":"pty_bridge_send_total","delta":1,"total":2,"attributes":{"route":"/api/pty/send-now","method":"POST","action":"prompt"}}
# {"timestamp":"2026-04-22T14:43:53.313Z","level":"info","service":"my-module","event":"metric.counter","name":"pty_bridge_failures_total","delta":1,"total":1,"attributes":{"route":"/api/pty/send-now","method":"POST","reason":"scheduler_send_now_failed"}}
# {"timestamp":"2026-04-22T14:43:55.581Z","level":"warn","service":"my-module","event":"server.draining","reason":"test","drain_started_at":"2026-04-22T14:43:55.581Z"}
# Subtest: [scheduler current activity smoke] failed send-now keeps last successful current activity while exposing failure details
ok 133 - [scheduler current activity smoke] failed send-now keeps last successful current activity while exposing failure details
  ---
  duration_ms: 2288.721336
  type: 'test'
  ...
# {"timestamp":"2026-04-22T14:43:55.585Z","level":"info","service":"my-module","event":"metric.counter","name":"pty_bridge_sessions_read_total","delta":1,"total":3,"attributes":{"route":"/api/pty/sessions","method":"GET"}}
# {"timestamp":"2026-04-22T14:43:55.585Z","level":"info","service":"my-module","event":"span.end","trace_id":"e32116a10c3c46baad8ff7a01f71c417","span_id":"ad363d3aa01846b3","parent_span_id":"fffb75b246f24a8f","name":"pty.bridge.sessions","duration_ms":0,"status":"ok","attributes":{"http.route":"/api/pty/sessions","http.request.method":"GET","code.function":"createAppHandler","control_center.operation.duration_ms":0,"pty.session.count":1}}
# {"timestamp":"2026-04-22T14:43:55.585Z","level":"info","service":"my-module","event":"metric.histogram","name":"control_center_operation_duration_ms","value":0,"unit":"ms","attributes":{"operation":"pty.bridge.sessions","route":"/api/pty/sessions","method":"GET"}}
# {"timestamp":"2026-04-22T14:43:55.585Z","level":"info","service":"my-module","event":"control_center.operation","trace_id":"e32116a10c3c46baad8ff7a01f71c417","parent_span_id":"fffb75b246f24a8f","span_id":"ad363d3aa01846b3","correlation_id":"a30b723c-facb-4a5e-aa02-b4e518028455","request_id":"a30b723c-facb-4a5e-aa02-b4e518028455","operation":"pty.bridge.sessions","route":"/api/pty/sessions","method":"GET","duration_ms":0,"message":"ok","pty.session.count":1}
# {"timestamp":"2026-04-22T14:43:55.588Z","level":"info","service":"my-module","event":"metric.counter","name":"pty_scheduler_start_total","delta":1,"total":3,"attributes":{"route":"/api/pty/scheduler/start","method":"POST"}}
# {"timestamp":"2026-04-22T14:43:55.588Z","level":"info","service":"my-module","event":"span.end","trace_id":"6ea56dd7afcd4e3c93ea6b37b59edb23","span_id":"679dbe78da034ca6","parent_span_id":"c7dae93e028d474a","name":"pty.scheduler.start","duration_ms":0,"status":"ok","attributes":{"http.route":"/api/pty/scheduler/start","http.request.method":"POST","code.function":"createAppHandler","control_center.operation.duration_ms":0,"pty.scheduler.worker_count":2}}
# {"timestamp":"2026-04-22T14:43:55.588Z","level":"info","service":"my-module","event":"metric.histogram","name":"control_center_operation_duration_ms","value":0,"unit":"ms","attributes":{"operation":"pty.scheduler.start","route":"/api/pty/scheduler/start","method":"POST"}}
# {"timestamp":"2026-04-22T14:43:55.588Z","level":"info","service":"my-module","event":"control_center.operation","trace_id":"6ea56dd7afcd4e3c93ea6b37b59edb23","parent_span_id":"c7dae93e028d474a","span_id":"679dbe78da034ca6","correlation_id":"be06d437-303d-491b-8e07-c945ec424b8d","request_id":"be06d437-303d-491b-8e07-c945ec424b8d","operation":"pty.scheduler.start","route":"/api/pty/scheduler/start","method":"POST","duration_ms":0,"message":"ok","pty.scheduler.worker_count":2}
# {"timestamp":"2026-04-22T14:43:55.591Z","level":"info","service":"my-module","event":"metric.counter","name":"pty_bridge_send_total","delta":1,"total":3,"attributes":{"route":"/api/pty/enter-now","method":"POST","action":"enter"}}
# {"timestamp":"2026-04-22T14:43:57.392Z","level":"warn","service":"my-module","event":"server.draining","reason":"test","drain_started_at":"2026-04-22T14:43:57.392Z"}
# Subtest: [scheduler current activity smoke] targeted enter-now moves current activity to the selected worker
ok 134 - [scheduler current activity smoke] targeted enter-now moves current activity to the selected worker
  ---
  duration_ms: 1810.852914
  type: 'test'
  ...
# (node:63232) ExperimentalWarning: SQLite is an experimental feature and might change at any time
# (Use `node --trace-warnings ...` to show where the warning was created)
# {"timestamp":"2026-04-22T14:43:50.270Z","level":"info","service":"my-module","event":"metric.counter","name":"pty_bridge_sessions_read_total","delta":1,"total":1,"attributes":{"route":"/api/pty/sessions","method":"GET"}}
# {"timestamp":"2026-04-22T14:43:50.271Z","level":"info","service":"my-module","event":"span.end","trace_id":"9f42162816564b61ac249db44ec00c70","span_id":"e3b4862e896b4113","parent_span_id":"d30edb6f30d04a89","name":"pty.bridge.sessions","duration_ms":1,"status":"ok","attributes":{"http.route":"/api/pty/sessions","http.request.method":"GET","code.function":"createAppHandler","control_center.operation.duration_ms":0,"pty.session.count":1}}
# {"timestamp":"2026-04-22T14:43:50.271Z","level":"info","service":"my-module","event":"metric.histogram","name":"control_center_operation_duration_ms","value":0,"unit":"ms","attributes":{"operation":"pty.bridge.sessions","route":"/api/pty/sessions","method":"GET"}}
# {"timestamp":"2026-04-22T14:43:50.271Z","level":"info","service":"my-module","event":"control_center.operation","trace_id":"9f42162816564b61ac249db44ec00c70","parent_span_id":"d30edb6f30d04a89","span_id":"e3b4862e896b4113","correlation_id":"dd2ca406-b57a-42de-82b0-3a7db92d1448","request_id":"dd2ca406-b57a-42de-82b0-3a7db92d1448","operation":"pty.bridge.sessions","route":"/api/pty/sessions","method":"GET","duration_ms":0,"message":"ok","pty.session.count":1}
# {"timestamp":"2026-04-22T14:43:50.286Z","level":"info","service":"my-module","event":"metric.counter","name":"pty_scheduler_start_total","delta":1,"total":1,"attributes":{"route":"/api/pty/scheduler/start","method":"POST"}}
# {"timestamp":"2026-04-22T14:43:50.286Z","level":"info","service":"my-module","event":"span.end","trace_id":"a7f85889dc3145e5a0410d27ec339b6e","span_id":"ad7cc854b7224cff","parent_span_id":"f2b78c83476a4034","name":"pty.scheduler.start","duration_ms":0,"status":"ok","attributes":{"http.route":"/api/pty/scheduler/start","http.request.method":"POST","code.function":"createAppHandler","control_center.operation.duration_ms":0,"pty.scheduler.worker_count":2}}
# {"timestamp":"2026-04-22T14:43:50.286Z","level":"info","service":"my-module","event":"metric.histogram","name":"control_center_operation_duration_ms","value":0,"unit":"ms","attributes":{"operation":"pty.scheduler.start","route":"/api/pty/scheduler/start","method":"POST"}}
# {"timestamp":"2026-04-22T14:43:50.286Z","level":"info","service":"my-module","event":"control_center.operation","trace_id":"a7f85889dc3145e5a0410d27ec339b6e","parent_span_id":"f2b78c83476a4034","span_id":"ad7cc854b7224cff","correlation_id":"b00e423c-5272-4aa3-b31f-884fd8a3529b","request_id":"b00e423c-5272-4aa3-b31f-884fd8a3529b","operation":"pty.scheduler.start","route":"/api/pty/scheduler/start","method":"POST","duration_ms":0,"message":"ok","pty.scheduler.worker_count":2}
# {"timestamp":"2026-04-22T14:43:50.293Z","level":"info","service":"my-module","event":"metric.counter","name":"pty_bridge_send_total","delta":1,"total":1,"attributes":{"route":"/api/pty/send-now","method":"POST","action":"prompt"}}
# {"timestamp":"2026-04-22T14:43:53.056Z","level":"warn","service":"my-module","event":"server.draining","reason":"test","drain_started_at":"2026-04-22T14:43:53.056Z"}
# Subtest: [adversarial scheduler state smoke] invalid send-now index keeps last successful current activity
ok 135 - [adversarial scheduler state smoke] invalid send-now index keeps last successful current activity
  ---
  duration_ms: 2842.07219
  type: 'test'
  ...
# {"timestamp":"2026-04-22T14:43:53.066Z","level":"info","service":"my-module","event":"metric.counter","name":"pty_bridge_sessions_read_total","delta":1,"total":2,"attributes":{"route":"/api/pty/sessions","method":"GET"}}
# {"timestamp":"2026-04-22T14:43:53.067Z","level":"info","service":"my-module","event":"span.end","trace_id":"04a21be8e575434ab2bbb99542ca93ff","span_id":"db72b17265b74755","parent_span_id":"89fa287ab4884a84","name":"pty.bridge.sessions","duration_ms":1,"status":"ok","attributes":{"http.route":"/api/pty/sessions","http.request.method":"GET","code.function":"createAppHandler","control_center.operation.duration_ms":1,"pty.session.count":1}}
# {"timestamp":"2026-04-22T14:43:53.067Z","level":"info","service":"my-module","event":"metric.histogram","name":"control_center_operation_duration_ms","value":1,"unit":"ms","attributes":{"operation":"pty.bridge.sessions","route":"/api/pty/sessions","method":"GET"}}
# {"timestamp":"2026-04-22T14:43:53.067Z","level":"info","service":"my-module","event":"control_center.operation","trace_id":"04a21be8e575434ab2bbb99542ca93ff","parent_span_id":"89fa287ab4884a84","span_id":"db72b17265b74755","correlation_id":"e212962e-58ea-428f-8671-7d27be070135","request_id":"e212962e-58ea-428f-8671-7d27be070135","operation":"pty.bridge.sessions","route":"/api/pty/sessions","method":"GET","duration_ms":1,"message":"ok","pty.session.count":1}
# {"timestamp":"2026-04-22T14:43:53.070Z","level":"info","service":"my-module","event":"metric.counter","name":"pty_scheduler_start_total","delta":1,"total":2,"attributes":{"route":"/api/pty/scheduler/start","method":"POST"}}
# {"timestamp":"2026-04-22T14:43:53.070Z","level":"info","service":"my-module","event":"span.end","trace_id":"07ee494bde1e4258a5353f23cabf95fc","span_id":"912ecc145a434c5e","parent_span_id":"0b6c881fcbdb4166","name":"pty.scheduler.start","duration_ms":0,"status":"ok","attributes":{"http.route":"/api/pty/scheduler/start","http.request.method":"POST","code.function":"createAppHandler","control_center.operation.duration_ms":0,"pty.scheduler.worker_count":2}}
# {"timestamp":"2026-04-22T14:43:53.070Z","level":"info","service":"my-module","event":"metric.histogram","name":"control_center_operation_duration_ms","value":0,"unit":"ms","attributes":{"operation":"pty.scheduler.start","route":"/api/pty/scheduler/start","method":"POST"}}
# {"timestamp":"2026-04-22T14:43:53.070Z","level":"info","service":"my-module","event":"control_center.operation","trace_id":"07ee494bde1e4258a5353f23cabf95fc","parent_span_id":"0b6c881fcbdb4166","span_id":"912ecc145a434c5e","correlation_id":"b57da9db-6ad6-4b1e-a6e5-a86f61c61e91","request_id":"b57da9db-6ad6-4b1e-a6e5-a86f61c61e91","operation":"pty.scheduler.start","route":"/api/pty/scheduler/start","method":"POST","duration_ms":0,"message":"ok","pty.scheduler.worker_count":2}
# {"timestamp":"2026-04-22T14:43:53.073Z","level":"info","service":"my-module","event":"metric.counter","name":"pty_bridge_send_total","delta":1,"total":2,"attributes":{"route":"/api/pty/send-now","method":"POST","action":"prompt"}}
# {"timestamp":"2026-04-22T14:43:55.533Z","level":"warn","service":"my-module","event":"server.draining","reason":"test","drain_started_at":"2026-04-22T14:43:55.533Z"}
# Subtest: [adversarial scheduler state smoke] invalid enter-now index keeps last successful current activity
ok 136 - [adversarial scheduler state smoke] invalid enter-now index keeps last successful current activity
  ---
  duration_ms: 2476.791322
  type: 'test'
  ...
# {"timestamp":"2026-04-22T14:43:55.538Z","level":"info","service":"my-module","event":"metric.counter","name":"pty_bridge_sessions_read_total","delta":1,"total":3,"attributes":{"route":"/api/pty/sessions","method":"GET"}}
# {"timestamp":"2026-04-22T14:43:55.538Z","level":"info","service":"my-module","event":"span.end","trace_id":"3365e4c5cdbf4cf495546d23e1452bd6","span_id":"a73b6cfb5b1c47c6","parent_span_id":"4b888de489df4174","name":"pty.bridge.sessions","duration_ms":0,"status":"ok","attributes":{"http.route":"/api/pty/sessions","http.request.method":"GET","code.function":"createAppHandler","control_center.operation.duration_ms":0,"pty.session.count":1}}
# {"timestamp":"2026-04-22T14:43:55.538Z","level":"info","service":"my-module","event":"metric.histogram","name":"control_center_operation_duration_ms","value":0,"unit":"ms","attributes":{"operation":"pty.bridge.sessions","route":"/api/pty/sessions","method":"GET"}}
# {"timestamp":"2026-04-22T14:43:55.539Z","level":"info","service":"my-module","event":"control_center.operation","trace_id":"3365e4c5cdbf4cf495546d23e1452bd6","parent_span_id":"4b888de489df4174","span_id":"a73b6cfb5b1c47c6","correlation_id":"76cf17c1-f8ba-4f03-ba3d-929fab39ac39","request_id":"76cf17c1-f8ba-4f03-ba3d-929fab39ac39","operation":"pty.bridge.sessions","route":"/api/pty/sessions","method":"GET","duration_ms":0,"message":"ok","pty.session.count":1}
# {"timestamp":"2026-04-22T14:43:55.542Z","level":"info","service":"my-module","event":"metric.counter","name":"pty_scheduler_start_total","delta":1,"total":3,"attributes":{"route":"/api/pty/scheduler/start","method":"POST"}}
# {"timestamp":"2026-04-22T14:43:55.546Z","level":"info","service":"my-module","event":"span.end","trace_id":"9da819329f3f4a1c8ebfd6e80224b00d","span_id":"fd0cfd1babca424b","parent_span_id":"b5a8bf94d23c490a","name":"pty.scheduler.start","duration_ms":4,"status":"ok","attributes":{"http.route":"/api/pty/scheduler/start","http.request.method":"POST","code.function":"createAppHandler","control_center.operation.duration_ms":4,"pty.scheduler.worker_count":2}}
# {"timestamp":"2026-04-22T14:43:55.546Z","level":"info","service":"my-module","event":"metric.histogram","name":"control_center_operation_duration_ms","value":4,"unit":"ms","attributes":{"operation":"pty.scheduler.start","route":"/api/pty/scheduler/start","method":"POST"}}
# {"timestamp":"2026-04-22T14:43:55.546Z","level":"info","service":"my-module","event":"control_center.operation","trace_id":"9da819329f3f4a1c8ebfd6e80224b00d","parent_span_id":"b5a8bf94d23c490a","span_id":"fd0cfd1babca424b","correlation_id":"2df3e952-13f1-4963-ae24-1201f238ac51","request_id":"2df3e952-13f1-4963-ae24-1201f238ac51","operation":"pty.scheduler.start","route":"/api/pty/scheduler/start","method":"POST","duration_ms":4,"message":"ok","pty.scheduler.worker_count":2}
# {"timestamp":"2026-04-22T14:43:55.549Z","level":"info","service":"my-module","event":"metric.counter","name":"pty_bridge_send_total","delta":1,"total":3,"attributes":{"route":"/api/pty/send-now","method":"POST","action":"prompt"}}
# {"timestamp":"2026-04-22T14:43:57.385Z","level":"warn","service":"my-module","event":"server.draining","reason":"test","drain_started_at":"2026-04-22T14:43:57.385Z"}
# Subtest: [adversarial scheduler state smoke] invalid send-now idempotency replay preserves failure surface and current activity
ok 137 - [adversarial scheduler state smoke] invalid send-now idempotency replay preserves failure surface and current activity
  ---
  duration_ms: 1853.097782
  type: 'test'
  ...
# (node:63250) ExperimentalWarning: SQLite is an experimental feature and might change at any time
# (Use `node --trace-warnings ...` to show where the warning was created)
# {"timestamp":"2026-04-22T14:43:50.272Z","level":"info","service":"my-module","event":"metric.counter","name":"http_requests_total","delta":1,"total":1,"attributes":{"route":"/livez","method":"GET"}}
# {"timestamp":"2026-04-22T14:43:50.273Z","level":"info","service":"my-module","event":"span.end","trace_id":"4bf92f3577b34da6a3ce929d0e0e4736","span_id":"9ab21c793ea2435d","parent_span_id":"00f067aa0ba902b7","name":"http.GET /livez","duration_ms":1,"status":"ok","attributes":{"http.method":"GET","http.route":"/livez"}}
# {"timestamp":"2026-04-22T14:43:50.276Z","level":"info","service":"my-module","event":"metric.counter","name":"http_requests_total","delta":1,"total":2,"attributes":{"route":"/startupz","method":"GET"}}
# {"timestamp":"2026-04-22T14:43:50.276Z","level":"info","service":"my-module","event":"span.end","trace_id":"4989d6b6a56a49f9896a957b6baba15e","span_id":"35a5110eabed4b68","parent_span_id":null,"name":"http.GET /startupz","duration_ms":0,"status":"ok","attributes":{"http.method":"GET","http.route":"/startupz"}}
# {"timestamp":"2026-04-22T14:43:50.277Z","level":"info","service":"my-module","event":"metric.counter","name":"http_requests_total","delta":1,"total":3,"attributes":{"route":"/readyz","method":"GET","status":200}}
# {"timestamp":"2026-04-22T14:43:50.277Z","level":"info","service":"my-module","event":"span.end","trace_id":"5c2ed47d98e44919bd3337c81218d281","span_id":"ecffb507ab3a4368","parent_span_id":null,"name":"http.GET /readyz","duration_ms":0,"status":"ok","attributes":{"http.method":"GET","http.route":"/readyz","http.status_code":200}}
# {"timestamp":"2026-04-22T14:43:50.279Z","level":"info","service":"my-module","event":"metric.counter","name":"http_requests_total","delta":1,"total":4,"attributes":{"route":"/health","method":"GET"}}
# {"timestamp":"2026-04-22T14:43:50.279Z","level":"info","service":"my-module","event":"span.end","trace_id":"fcdf36e343e74cc9bf99ff182e2ff08e","span_id":"70b50d855a0349b8","parent_span_id":null,"name":"http.GET /health","duration_ms":0,"status":"ok","attributes":{"http.method":"GET","http.route":"/health"}}
# {"timestamp":"2026-04-22T14:43:50.292Z","level":"warn","service":"my-module","event":"server.draining","reason":"smoke-test","drain_started_at":"2026-04-22T14:43:50.292Z"}
# Subtest: [server wiring smoke] probe endpoints and task flow succeed over HTTP transport
ok 138 - [server wiring smoke] probe endpoints and task flow succeed over HTTP transport
  ---
  duration_ms: 31.425955
  type: 'test'
  ...
# {"timestamp":"2026-04-22T14:43:50.296Z","level":"info","service":"my-module","event":"metric.counter","name":"http_requests_total","delta":1,"total":5,"attributes":{"route":"/readyz","method":"GET","status":503}}
# {"timestamp":"2026-04-22T14:43:50.296Z","level":"info","service":"my-module","event":"span.end","trace_id":"d382621408b841efa491229711f21cfb","span_id":"41082c0be86b4a2d","parent_span_id":null,"name":"http.GET /readyz","duration_ms":0,"status":"error","attributes":{"http.method":"GET","http.route":"/readyz","http.status_code":503}}
# {"timestamp":"2026-04-22T14:43:50.298Z","level":"info","service":"my-module","event":"metric.counter","name":"http_errors_total","delta":1,"total":1,"attributes":{"route":"/tasks","method":"GET","status":503}}
# {"timestamp":"2026-04-22T14:43:50.298Z","level":"info","service":"my-module","event":"metric.histogram","name":"http_duration_ms","value":0,"unit":"ms","attributes":{"route":"/tasks","error":true}}
# {"timestamp":"2026-04-22T14:43:50.298Z","level":"info","service":"my-module","event":"span.end","trace_id":"3c03dcde1eb144bfb6a183311bbeea44","span_id":"c0f51f449be24cca","parent_span_id":null,"name":"http.GET /tasks","duration_ms":0,"status":"error","attributes":{"http.method":"GET","http.route":"/tasks","http.status_code":503,"exception.type":"Error","exception.message":"Server is draining and not accepting new requests"}}
# {"timestamp":"2026-04-22T14:43:50.298Z","level":"error","service":"my-module","event":"http.error","trace_id":"3c03dcde1eb144bfb6a183311bbeea44","correlation_id":"8615b950-d174-44cb-9e64-3442eac6b3dd","route":"/tasks","status":503,"message":"Server is draining and not accepting new requests"}
# Subtest: [server wiring smoke] drain mode flips readiness and rejects business traffic
ok 139 - [server wiring smoke] drain mode flips readiness and rejects business traffic
  ---
  duration_ms: 10.981872
  type: 'test'
  ...
# {"timestamp":"2026-04-22T14:43:50.302Z","level":"info","service":"my-module","event":"metric.counter","name":"http_errors_total","delta":1,"total":2,"attributes":{"route":"/tasks","method":"POST","status":413}}
# {"timestamp":"2026-04-22T14:43:50.302Z","level":"info","service":"my-module","event":"metric.histogram","name":"http_duration_ms","value":0,"unit":"ms","attributes":{"route":"/tasks","error":true}}
# {"timestamp":"2026-04-22T14:43:50.302Z","level":"info","service":"my-module","event":"span.end","trace_id":"b635b09ee30d481e8d8e987abb26d35a","span_id":"49de6ef2b39d4938","parent_span_id":null,"name":"http.POST /tasks","duration_ms":0,"status":"error","attributes":{"http.method":"POST","http.route":"/tasks","http.status_code":413,"exception.type":"Error","exception.message":"Request body exceeds 24 bytes"}}
# {"timestamp":"2026-04-22T14:43:50.302Z","level":"error","service":"my-module","event":"http.error","trace_id":"b635b09ee30d481e8d8e987abb26d35a","correlation_id":"32aebac9-2d0c-4026-98fd-c12eb33d301b","route":"/tasks","status":413,"message":"Request body exceeds 24 bytes"}
# Subtest: [server wiring smoke] body limit returns 413 over HTTP transport
ok 140 - [server wiring smoke] body limit returns 413 over HTTP transport
  ---
  duration_ms: 3.581865
  type: 'test'
  ...
# {"timestamp":"2026-04-22T14:43:50.330Z","level":"info","service":"my-module","event":"metric.counter","name":"http_errors_total","delta":1,"total":3,"attributes":{"route":"/tasks","method":"POST","status":408}}
# {"timestamp":"2026-04-22T14:43:50.338Z","level":"info","service":"my-module","event":"metric.histogram","name":"http_duration_ms","value":26,"unit":"ms","attributes":{"route":"/tasks","error":true}}
# {"timestamp":"2026-04-22T14:43:50.338Z","level":"info","service":"my-module","event":"span.end","trace_id":"93b268a337984589a82e721589ccf1e9","span_id":"69f0f01ac4bc4d53","parent_span_id":null,"name":"http.POST /tasks","duration_ms":33,"status":"error","attributes":{"http.method":"POST","http.route":"/tasks","http.status_code":408,"exception.type":"Error","exception.message":"Request body was not fully received within 20ms"}}
# {"timestamp":"2026-04-22T14:43:50.338Z","level":"error","service":"my-module","event":"http.error","trace_id":"93b268a337984589a82e721589ccf1e9","correlation_id":"9cda92d6-1065-4d5f-830e-1cc5e7094ff6","route":"/tasks","status":408,"message":"Request body was not fully received within 20ms"}
# Subtest: [server wiring smoke] slow request body returns 408 over HTTP transport
ok 141 - [server wiring smoke] slow request body returns 408 over HTTP transport
  ---
  duration_ms: 36.522933
  type: 'test'
  ...
# {"timestamp":"2026-04-22T14:43:50.345Z","level":"info","service":"my-module","event":"metric.counter","name":"http_errors_total","delta":1,"total":4,"attributes":{"route":"/tasks/task-1776869030343-2","method":"GET","status":429}}
# {"timestamp":"2026-04-22T14:43:50.345Z","level":"info","service":"my-module","event":"metric.histogram","name":"http_duration_ms","value":0,"unit":"ms","attributes":{"route":"/tasks/task-1776869030343-2","error":true}}
# {"timestamp":"2026-04-22T14:43:50.345Z","level":"info","service":"my-module","event":"span.end","trace_id":"0491151a0bc44ee089ece80cd6d7d578","span_id":"3862331b46a34933","parent_span_id":null,"name":"http.GET /tasks/task-1776869030343-2","duration_ms":0,"status":"error","attributes":{"http.method":"GET","http.route":"/tasks/task-1776869030343-2","http.status_code":429,"exception.type":"Error","exception.message":"Rate limit exceeded for this caller"}}
# {"timestamp":"2026-04-22T14:43:50.345Z","level":"error","service":"my-module","event":"http.error","trace_id":"0491151a0bc44ee089ece80cd6d7d578","correlation_id":"a7d94b20-7936-435f-9996-9a42f9b02095","route":"/tasks/task-1776869030343-2","status":429,"message":"Rate limit exceeded for this caller"}
# Subtest: [server wiring smoke] rate limit returns 429 with retry headers
ok 142 - [server wiring smoke] rate limit returns 429 with retry headers
  ---
  duration_ms: 6.587812
  type: 'test'
  ...
# {"timestamp":"2026-04-22T14:43:50.351Z","level":"info","service":"my-module","event":"metric.counter","name":"http_errors_total","delta":1,"total":5,"attributes":{"route":"/tasks","method":"POST","status":422}}
# {"timestamp":"2026-04-22T14:43:50.351Z","level":"info","service":"my-module","event":"metric.histogram","name":"http_duration_ms","value":0,"unit":"ms","attributes":{"route":"/tasks","error":true}}
# {"timestamp":"2026-04-22T14:43:50.352Z","level":"info","service":"my-module","event":"span.end","trace_id":"96fb8936bc584c38ba273fa2d21874be","span_id":"dc75d1f800de4bdb","parent_span_id":null,"name":"http.POST /tasks","duration_ms":0,"status":"error","attributes":{"http.method":"POST","http.route":"/tasks","http.status_code":422,"exception.type":"Error","exception.message":"Idempotency-Key reuse detected with a different request payload"}}
# {"timestamp":"2026-04-22T14:43:50.352Z","level":"error","service":"my-module","event":"http.error","trace_id":"96fb8936bc584c38ba273fa2d21874be","correlation_id":"8509bbb8-9605-4d61-a827-bc0746246f39","route":"/tasks","status":422,"message":"Idempotency-Key reuse detected with a different request payload"}
# Subtest: [server wiring smoke] POST idempotency replays identical task create and rejects mismatched reuse
ok 143 - [server wiring smoke] POST idempotency replays identical task create and rejects mismatched reuse
  ---
  duration_ms: 5.671098
  type: 'test'
  ...
# Subtest: [server wiring smoke] billing permission denial survives HTTP transport
ok 144 - [server wiring smoke] billing permission denial survives HTTP transport
  ---
  duration_ms: 3.96688
  type: 'test'
  ...
# Subtest: [server wiring smoke] video flow succeeds over HTTP transport and preserves zero-valued fields
ok 145 - [server wiring smoke] video flow succeeds over HTTP transport and preserves zero-valued fields
  ---
  duration_ms: 12.151468
  type: 'test'
  ...
# Subtest: [server wiring smoke] disabled task-management flag returns 404 over HTTP transport
ok 146 - [server wiring smoke] disabled task-management flag returns 404 over HTTP transport
  ---
  duration_ms: 3.702068
  type: 'test'
  ...
# Subtest: [server wiring smoke] disabled video transcode flag returns 404 over HTTP transport
ok 147 - [server wiring smoke] disabled video transcode flag returns 404 over HTTP transport
  ---
  duration_ms: 7.894492
  type: 'test'
  ...
# {"timestamp":"2026-04-22T14:43:50.384Z","level":"info","service":"my-module","event":"metric.counter","name":"http_requests_total","delta":1,"total":6,"attributes":{"route":"/unknown-route","method":"GET","status":404}}
# {"timestamp":"2026-04-22T14:43:50.384Z","level":"info","service":"my-module","event":"metric.histogram","name":"http_duration_ms","value":0,"unit":"ms","attributes":{"route":"/unknown-route"}}
# {"timestamp":"2026-04-22T14:43:50.384Z","level":"info","service":"my-module","event":"span.end","trace_id":"cc54faa7a3f647988d4ce274977d3ac2","span_id":"c193a7e25ed14260","parent_span_id":null,"name":"http.GET /unknown-route","duration_ms":0,"status":"error","attributes":{"http.method":"GET","http.route":"/unknown-route","http.status_code":404}}
# Subtest: [server wiring smoke] unknown route returns RFC 9457 content type over HTTP transport
ok 148 - [server wiring smoke] unknown route returns RFC 9457 content type over HTTP transport
  ---
  duration_ms: 4.488308
  type: 'test'
  ...
# Subtest: [session bootstrap smoke] bootstrap summary narrows session reads, commands, and prompt seed
ok 149 - [session bootstrap smoke] bootstrap summary narrows session reads, commands, and prompt seed
  ---
  duration_ms: 1316.962462
  type: 'test'
  ...
# (node:63320) ExperimentalWarning: SQLite is an experimental feature and might change at any time
# (Use `node --trace-warnings ...` to show where the warning was created)
# {"timestamp":"2026-04-22T14:43:51.268Z","level":"info","service":"my-module","event":"span.end","trace_id":"906acae7f2f14b00bd4dd571d67d9cff","span_id":"0ece5fd98a5b465b","parent_span_id":"10cb9c9e8c7546c0","name":"planning_studio.stage_run","duration_ms":850,"status":"ok","attributes":{"http.route":"/api/planning-studio/stage-run","http.request.method":"POST","code.function":"createAppHandler","control_center.operation.duration_ms":849,"stage_run.stage":"D","stage_run.module":"task-management","stage_run.mode":"dry-run","stage_run.status":"ready","stage_run.report_saved":true,"stage_run.release_evidence.generated":false}}
# {"timestamp":"2026-04-22T14:43:51.268Z","level":"info","service":"my-module","event":"metric.histogram","name":"control_center_operation_duration_ms","value":849,"unit":"ms","attributes":{"operation":"planning_studio.stage_run","route":"/api/planning-studio/stage-run","method":"POST"}}
# {"timestamp":"2026-04-22T14:43:51.268Z","level":"info","service":"my-module","event":"control_center.operation","trace_id":"906acae7f2f14b00bd4dd571d67d9cff","parent_span_id":"10cb9c9e8c7546c0","span_id":"0ece5fd98a5b465b","correlation_id":"533d5791-3a36-49be-9405-4014a68f521b","request_id":"533d5791-3a36-49be-9405-4014a68f521b","operation":"planning_studio.stage_run","route":"/api/planning-studio/stage-run","method":"POST","duration_ms":849,"message":"ok","stage_run.stage":"D","stage_run.module":"task-management","stage_run.mode":"dry-run","stage_run.status":"ready","stage_run.report_saved":true,"stage_run.release_evidence.generated":false}
# {"timestamp":"2026-04-22T14:43:51.268Z","level":"info","service":"my-module","event":"metric.counter","name":"stage_run_report_saved_total","delta":1,"total":1,"attributes":{"route":"/api/planning-studio/stage-run","method":"POST","stage":"D","module":"task-management","mode":"dry-run"}}
# {"timestamp":"2026-04-22T14:43:51.268Z","level":"info","service":"my-module","event":"stage_run.save_ok","correlation_id":"533d5791-3a36-49be-9405-4014a68f521b","request_id":"533d5791-3a36-49be-9405-4014a68f521b","stage":"D","module":"task-management"}
# {"timestamp":"2026-04-22T14:43:51.517Z","level":"warn","service":"my-module","event":"server.draining","reason":"manual","drain_started_at":"2026-04-22T14:43:51.517Z"}
# Subtest: [stage run smoke] POST /api/planning-studio/stage-run returns dry-run report and replays idempotently
not ok 150 - [stage run smoke] POST /api/planning-studio/stage-run returns dry-run report and replays idempotently
  ---
  duration_ms: 1124.408195
  type: 'test'
  location: '/root/workspace/my-module/src/tests/smoke/stageRun.smoke.test.js:44:1'
  failureType: 'testCodeFailure'
  error: |-
    Expected values to be strictly equal:
    + actual - expected
    
    + 'not-requested'
    - 'dry-run-only'
    
  code: 'ERR_ASSERTION'
  name: 'AssertionError'
  expected: 'dry-run-only'
  actual: 'not-requested'
  operator: 'strictEqual'
  stack: |-
    TestContext.<anonymous> (/root/workspace/my-module/src/tests/smoke/stageRun.smoke.test.js:125:12)
    process.processTicksAndRejections (node:internal/process/task_queues:103:5)
    async Test.run (node:internal/test_runner/test:1054:7)
    async startSubtestAfterBootstrap (node:internal/test_runner/harness:296:3)
  ...
# Subtest: [stage run smoke] runStage execute mode returns PASS and FAIL reports from command outcomes
ok 151 - [stage run smoke] runStage execute mode returns PASS and FAIL reports from command outcomes
  ---
  duration_ms: 583.37957
  type: 'test'
  ...
# {"timestamp":"2026-04-22T14:43:52.112Z","level":"info","service":"my-module","event":"span.end","trace_id":"d7ad0af0082e4f7f9f3265373ca7be44","span_id":"8c868fc865314fe8","parent_span_id":"2c8834dc5acb471c","name":"planning_studio.stage_run","duration_ms":0,"status":"error","attributes":{"http.route":"/api/planning-studio/stage-run","http.request.method":"POST","code.function":"createAppHandler","exception.type":"Error","exception.message":"stage must be one of A, B, C, D, E","control_center.operation.duration_ms":0,"stage_run.reason":"invalid_stage","stage_run.stage":"Z"}}
# {"timestamp":"2026-04-22T14:43:52.112Z","level":"info","service":"my-module","event":"metric.histogram","name":"control_center_operation_duration_ms","value":0,"unit":"ms","attributes":{"operation":"planning_studio.stage_run","route":"/api/planning-studio/stage-run","method":"POST","error":true}}
# {"timestamp":"2026-04-22T14:43:52.112Z","level":"info","service":"my-module","event":"control_center.operation.failed","trace_id":"d7ad0af0082e4f7f9f3265373ca7be44","parent_span_id":"2c8834dc5acb471c","span_id":"8c868fc865314fe8","correlation_id":"c189e8fb-59d3-4c3b-91b8-6d677420f91f","request_id":"c189e8fb-59d3-4c3b-91b8-6d677420f91f","operation":"planning_studio.stage_run","route":"/api/planning-studio/stage-run","method":"POST","duration_ms":0,"error_message":"stage must be one of A, B, C, D, E","stage_run.reason":"invalid_stage","stage_run.stage":"Z"}
# {"timestamp":"2026-04-22T14:43:52.113Z","level":"warn","service":"my-module","event":"server.draining","reason":"manual","drain_started_at":"2026-04-22T14:43:52.113Z"}
# Subtest: [stage run smoke] POST /api/planning-studio/stage-run returns RFC 7807 400 on invalid stage name
ok 152 - [stage run smoke] POST /api/planning-studio/stage-run returns RFC 7807 400 on invalid stage name
  ---
  duration_ms: 6.37272
  type: 'test'
  ...
# {"timestamp":"2026-04-22T14:43:52.115Z","level":"info","service":"my-module","event":"span.end","trace_id":"1a88af2f7bd84d39b33e5fa0cca11da9","span_id":"19fd4dfa267b4762","parent_span_id":"b674292af9684f81","name":"planning_studio.stage_run","duration_ms":0,"status":"error","attributes":{"http.route":"/api/planning-studio/stage-run","http.request.method":"POST","code.function":"createAppHandler","exception.type":"Error","exception.message":"module must match ^[a-z][a-z0-9-]{0,62}$","control_center.operation.duration_ms":0,"stage_run.reason":"invalid_module","stage_run.module":"INVALID MODULE!"}}
# {"timestamp":"2026-04-22T14:43:52.115Z","level":"info","service":"my-module","event":"metric.histogram","name":"control_center_operation_duration_ms","value":0,"unit":"ms","attributes":{"operation":"planning_studio.stage_run","route":"/api/planning-studio/stage-run","method":"POST","error":true}}
# {"timestamp":"2026-04-22T14:43:52.115Z","level":"info","service":"my-module","event":"control_center.operation.failed","trace_id":"1a88af2f7bd84d39b33e5fa0cca11da9","parent_span_id":"b674292af9684f81","span_id":"19fd4dfa267b4762","correlation_id":"e84cf863-e3ca-4ca0-842a-747fe53d4da9","request_id":"e84cf863-e3ca-4ca0-842a-747fe53d4da9","operation":"planning_studio.stage_run","route":"/api/planning-studio/stage-run","method":"POST","duration_ms":0,"error_message":"module must match ^[a-z][a-z0-9-]{0,62}$","stage_run.reason":"invalid_module","stage_run.module":"INVALID MODULE!"}
# {"timestamp":"2026-04-22T14:43:52.116Z","level":"warn","service":"my-module","event":"server.draining","reason":"manual","drain_started_at":"2026-04-22T14:43:52.116Z"}
# Subtest: [stage run smoke] POST /api/planning-studio/stage-run returns RFC 7807 400 on invalid module pattern
ok 153 - [stage run smoke] POST /api/planning-studio/stage-run returns RFC 7807 400 on invalid module pattern
  ---
  duration_ms: 3.151627
  type: 'test'
  ...
# {"timestamp":"2026-04-22T14:43:52.119Z","level":"info","service":"my-module","event":"span.end","trace_id":"656404e4e19548acbee2301d8a173940","span_id":"ec7dd718b21d4e3b","parent_span_id":"8dfe6dfa02214ae9","name":"planning_studio.stage_run","duration_ms":1,"status":"error","attributes":{"http.route":"/api/planning-studio/stage-run","http.request.method":"POST","code.function":"createAppHandler","exception.type":"Error","exception.message":"stage execute 모드는 system.admin 권한이 필요합니다.","control_center.operation.duration_ms":1,"stage_run.reason":"forbidden_execute","stage_run.stage":"D"}}
# {"timestamp":"2026-04-22T14:43:52.119Z","level":"info","service":"my-module","event":"metric.histogram","name":"control_center_operation_duration_ms","value":1,"unit":"ms","attributes":{"operation":"planning_studio.stage_run","route":"/api/planning-studio/stage-run","method":"POST","error":true}}
# {"timestamp":"2026-04-22T14:43:52.119Z","level":"info","service":"my-module","event":"control_center.operation.failed","trace_id":"656404e4e19548acbee2301d8a173940","parent_span_id":"8dfe6dfa02214ae9","span_id":"ec7dd718b21d4e3b","correlation_id":"5869e480-22e0-4a17-9acc-aa8f5e97e4d6","request_id":"5869e480-22e0-4a17-9acc-aa8f5e97e4d6","operation":"planning_studio.stage_run","route":"/api/planning-studio/stage-run","method":"POST","duration_ms":1,"error_message":"stage execute 모드는 system.admin 권한이 필요합니다.","stage_run.reason":"forbidden_execute","stage_run.stage":"D"}
# {"timestamp":"2026-04-22T14:43:52.566Z","level":"info","service":"my-module","event":"span.end","trace_id":"591dbc73e21443c1a4a65407c2b54902","span_id":"9163d61d3abd4208","parent_span_id":"f624a74d557d41e2","name":"planning_studio.stage_run","duration_ms":447,"status":"ok","attributes":{"http.route":"/api/planning-studio/stage-run","http.request.method":"POST","code.function":"createAppHandler","control_center.operation.duration_ms":447,"stage_run.stage":"D","stage_run.module":"all","stage_run.mode":"dry-run","stage_run.status":"ready","stage_run.report_saved":true,"stage_run.release_evidence.generated":false}}
# {"timestamp":"2026-04-22T14:43:52.566Z","level":"info","service":"my-module","event":"metric.histogram","name":"control_center_operation_duration_ms","value":447,"unit":"ms","attributes":{"operation":"planning_studio.stage_run","route":"/api/planning-studio/stage-run","method":"POST"}}
# {"timestamp":"2026-04-22T14:43:52.566Z","level":"info","service":"my-module","event":"control_center.operation","trace_id":"591dbc73e21443c1a4a65407c2b54902","parent_span_id":"f624a74d557d41e2","span_id":"9163d61d3abd4208","correlation_id":"83a482a5-786d-483e-afcb-4a9e6996f8f9","request_id":"83a482a5-786d-483e-afcb-4a9e6996f8f9","operation":"planning_studio.stage_run","route":"/api/planning-studio/stage-run","method":"POST","duration_ms":447,"message":"ok","stage_run.stage":"D","stage_run.module":"all","stage_run.mode":"dry-run","stage_run.status":"ready","stage_run.report_saved":true,"stage_run.release_evidence.generated":false}
# {"timestamp":"2026-04-22T14:43:52.566Z","level":"info","service":"my-module","event":"metric.counter","name":"stage_run_report_saved_total","delta":1,"total":2,"attributes":{"route":"/api/planning-studio/stage-run","method":"POST","stage":"D","module":"all","mode":"dry-run"}}
# {"timestamp":"2026-04-22T14:43:52.566Z","level":"info","service":"my-module","event":"stage_run.save_ok","correlation_id":"83a482a5-786d-483e-afcb-4a9e6996f8f9","request_id":"83a482a5-786d-483e-afcb-4a9e6996f8f9","stage":"D","module":""}
# {"timestamp":"2026-04-22T14:43:52.567Z","level":"warn","service":"my-module","event":"server.draining","reason":"manual","drain_started_at":"2026-04-22T14:43:52.567Z"}
# Subtest: [stage run smoke] POST /api/planning-studio/stage-run execute mode returns RFC 7807 403 without system.admin
ok 154 - [stage run smoke] POST /api/planning-studio/stage-run execute mode returns RFC 7807 403 without system.admin
  ---
  duration_ms: 451.228869
  type: 'test'
  ...
# (node:63343) ExperimentalWarning: SQLite is an experimental feature and might change at any time
# (Use `node --trace-warnings ...` to show where the warning was created)
# {"timestamp":"2026-04-22T14:43:50.574Z","level":"info","service":"my-module","event":"metric.counter","name":"stage_run_release_evidence_generated_total","delta":1,"total":1,"attributes":{"route":"/api/planning-studio/stage-run","method":"POST","stage":"D","module":"task-management"}}
# {"timestamp":"2026-04-22T14:43:50.574Z","level":"info","service":"my-module","event":"stage_run.release_evidence_ok","correlation_id":"a1df9533-a473-4925-b082-175667846e11","request_id":"a1df9533-a473-4925-b082-175667846e11","stage":"D","module":"task-management"}
# {"timestamp":"2026-04-22T14:43:50.575Z","level":"info","service":"my-module","event":"span.end","trace_id":"6e9185956d8c474799c66575e9c24829","span_id":"76a9867de2be40cd","parent_span_id":"8d2664f1c0304627","name":"planning_studio.stage_run","duration_ms":5,"status":"ok","attributes":{"http.route":"/api/planning-studio/stage-run","http.request.method":"POST","code.function":"createAppHandler","control_center.operation.duration_ms":5,"stage_run.stage":"D","stage_run.module":"task-management","stage_run.mode":"execute","stage_run.status":"pass","stage_run.report_saved":true,"stage_run.release_evidence.generated":true}}
# {"timestamp":"2026-04-22T14:43:50.575Z","level":"info","service":"my-module","event":"metric.histogram","name":"control_center_operation_duration_ms","value":5,"unit":"ms","attributes":{"operation":"planning_studio.stage_run","route":"/api/planning-studio/stage-run","method":"POST"}}
# {"timestamp":"2026-04-22T14:43:50.575Z","level":"info","service":"my-module","event":"control_center.operation","trace_id":"6e9185956d8c474799c66575e9c24829","parent_span_id":"8d2664f1c0304627","span_id":"76a9867de2be40cd","correlation_id":"a1df9533-a473-4925-b082-175667846e11","request_id":"a1df9533-a473-4925-b082-175667846e11","operation":"planning_studio.stage_run","route":"/api/planning-studio/stage-run","method":"POST","duration_ms":5,"message":"ok","stage_run.stage":"D","stage_run.module":"task-management","stage_run.mode":"execute","stage_run.status":"pass","stage_run.report_saved":true,"stage_run.release_evidence.generated":true}
# {"timestamp":"2026-04-22T14:43:50.575Z","level":"info","service":"my-module","event":"metric.counter","name":"stage_run_report_saved_total","delta":1,"total":1,"attributes":{"route":"/api/planning-studio/stage-run","method":"POST","stage":"D","module":"task-management","mode":"execute"}}
# {"timestamp":"2026-04-22T14:43:50.575Z","level":"info","service":"my-module","event":"stage_run.save_ok","correlation_id":"a1df9533-a473-4925-b082-175667846e11","request_id":"a1df9533-a473-4925-b082-175667846e11","stage":"D","module":"task-management"}
# {"timestamp":"2026-04-22T14:43:50.944Z","level":"warn","service":"my-module","event":"server.draining","reason":"manual","drain_started_at":"2026-04-22T14:43:50.941Z"}
# Subtest: [stage run release evidence smoke] execute PASS auto-generates release evidence once and replays idempotently
not ok 155 - [stage run release evidence smoke] execute PASS auto-generates release evidence once and replays idempotently
  ---
  duration_ms: 517.362398
  type: 'test'
  location: '/root/workspace/my-module/src/tests/smoke/stageRunReleaseEvidence.smoke.test.js:174:1'
  failureType: 'testCodeFailure'
  error: |-
    Expected values to be strictly equal:
    
    false !== true
    
  code: 'ERR_ASSERTION'
  name: 'AssertionError'
  expected: true
  actual: false
  operator: 'strictEqual'
  stack: |-
    TestContext.<anonymous> (/root/workspace/my-module/src/tests/smoke/stageRunReleaseEvidence.smoke.test.js:215:12)
    process.processTicksAndRejections (node:internal/process/task_queues:103:5)
    async Test.run (node:internal/test_runner/test:1054:7)
    async startSubtestAfterBootstrap (node:internal/test_runner/harness:296:3)
  ...
# {"timestamp":"2026-04-22T14:43:50.971Z","level":"info","service":"my-module","event":"metric.counter","name":"stage_run_release_evidence_failures_total","delta":1,"total":1,"attributes":{"route":"/api/planning-studio/stage-run","method":"POST","stage":"D","module":"task-management"}}
# {"timestamp":"2026-04-22T14:43:50.971Z","level":"warn","service":"my-module","event":"stage_run.release_evidence_failed","correlation_id":"df890f3d-6089-4909-ab41-3bdc206323d3","request_id":"df890f3d-6089-4909-ab41-3bdc206323d3","stage":"D","module":"task-management","exit_code":17,"stderr":"simulated release evidence failure","error":null}
# {"timestamp":"2026-04-22T14:43:50.974Z","level":"info","service":"my-module","event":"span.end","trace_id":"49c9598b7a8343228a6c21baf2e79b93","span_id":"92a6b134c96245dc","parent_span_id":"42ee8557aee34f1c","name":"planning_studio.stage_run","duration_ms":3,"status":"ok","attributes":{"http.route":"/api/planning-studio/stage-run","http.request.method":"POST","code.function":"createAppHandler","control_center.operation.duration_ms":3,"stage_run.stage":"D","stage_run.module":"task-management","stage_run.mode":"execute","stage_run.status":"pass","stage_run.report_saved":true,"stage_run.release_evidence.generated":false}}
# {"timestamp":"2026-04-22T14:43:50.974Z","level":"info","service":"my-module","event":"metric.histogram","name":"control_center_operation_duration_ms","value":3,"unit":"ms","attributes":{"operation":"planning_studio.stage_run","route":"/api/planning-studio/stage-run","method":"POST"}}
# {"timestamp":"2026-04-22T14:43:50.974Z","level":"info","service":"my-module","event":"control_center.operation","trace_id":"49c9598b7a8343228a6c21baf2e79b93","parent_span_id":"42ee8557aee34f1c","span_id":"92a6b134c96245dc","correlation_id":"df890f3d-6089-4909-ab41-3bdc206323d3","request_id":"df890f3d-6089-4909-ab41-3bdc206323d3","operation":"planning_studio.stage_run","route":"/api/planning-studio/stage-run","method":"POST","duration_ms":3,"message":"ok","stage_run.stage":"D","stage_run.module":"task-management","stage_run.mode":"execute","stage_run.status":"pass","stage_run.report_saved":true,"stage_run.release_evidence.generated":false}
# {"timestamp":"2026-04-22T14:43:50.974Z","level":"info","service":"my-module","event":"metric.counter","name":"stage_run_report_saved_total","delta":1,"total":2,"attributes":{"route":"/api/planning-studio/stage-run","method":"POST","stage":"D","module":"task-management","mode":"execute"}}
# {"timestamp":"2026-04-22T14:43:50.974Z","level":"info","service":"my-module","event":"stage_run.save_ok","correlation_id":"df890f3d-6089-4909-ab41-3bdc206323d3","request_id":"df890f3d-6089-4909-ab41-3bdc206323d3","stage":"D","module":"task-management"}
# {"timestamp":"2026-04-22T14:43:51.260Z","level":"warn","service":"my-module","event":"server.draining","reason":"manual","drain_started_at":"2026-04-22T14:43:51.260Z"}
# Subtest: [stage run release evidence smoke] execute PASS keeps stage-run success even when release evidence generation fails
not ok 156 - [stage run release evidence smoke] execute PASS keeps stage-run success even when release evidence generation fails
  ---
  duration_ms: 305.279129
  type: 'test'
  location: '/root/workspace/my-module/src/tests/smoke/stageRunReleaseEvidence.smoke.test.js:242:1'
  failureType: 'testCodeFailure'
  error: |-
    Expected values to be strictly equal:
    + actual - expected
    
    + 'None'
    - 'simulated release evidence failure'
    
  code: 'ERR_ASSERTION'
  name: 'AssertionError'
  expected: 'simulated release evidence failure'
  actual: 'None'
  operator: 'strictEqual'
  stack: |-
    TestContext.<anonymous> (/root/workspace/my-module/src/tests/smoke/stageRunReleaseEvidence.smoke.test.js:279:12)
    process.processTicksAndRejections (node:internal/process/task_queues:103:5)
    async Test.run (node:internal/test_runner/test:1054:7)
    async Test.processPendingSubtests (node:internal/test_runner/test:744:7)
  ...
# (node:63599) ExperimentalWarning: SQLite is an experimental feature and might change at any time
# (Use `node --trace-warnings ...` to show where the warning was created)
# {"timestamp":"2026-04-22T14:43:51.330Z","level":"info","service":"my-module","event":"span.end","trace_id":"5ff9c00e81d347839da799b34baa24ab","span_id":"1f225031780240f3","parent_span_id":"5db934ad6ec8454a","name":"planning_studio.stage_run","duration_ms":342,"status":"ok","attributes":{"http.route":"/api/planning-studio/stage-run","http.request.method":"POST","code.function":"createAppHandler","control_center.operation.duration_ms":342,"stage_run.stage":"D","stage_run.module":"task-management","stage_run.mode":"dry-run","stage_run.status":"ready","stage_run.report_saved":false,"stage_run.release_evidence.generated":false}}
# {"timestamp":"2026-04-22T14:43:51.331Z","level":"info","service":"my-module","event":"metric.histogram","name":"control_center_operation_duration_ms","value":342,"unit":"ms","attributes":{"operation":"planning_studio.stage_run","route":"/api/planning-studio/stage-run","method":"POST"}}
# {"timestamp":"2026-04-22T14:43:51.331Z","level":"info","service":"my-module","event":"control_center.operation","trace_id":"5ff9c00e81d347839da799b34baa24ab","parent_span_id":"5db934ad6ec8454a","span_id":"1f225031780240f3","correlation_id":"772f9e1b-6ade-4da6-a9b3-a2610e2fec67","request_id":"772f9e1b-6ade-4da6-a9b3-a2610e2fec67","operation":"planning_studio.stage_run","route":"/api/planning-studio/stage-run","method":"POST","duration_ms":342,"message":"ok","stage_run.stage":"D","stage_run.module":"task-management","stage_run.mode":"dry-run","stage_run.status":"ready","stage_run.report_saved":false,"stage_run.release_evidence.generated":false}
# {"timestamp":"2026-04-22T14:43:51.331Z","level":"info","service":"my-module","event":"metric.counter","name":"stage_run_report_save_failures_total","delta":1,"total":1,"attributes":{"route":"/api/planning-studio/stage-run","method":"POST","stage":"D","module":"task-management","mode":"dry-run"}}
# {"timestamp":"2026-04-22T14:43:51.331Z","level":"warn","service":"my-module","event":"stage_run.save_failed","correlation_id":"772f9e1b-6ade-4da6-a9b3-a2610e2fec67","request_id":"772f9e1b-6ade-4da6-a9b3-a2610e2fec67","stage":"D","module":"task-management","exit_code":23,"stderr":"simulated save-stage-run failure","error":null}
# {"timestamp":"2026-04-22T14:43:51.345Z","level":"warn","service":"my-module","event":"server.draining","reason":"manual","drain_started_at":"2026-04-22T14:43:51.345Z"}
# Subtest: [stage run save failure smoke] stage-run responds with runtime observability when report persistence fails
ok 157 - [stage run save failure smoke] stage-run responds with runtime observability when report persistence fails
  ---
  duration_ms: 444.181755
  type: 'test'
  ...
# Subtest: [starter preset] goal-specific planning/routing/template preset is generated
ok 158 - [starter preset] goal-specific planning/routing/template preset is generated
  ---
  duration_ms: 143.527386
  type: 'test'
  ...
# Subtest: [startup diagnostic] shows env-absent hint when .env not found
ok 159 - [startup diagnostic] shows env-absent hint when .env not found
  ---
  duration_ms: 1.157462
  type: 'test'
  ...
# Subtest: [startup diagnostic] shows loaded flags when .env present with overrides
ok 160 - [startup diagnostic] shows loaded flags when .env present with overrides
  ---
  duration_ms: 2.071937
  type: 'test'
  ...
# Subtest: [startup diagnostic] shows hint when .env present but no WOS_FLAG_ vars
ok 161 - [startup diagnostic] shows hint when .env present but no WOS_FLAG_ vars
  ---
  duration_ms: 0.158394
  type: 'test'
  ...
# Subtest: [startup diagnostic] shows flags.yaml load failure warning
ok 162 - [startup diagnostic] shows flags.yaml load failure warning
  ---
  duration_ms: 0.097169
  type: 'test'
  ...
# Subtest: [startup diagnostic] separator lines present for terminal readability
ok 163 - [startup diagnostic] separator lines present for terminal readability
  ---
  duration_ms: 0.144516
  type: 'test'
  ...
# Subtest: [static analysis gate smoke] eslint reports zero errors across src/ domains/ scripts/
not ok 164 - [static analysis gate smoke] eslint reports zero errors across src/ domains/ scripts/
  ---
  duration_ms: 4071.387577
  type: 'test'
  location: '/root/workspace/my-module/src/tests/smoke/staticAnalysisGate.smoke.test.js:12:1'
  failureType: 'testCodeFailure'
  error: |-
    ESLint found lint errors or warnings — fix before releasing:
    
    /root/workspace/my-module/scripts/db-migrate.js
      51:5  warning  Unexpected console statement  no-console
      53:5  warning  Unexpected console statement  no-console
      59:1  warning  Unexpected console statement  no-console
    
    /root/workspace/my-module/src/server/createServer.js
      37:3   error  'PostgresInvoiceRepository' is assigned a value but never used           no-unused-vars
      38:3   error  'PostgresPaymentRepository' is assigned a value but never used           no-unused-vars
      39:3   error  'PostgresBillingExceptionRepository' is assigned a value but never used  no-unused-vars
      41:9   error  'SQLiteBillingRepository' is assigned a value but never used             no-unused-vars
      44:9   error  'PostgresVideoRepository' is assigned a value but never used             no-unused-vars
      44:34  error  'PostgresTranscodeJobRepository' is assigned a value but never used      no-unused-vars
      45:9   error  'SQLiteVideoRepository' is assigned a value but never used               no-unused-vars
      45:32  error  'SQLiteTranscodeJobRepository' is assigned a value but never used        no-unused-vars
    
    ✖ 11 problems (8 errors, 3 warnings)
    
    
    + actual - expected
    
    + '\n' +
    +   '/root/workspace/my-module/scripts/db-migrate.js\n' +
    +   '  51:5  warning  Unexpected console statement  no-console\n' +
    +   '  53:5  warning  Unexpected console statement  no-console\n' +
    +   '  59:1  warning  Unexpected console statement  no-console\n' +
    +   '\n' +
    +   '/root/workspace/my-module/src/server/createServer.js\n' +
    +   "  37:3   error  'PostgresInvoiceRepository' is assigned a value but never used           no-unused-vars\n" +
    +   "  38:3   error  'PostgresPaymentRepository' is assigned a value but never used           no-unused-vars\n" +
    +   "  39:3   error  'PostgresBillingExceptionRepository' is assigned a value but never used  no-unused-vars\n" +
    +   "  41:9   error  'SQLiteBillingRepository' is assigned a value but never used             no-unused-vars\n" +
    +   "  44:9   error  'PostgresVideoRepository' is assigned a value but never used             no-unused-vars\n" +
    +   "  44:34  error  'PostgresTranscodeJobRepository' is assigned a value but never used      no-unused-vars\n" +
    +   "  45:9   error  'SQLiteVideoRepository' is assigned a value but never used               no-unused-vars\n" +
    +   "  45:32  error  'SQLiteTranscodeJobRepository' is assigned a value but never used        no-unused-vars\n" +
    +   '\n' +
    +   '✖ 11 problems (8 errors, 3 warnings)\n' +
    +   '\n'
    - ''
    
  code: 'ERR_ASSERTION'
  name: 'AssertionError'
  expected: ''
  actual: |-
    
    /root/workspace/my-module/scripts/db-migrate.js
      51:5  warning  Unexpected console statement  no-console
      53:5  warning  Unexpected console statement  no-console
      59:1  warning  Unexpected console statement  no-console
    
    /root/workspace/my-module/src/server/createServer.js
      37:3   error  'PostgresInvoiceRepository' is assigned a value but never used           no-unused-vars
      38:3   error  'PostgresPaymentRepository' is assigned a value but never used           no-unused-vars
      39:3   error  'PostgresBillingExceptionRepository' is assigned a value but never used  no-unused-vars
      41:9   error  'SQLiteBillingRepository' is assigned a value but never used             no-unused-vars
      44:9   error  'PostgresVideoRepository' is assigned a value but never used             no-unused-vars
      44:34  error  'PostgresTranscodeJobRepository' is assigned a value but never used      no-unused-vars
      45:9   error  'SQLiteVideoRepository' is assigned a value but never used               no-unused-vars
      45:32  error  'SQLiteTranscodeJobRepository' is assigned a value but never used        no-unused-vars
    
    ✖ 11 problems (8 errors, 3 warnings)
    
    
  operator: 'strictEqual'
  stack: |-
    TestContext.<anonymous> (/root/workspace/my-module/src/tests/smoke/staticAnalysisGate.smoke.test.js:26:10)
    process.processTicksAndRejections (node:internal/process/task_queues:103:5)
    async Test.run (node:internal/test_runner/test:1054:7)
    async startSubtestAfterBootstrap (node:internal/test_runner/harness:296:3)
  ...
# Subtest: [static ui home] artifacts root home is generated with core navigation links
ok 165 - [static ui home] artifacts root home is generated with core navigation links
  ---
  duration_ms: 3015.856394
  type: 'test'
  ...
# (node:64189) ExperimentalWarning: SQLite is an experimental feature and might change at any time
# (Use `node --trace-warnings ...` to show where the warning was created)
# {"timestamp":"2026-04-22T14:43:51.875Z","level":"warn","service":"my-module","event":"server.draining","reason":"test","drain_started_at":"2026-04-22T14:43:51.875Z"}
# Subtest: [system api adversarial smoke] unauthorized admin actions return structured 403
ok 166 - [system api adversarial smoke] unauthorized admin actions return structured 403
  ---
  duration_ms: 62.816426
  type: 'test'
  ...
# {"timestamp":"2026-04-22T14:43:51.910Z","level":"warn","service":"my-module","event":"server.draining","reason":"test","drain_started_at":"2026-04-22T14:43:51.910Z"}
# Subtest: [system api adversarial smoke] SSE client can reconnect after disconnect with trace headers preserved
ok 167 - [system api adversarial smoke] SSE client can reconnect after disconnect with trace headers preserved
  ---
  duration_ms: 4025.835761
  type: 'test'
  ...
# (node:64547) ExperimentalWarning: SQLite is an experimental feature and might change at any time
# (Use `node --trace-warnings ...` to show where the warning was created)
# {"timestamp":"2026-04-22T14:43:52.717Z","level":"warn","service":"my-module","event":"server.draining","reason":"test","drain_started_at":"2026-04-22T14:43:52.717Z"}
# Subtest: [system api runtime smoke] system routes are mounted when system_api.enabled=true
ok 168 - [system api runtime smoke] system routes are mounted when system_api.enabled=true
  ---
  duration_ms: 68.01807
  type: 'test'
  ...
# {"timestamp":"2026-04-22T14:43:52.726Z","level":"warn","service":"my-module","event":"server.draining","reason":"test","drain_started_at":"2026-04-22T14:43:52.726Z"}
# Subtest: [system api runtime smoke] system routes return 404 when system_api.enabled=false
ok 169 - [system api runtime smoke] system routes return 404 when system_api.enabled=false
  ---
  duration_ms: 5.497553
  type: 'test'
  ...
# {"timestamp":"2026-04-22T14:43:52.732Z","level":"warn","service":"my-module","event":"server.draining","reason":"test","drain_started_at":"2026-04-22T14:43:52.732Z"}
# Subtest: [system api runtime smoke] sub-feature gates return 503 when disabled
not ok 170 - [system api runtime smoke] sub-feature gates return 503 when disabled
  ---
  duration_ms: 5006.133661
  type: 'test'
  location: '/root/workspace/my-module/src/tests/smoke/systemApiRuntime.smoke.test.js:126:1'
  failureType: 'testCodeFailure'
  error: |-
    Expected values to be strictly equal:
    
    200 !== 503
    
  code: 'ERR_ASSERTION'
  name: 'AssertionError'
  expected: 503
  actual: 200
  operator: 'strictEqual'
  stack: |-
    TestContext.<anonymous> (/root/workspace/my-module/src/tests/smoke/systemApiRuntime.smoke.test.js:135:12)
    process.processTicksAndRejections (node:internal/process/task_queues:103:5)
    async Test.run (node:internal/test_runner/test:1054:7)
    async Test.processPendingSubtests (node:internal/test_runner/test:744:7)
  ...
# (node:65208) ExperimentalWarning: SQLite is an experimental feature and might change at any time
# (Use `node --trace-warnings ...` to show where the warning was created)
# Subtest: [Stage E] 7개 System OS 아티팩트 파일 존재
ok 171 - [Stage E] 7개 System OS 아티팩트 파일 존재
  ---
  duration_ms: 0.877067
  type: 'test'
  ...
# Subtest: [Stage E] 모든 아티팩트에 shell.js + data-sse-connect 통합 확인
ok 172 - [Stage E] 모든 아티팩트에 shell.js + data-sse-connect 통합 확인
  ---
  duration_ms: 1.093371
  type: 'test'
  ...
# Subtest: [Stage E] shared 자산 파일 존재 및 최소 크기
ok 173 - [Stage E] shared 자산 파일 존재 및 최소 크기
  ---
  duration_ms: 1.344942
  type: 'test'
  ...
# Subtest: [Stage E] ui-shell.js 모듈 API 계약
ok 174 - [Stage E] ui-shell.js 모듈 API 계약
  ---
  duration_ms: 1.606772
  type: 'test'
  ...
# Subtest: [Stage E] SystemApiClient file mode 6개 메서드 응답 형태
ok 175 - [Stage E] SystemApiClient file mode 6개 메서드 응답 형태
  ---
  duration_ms: 3.395168
  type: 'test'
  ...
# {"timestamp":"2026-04-22T14:43:54.725Z","level":"warn","service":"my-module","event":"server.draining","reason":"test","drain_started_at":"2026-04-22T14:43:54.725Z"}
# Subtest: [Stage E] INV-SYS-001: toggleFlag — system.admin 없음 → 403
ok 176 - [Stage E] INV-SYS-001: toggleFlag — system.admin 없음 → 403
  ---
  duration_ms: 53.800408
  type: 'test'
  ...
# {"timestamp":"2026-04-22T14:43:54.735Z","level":"warn","service":"my-module","event":"server.draining","reason":"test","drain_started_at":"2026-04-22T14:43:54.735Z"}
# Subtest: [Stage E] INV-SYS-002: triggerRollback — system.admin 없음 → 403
ok 177 - [Stage E] INV-SYS-002: triggerRollback — system.admin 없음 → 403
  ---
  duration_ms: 10.201548
  type: 'test'
  ...
# {"timestamp":"2026-04-22T14:43:54.740Z","level":"warn","service":"my-module","event":"server.draining","reason":"test","drain_started_at":"2026-04-22T14:43:54.740Z"}
# Subtest: [Stage E] INV-SYS-003: system_api.enabled=false → GET /health → 404
ok 178 - [Stage E] INV-SYS-003: system_api.enabled=false → GET /health → 404
  ---
  duration_ms: 4.611812
  type: 'test'
  ...
# {"timestamp":"2026-04-22T14:43:54.746Z","level":"warn","service":"my-module","event":"server.draining","reason":"test","drain_started_at":"2026-04-22T14:43:54.746Z"}
# Subtest: [Stage E] INV-SYS-004: flag_toggle_ui=false → PATCH /flags/:id → 503
ok 179 - [Stage E] INV-SYS-004: flag_toggle_ui=false → PATCH /flags/:id → 503
  ---
  duration_ms: 5.757325
  type: 'test'
  ...
# {"timestamp":"2026-04-22T14:43:54.751Z","level":"warn","service":"my-module","event":"server.draining","reason":"test","drain_started_at":"2026-04-22T14:43:54.751Z"}
# Subtest: [Stage E] INV-SYS-005: rollback_ui=false → POST /rollback → 503
ok 180 - [Stage E] INV-SYS-005: rollback_ui=false → POST /rollback → 503
  ---
  duration_ms: 4.982449
  type: 'test'
  ...
# {"timestamp":"2026-04-22T14:43:54.756Z","level":"warn","service":"my-module","event":"server.draining","reason":"test","drain_started_at":"2026-04-22T14:43:54.756Z"}
# Subtest: [Stage E] GET /api/v1/system/events → text/event-stream (SSE 연결 확인)
ok 181 - [Stage E] GET /api/v1/system/events → text/event-stream (SSE 연결 확인)
  ---
  duration_ms: 6.278565
  type: 'test'
  ...
# Subtest: [token roi] context lock and exception routing produce token ROI guidance
ok 182 - [token roi] context lock and exception routing produce token ROI guidance
  ---
  duration_ms: 95.04439
  type: 'test'
  ...
# Subtest: [token roi routing] token ROI turns into a concrete routing patch
ok 183 - [token roi routing] token ROI turns into a concrete routing patch
  ---
  duration_ms: 79.02427
  type: 'test'
  ...
# Subtest: [validation profiles smoke] packet type and stage resolve to a stable minimum command bundle
ok 184 - [validation profiles smoke] packet type and stage resolve to a stable minimum command bundle
  ---
  duration_ms: 160.619629
  type: 'test'
  ...
# Subtest: [verified auto commit guard smoke] dry-run summary exposes commit candidate and validation bundle
ok 185 - [verified auto commit guard smoke] dry-run summary exposes commit candidate and validation bundle
  ---
  duration_ms: 172.796259
  type: 'test'
  ...
# Subtest: [verified auto commit guard smoke] guard blocks protected branches and failed validation
ok 186 - [verified auto commit guard smoke] guard blocks protected branches and failed validation
  ---
  duration_ms: 0.226315
  type: 'test'
  ...
# Subtest: [wp scheduler readiness] json output includes promotion pipeline readiness
ok 187 - [wp scheduler readiness] json output includes promotion pipeline readiness
  ---
  duration_ms: 284.326117
  type: 'test'
  ...
1..187
# tests 192
# suites 2
# pass 186
# fail 6
# cancelled 0
# skipped 0
# todo 0
# duration_ms 35105.4302