$ npm run test:e2e-smoke

> my-module@0.2.0 test:e2e-smoke
> node --test --test-force-exit 'domains/**/tests/smoke/**/*.test.js' 'src/tests/smoke/**/*.test.js'

TAP version 13
# Subtest: [billing smoke] 인보이스 목록 조회 성공
ok 1 - [billing smoke] 인보이스 목록 조회 성공
  ---
  duration_ms: 1.987511
  type: 'test'
  ...
# Subtest: [billing smoke] 권한 없는 인보이스 생성 거부
ok 2 - [billing smoke] 권한 없는 인보이스 생성 거부
  ---
  duration_ms: 1.652179
  type: 'test'
  ...
# Subtest: [billing smoke] 존재하지 않는 결제 조회는 404
ok 3 - [billing smoke] 존재하지 않는 결제 조회는 404
  ---
  duration_ms: 0.383009
  type: 'test'
  ...
# Subtest: [task-management smoke] 생성 후 상세 조회 성공
ok 4 - [task-management smoke] 생성 후 상세 조회 성공
  ---
  duration_ms: 1.520762
  type: 'test'
  ...
# Subtest: [task-management smoke] 권한 없는 목록 조회 거부
ok 5 - [task-management smoke] 권한 없는 목록 조회 거부
  ---
  duration_ms: 0.248275
  type: 'test'
  ...
# Subtest: [task-management smoke] 존재하지 않는 작업 조회는 404
ok 6 - [task-management smoke] 존재하지 않는 작업 조회는 404
  ---
  duration_ms: 0.219133
  type: 'test'
  ...
# Subtest: [adaptive starter] learned preset memory is promoted into starter defaults
ok 7 - [adaptive starter] learned preset memory is promoted into starter defaults
  ---
  duration_ms: 274.133113
  type: 'test'
  ...
# Subtest: [apply checkpoint] pre-apply review artifact is generated from decision and promotion state
ok 8 - [apply checkpoint] pre-apply review artifact is generated from decision and promotion state
  ---
  duration_ms: 1019.803093
  type: 'test'
  ...
# Subtest: [execution packet apply] exported packet can be applied to current-wp and next-actions
ok 9 - [execution packet apply] exported packet can be applied to current-wp and next-actions
  ---
  duration_ms: 53.598675
  type: 'test'
  ...
# Subtest: [apply outcome scorecard] apply history and token efficiency are summarized
ok 10 - [apply outcome scorecard] apply history and token efficiency are summarized
  ---
  duration_ms: 855.845806
  type: 'test'
  ...
# Subtest: [apply timeline] recent decision/apply history is summarized
ok 11 - [apply timeline] recent decision/apply history is summarized
  ---
  duration_ms: 1166.612293
  type: 'test'
  ...
# Subtest: [architecture fitness smoke] boundary guardrails pass for current domains
ok 12 - [architecture fitness smoke] boundary guardrails pass for current domains
  ---
  duration_ms: 77.135274
  type: 'test'
  ...
# Subtest: [benchmark pack] goal-specific benchmark action pack is generated
ok 13 - [benchmark pack] goal-specific benchmark action pack is generated
  ---
  duration_ms: 82.061436
  type: 'test'
  ...
# (node:35732) ExperimentalWarning: SQLite is an experimental feature and might change at any time
# (Use `node --trace-warnings ...` to show where the warning was created)
# {"timestamp":"2026-04-22T14:41:31.430Z","level":"warn","service":"my-module","event":"server.draining","reason":"manual","drain_started_at":"2026-04-22T14:41:31.430Z"}
# Subtest: [billing video event wiring smoke] POST /invoices → InvoiceCreated 이벤트가 ring buffer에 기록된다
ok 14 - [billing video event wiring smoke] POST /invoices → InvoiceCreated 이벤트가 ring buffer에 기록된다
  ---
  duration_ms: 19.44319
  type: 'test'
  ...
# {"timestamp":"2026-04-22T14:41:31.435Z","level":"warn","service":"my-module","event":"server.draining","reason":"manual","drain_started_at":"2026-04-22T14:41:31.435Z"}
# Subtest: [billing video event wiring smoke] POST /videos → VideoUploaded 이벤트가 ring buffer에 기록된다
ok 15 - [billing video event wiring smoke] POST /videos → VideoUploaded 이벤트가 ring buffer에 기록된다
  ---
  duration_ms: 4.512831
  type: 'test'
  ...
# {"timestamp":"2026-04-22T14:41:31.437Z","level":"info","service":"my-module","event":"metric.counter","name":"http_requests_total","delta":1,"total":1,"attributes":{"route":"/health","method":"GET"}}
# {"timestamp":"2026-04-22T14:41:31.437Z","level":"info","service":"my-module","event":"span.end","trace_id":"a8489ad63d794c85ab242b02d870fb39","span_id":"7654b03b64c94626","parent_span_id":null,"name":"http.GET /health","duration_ms":0,"status":"ok","attributes":{"http.method":"GET","http.route":"/health"}}
# {"timestamp":"2026-04-22T14:41:31.441Z","level":"info","service":"my-module","event":"metric.counter","name":"http_requests_total","delta":1,"total":2,"attributes":{"route":"/health","method":"GET"}}
# {"timestamp":"2026-04-22T14:41:31.441Z","level":"info","service":"my-module","event":"span.end","trace_id":"8e2fe5580d14486faf032ebced0235c6","span_id":"08eae7614d1b4c97","parent_span_id":null,"name":"http.GET /health","duration_ms":0,"status":"ok","attributes":{"http.method":"GET","http.route":"/health"}}
# {"timestamp":"2026-04-22T14:41:31.443Z","level":"warn","service":"my-module","event":"server.draining","reason":"manual","drain_started_at":"2026-04-22T14:41:31.443Z"}
# Subtest: [billing video event wiring smoke] EventBus getStats().publishCount가 billing+video 액션 후 증가한다
ok 16 - [billing video event wiring smoke] EventBus getStats().publishCount가 billing+video 액션 후 증가한다
  ---
  duration_ms: 7.398015
  type: 'test'
  ...
# Subtest: [blueprint launch] blueprint start deck is generated for the current goal
ok 17 - [blueprint launch] blueprint start deck is generated for the current goal
  ---
  duration_ms: 152.172538
  type: 'test'
  ...
# Subtest: [branch bootstrap smoke] current packet maps to a branch recommendation and commit template
ok 18 - [branch bootstrap smoke] current packet maps to a branch recommendation and commit template
  ---
  duration_ms: 96.480051
  type: 'test'
  ...
# Subtest: [capability brief] current capability summary joins hierarchy, planning mode, and benchmark focus
ok 19 - [capability brief] current capability summary joins hierarchy, planning mode, and benchmark focus
  ---
  duration_ms: 196.310987
  type: 'test'
  ...
# Subtest: [capability seed] capability-specific planning seed sections are generated
ok 20 - [capability seed] capability-specific planning seed sections are generated
  ---
  duration_ms: 157.069847
  type: 'test'
  ...
# Subtest: [capability seed tuning] mapped planning sections are generated from seed and feedback
ok 21 - [capability seed tuning] mapped planning sections are generated from seed and feedback
  ---
  duration_ms: 182.352032
  type: 'test'
  ...
# Subtest: [planning fit] constraint and adapter fit report is generated from current state
ok 22 - [planning fit] constraint and adapter fit report is generated from current state
  ---
  duration_ms: 87.914358
  type: 'test'
  ...
# Subtest: [handoff bundle] context, fit, and replay are composed into one artifact
ok 23 - [handoff bundle] context, fit, and replay are composed into one artifact
  ---
  duration_ms: 104.740201
  type: 'test'
  ...
# Subtest: [context drift] changed and missing files are surfaced from a lock manifest
ok 24 - [context drift] changed and missing files are surfaced from a lock manifest
  ---
  duration_ms: 47.769132
  type: 'test'
  ...
# Subtest: [context exception] bounded extra-read ledger is generated from remaining headroom
ok 25 - [context exception] bounded extra-read ledger is generated from remaining headroom
  ---
  duration_ms: 59.869277
  type: 'test'
  ...
# Subtest: [contract drift smoke] requirement-defined contracts validate cleanly
not ok 26 - [contract drift smoke] requirement-defined contracts validate cleanly
  ---
  duration_ms: 352.819861
  type: 'test'
  location: '/root/workspace/my-module/src/tests/smoke/contractDrift.smoke.test.js:11:1'
  failureType: 'testCodeFailure'
  error: |-
    Command failed: python3 scripts/validate_contract_drift.py
    
  code: 1
  stack: |-
    genericNodeError (node:internal/errors:983:15)
    wrappedFn (node:internal/errors:537:14)
    ChildProcess.exithandler (node:child_process:417:12)
    ChildProcess.emit (node:events:519:28)
    maybeClose (node:internal/child_process:1101:16)
    ChildProcess._handle.onexit (node:internal/child_process:304:5)
  ...
# Subtest: [contract drift smoke] ui shell control api contract stays aligned with frontend and runtime endpoints
ok 27 - [contract drift smoke] ui shell control api contract stays aligned with frontend and runtime endpoints
  ---
  duration_ms: 149.857026
  type: 'test'
  ...
# (node:35884) ExperimentalWarning: SQLite is an experimental feature and might change at any time
# (Use `node --trace-warnings ...` to show where the warning was created)
# {"timestamp":"2026-04-22T14:41:31.864Z","level":"info","service":"my-module","event":"metric.counter","name":"control_center_prompt_recommendations_total","delta":1,"total":1,"attributes":{"route":"/api/automation/optimize-prompt","method":"GET"}}
# {"timestamp":"2026-04-22T14:41:31.865Z","level":"info","service":"my-module","event":"span.end","trace_id":"deeaa0decf0047269a2e3df2f14c297f","span_id":"2571cd8c8a4643aa","parent_span_id":"2e53fd67db1a4fd5","name":"control_center.optimize_prompt","duration_ms":165,"status":"ok","attributes":{"http.route":"/api/automation/optimize-prompt","http.request.method":"GET","code.function":"createAppHandler","control_center.operation.duration_ms":165,"control_center.prompt.source":"planning-studio-snapshot","control_center.snapshot.ok":true}}
# {"timestamp":"2026-04-22T14:41:31.865Z","level":"info","service":"my-module","event":"metric.histogram","name":"control_center_operation_duration_ms","value":165,"unit":"ms","attributes":{"operation":"control_center.optimize_prompt","route":"/api/automation/optimize-prompt","method":"GET"}}
# {"timestamp":"2026-04-22T14:41:31.865Z","level":"info","service":"my-module","event":"control_center.operation","trace_id":"deeaa0decf0047269a2e3df2f14c297f","parent_span_id":"2e53fd67db1a4fd5","span_id":"2571cd8c8a4643aa","correlation_id":"40378d1a-f4ed-4bfc-bb48-424efd8addd7","request_id":"40378d1a-f4ed-4bfc-bb48-424efd8addd7","operation":"control_center.optimize_prompt","route":"/api/automation/optimize-prompt","method":"GET","duration_ms":165,"message":"ok","control_center.prompt.source":"planning-studio-snapshot","control_center.snapshot.ok":true}
# {"timestamp":"2026-04-22T14:41:31.875Z","level":"info","service":"my-module","event":"metric.counter","name":"pty_bridge_sessions_read_total","delta":1,"total":1,"attributes":{"route":"/api/pty/sessions","method":"GET"}}
# {"timestamp":"2026-04-22T14:41:31.875Z","level":"info","service":"my-module","event":"span.end","trace_id":"ae59a7ff0200437ab4eeb32cc10a9c58","span_id":"8495aa9c47484f59","parent_span_id":"a81cb9012e1e47b8","name":"pty.bridge.sessions","duration_ms":0,"status":"ok","attributes":{"http.route":"/api/pty/sessions","http.request.method":"GET","code.function":"createAppHandler","control_center.operation.duration_ms":0,"pty.session.count":1}}
# {"timestamp":"2026-04-22T14:41:31.875Z","level":"info","service":"my-module","event":"metric.histogram","name":"control_center_operation_duration_ms","value":0,"unit":"ms","attributes":{"operation":"pty.bridge.sessions","route":"/api/pty/sessions","method":"GET"}}
# {"timestamp":"2026-04-22T14:41:31.875Z","level":"info","service":"my-module","event":"control_center.operation","trace_id":"ae59a7ff0200437ab4eeb32cc10a9c58","parent_span_id":"a81cb9012e1e47b8","span_id":"8495aa9c47484f59","correlation_id":"40d01778-cf6a-4557-ae32-9234523a2d11","request_id":"40d01778-cf6a-4557-ae32-9234523a2d11","operation":"pty.bridge.sessions","route":"/api/pty/sessions","method":"GET","duration_ms":0,"message":"ok","pty.session.count":1}
# {"timestamp":"2026-04-22T14:41:31.887Z","level":"info","service":"my-module","event":"metric.counter","name":"pty_bridge_send_total","delta":1,"total":1,"attributes":{"route":"/api/pty/send","method":"POST","action":"prompt"}}
# {"timestamp":"2026-04-22T14:41:31.888Z","level":"info","service":"my-module","event":"span.end","trace_id":"41ece223fdd44d22a58edeb1deddb356","span_id":"9b7b30fc3336494a","parent_span_id":"aef319bbaf054b90","name":"pty.bridge.send","duration_ms":1,"status":"ok","attributes":{"http.route":"/api/pty/send","http.request.method":"POST","code.function":"createAppHandler","control_center.operation.duration_ms":1,"pty.session.pts":"node-control-center","pty.send.action":"prompt","pty.packet.id":"WP-OBS-1"}}
# {"timestamp":"2026-04-22T14:41:31.888Z","level":"info","service":"my-module","event":"metric.histogram","name":"control_center_operation_duration_ms","value":1,"unit":"ms","attributes":{"operation":"pty.bridge.send","route":"/api/pty/send","method":"POST"}}
# {"timestamp":"2026-04-22T14:41:31.888Z","level":"info","service":"my-module","event":"control_center.operation","trace_id":"41ece223fdd44d22a58edeb1deddb356","parent_span_id":"aef319bbaf054b90","span_id":"9b7b30fc3336494a","correlation_id":"c8b03ab1-3905-4c3e-b656-088c44ada651","request_id":"c8b03ab1-3905-4c3e-b656-088c44ada651","operation":"pty.bridge.send","route":"/api/pty/send","method":"POST","duration_ms":1,"message":"ok","pty.session.pts":"node-control-center","pty.send.action":"prompt","pty.packet.id":"WP-OBS-1"}
# {"timestamp":"2026-04-22T14:41:31.894Z","level":"info","service":"my-module","event":"metric.counter","name":"pty_bridge_failures_total","delta":1,"total":1,"attributes":{"route":"/api/pty/send","method":"POST","reason":"missing_pts"}}
# {"timestamp":"2026-04-22T14:41:31.901Z","level":"info","service":"my-module","event":"span.end","trace_id":"30f7c25abe9c4411a6b3d5628545140a","span_id":"7313e2bfd34b45e3","parent_span_id":"f302b0598f2e4330","name":"pty.bridge.send","duration_ms":7,"status":"error","attributes":{"http.route":"/api/pty/send","http.request.method":"POST","code.function":"createAppHandler","exception.type":"Error","exception.message":"pts required","control_center.operation.duration_ms":7,"pty.send.reason":"missing_pts"}}
# {"timestamp":"2026-04-22T14:41:31.901Z","level":"info","service":"my-module","event":"metric.histogram","name":"control_center_operation_duration_ms","value":7,"unit":"ms","attributes":{"operation":"pty.bridge.send","route":"/api/pty/send","method":"POST","error":true}}
# {"timestamp":"2026-04-22T14:41:31.901Z","level":"info","service":"my-module","event":"control_center.operation.failed","trace_id":"30f7c25abe9c4411a6b3d5628545140a","parent_span_id":"f302b0598f2e4330","span_id":"7313e2bfd34b45e3","correlation_id":"f1d56214-5ec6-4a97-bcdc-cead2be05e0b","request_id":"f1d56214-5ec6-4a97-bcdc-cead2be05e0b","operation":"pty.bridge.send","route":"/api/pty/send","method":"POST","duration_ms":7,"error_message":"pts required","pty.send.reason":"missing_pts"}
# {"timestamp":"2026-04-22T14:41:31.903Z","level":"info","service":"my-module","event":"metric.counter","name":"pty_scheduler_status_read_total","delta":1,"total":1,"attributes":{"route":"/api/pty/scheduler/status","method":"GET"}}
# {"timestamp":"2026-04-22T14:41:31.904Z","level":"info","service":"my-module","event":"span.end","trace_id":"0b043b3314ce46d1aba73fc4de9e04cd","span_id":"cbc4f1ad05e94bc2","parent_span_id":"62bc4458e1ad47e8","name":"pty.scheduler.status","duration_ms":1,"status":"ok","attributes":{"http.route":"/api/pty/scheduler/status","http.request.method":"GET","code.function":"createAppHandler","control_center.operation.duration_ms":1,"pty.scheduler.running":false,"pty.scheduler.worker_count":0}}
# {"timestamp":"2026-04-22T14:41:31.904Z","level":"info","service":"my-module","event":"metric.histogram","name":"control_center_operation_duration_ms","value":1,"unit":"ms","attributes":{"operation":"pty.scheduler.status","route":"/api/pty/scheduler/status","method":"GET"}}
# {"timestamp":"2026-04-22T14:41:31.904Z","level":"info","service":"my-module","event":"control_center.operation","trace_id":"0b043b3314ce46d1aba73fc4de9e04cd","parent_span_id":"62bc4458e1ad47e8","span_id":"cbc4f1ad05e94bc2","correlation_id":"c56879f8-1356-4860-9967-35277f122b6e","request_id":"c56879f8-1356-4860-9967-35277f122b6e","operation":"pty.scheduler.status","route":"/api/pty/scheduler/status","method":"GET","duration_ms":1,"message":"ok","pty.scheduler.running":false,"pty.scheduler.worker_count":0}
# {"timestamp":"2026-04-22T14:41:31.907Z","level":"info","service":"my-module","event":"metric.counter","name":"pty_scheduler_start_total","delta":1,"total":1,"attributes":{"route":"/api/pty/scheduler/start","method":"POST"}}
# {"timestamp":"2026-04-22T14:41:31.908Z","level":"info","service":"my-module","event":"span.end","trace_id":"9a3ea518bc414f38a22c1aebf4868225","span_id":"76c0ab95bad045ab","parent_span_id":"82776efaf9d7474a","name":"pty.scheduler.start","duration_ms":1,"status":"ok","attributes":{"http.route":"/api/pty/scheduler/start","http.request.method":"POST","code.function":"createAppHandler","control_center.operation.duration_ms":1,"pty.scheduler.worker_count":1}}
# {"timestamp":"2026-04-22T14:41:31.908Z","level":"info","service":"my-module","event":"metric.histogram","name":"control_center_operation_duration_ms","value":1,"unit":"ms","attributes":{"operation":"pty.scheduler.start","route":"/api/pty/scheduler/start","method":"POST"}}
# {"timestamp":"2026-04-22T14:41:31.908Z","level":"info","service":"my-module","event":"control_center.operation","trace_id":"9a3ea518bc414f38a22c1aebf4868225","parent_span_id":"82776efaf9d7474a","span_id":"76c0ab95bad045ab","correlation_id":"0e9de8d5-b786-44de-85a9-659381830ab2","request_id":"0e9de8d5-b786-44de-85a9-659381830ab2","operation":"pty.scheduler.start","route":"/api/pty/scheduler/start","method":"POST","duration_ms":1,"message":"ok","pty.scheduler.worker_count":1}
# {"timestamp":"2026-04-22T14:41:31.915Z","level":"info","service":"my-module","event":"metric.counter","name":"pty_scheduler_status_read_total","delta":1,"total":2,"attributes":{"route":"/api/pty/scheduler/status","method":"GET"}}
# {"timestamp":"2026-04-22T14:41:31.915Z","level":"info","service":"my-module","event":"span.end","trace_id":"e0845398a7c045a5a233e955763c188c","span_id":"d580eeeaac5e4369","parent_span_id":"cb77e64100364fac","name":"pty.scheduler.status","duration_ms":0,"status":"ok","attributes":{"http.route":"/api/pty/scheduler/status","http.request.method":"GET","code.function":"createAppHandler","control_center.operation.duration_ms":0,"pty.scheduler.running":true,"pty.scheduler.worker_count":1}}
# {"timestamp":"2026-04-22T14:41:31.915Z","level":"info","service":"my-module","event":"metric.histogram","name":"control_center_operation_duration_ms","value":0,"unit":"ms","attributes":{"operation":"pty.scheduler.status","route":"/api/pty/scheduler/status","method":"GET"}}
# {"timestamp":"2026-04-22T14:41:31.915Z","level":"info","service":"my-module","event":"control_center.operation","trace_id":"e0845398a7c045a5a233e955763c188c","parent_span_id":"cb77e64100364fac","span_id":"d580eeeaac5e4369","correlation_id":"55194719-ae91-4fb8-9e92-2bdcf8083eb1","request_id":"55194719-ae91-4fb8-9e92-2bdcf8083eb1","operation":"pty.scheduler.status","route":"/api/pty/scheduler/status","method":"GET","duration_ms":0,"message":"ok","pty.scheduler.running":true,"pty.scheduler.worker_count":1}
# {"timestamp":"2026-04-22T14:41:31.921Z","level":"info","service":"my-module","event":"metric.counter","name":"pty_scheduler_stop_total","delta":1,"total":1,"attributes":{"route":"/api/pty/scheduler/stop","method":"POST"}}
# {"timestamp":"2026-04-22T14:41:31.921Z","level":"info","service":"my-module","event":"span.end","trace_id":"25c118d82f3f4d2195735bb23c6ee872","span_id":"2869299e715f483c","parent_span_id":"fe6b007358894d02","name":"pty.scheduler.stop","duration_ms":0,"status":"ok","attributes":{"http.route":"/api/pty/scheduler/stop","http.request.method":"POST","code.function":"createAppHandler","control_center.operation.duration_ms":0,"pty.scheduler.worker_count":1}}
# {"timestamp":"2026-04-22T14:41:31.921Z","level":"info","service":"my-module","event":"metric.histogram","name":"control_center_operation_duration_ms","value":0,"unit":"ms","attributes":{"operation":"pty.scheduler.stop","route":"/api/pty/scheduler/stop","method":"POST"}}
# {"timestamp":"2026-04-22T14:41:31.921Z","level":"info","service":"my-module","event":"control_center.operation","trace_id":"25c118d82f3f4d2195735bb23c6ee872","parent_span_id":"fe6b007358894d02","span_id":"2869299e715f483c","correlation_id":"70dee086-d72b-43d5-8322-2653344c9cd7","request_id":"70dee086-d72b-43d5-8322-2653344c9cd7","operation":"pty.scheduler.stop","route":"/api/pty/scheduler/stop","method":"POST","duration_ms":0,"message":"ok","pty.scheduler.worker_count":1}
# {"timestamp":"2026-04-22T14:41:32.519Z","level":"info","service":"my-module","event":"span.end","trace_id":"0e35ac4e53984ce78d8cf5431a35d89c","span_id":"e1486fdbd44343d2","parent_span_id":"a467b0255825484a","name":"planning_studio.stage_run","duration_ms":585,"status":"ok","attributes":{"http.route":"/api/planning-studio/stage-run","http.request.method":"POST","code.function":"createAppHandler","control_center.operation.duration_ms":585,"stage_run.stage":"D","stage_run.module":"task-management","stage_run.mode":"dry-run","stage_run.status":"ready","stage_run.report_saved":true,"stage_run.release_evidence.generated":false}}
# {"timestamp":"2026-04-22T14:41:32.519Z","level":"info","service":"my-module","event":"metric.histogram","name":"control_center_operation_duration_ms","value":585,"unit":"ms","attributes":{"operation":"planning_studio.stage_run","route":"/api/planning-studio/stage-run","method":"POST"}}
# {"timestamp":"2026-04-22T14:41:32.519Z","level":"info","service":"my-module","event":"control_center.operation","trace_id":"0e35ac4e53984ce78d8cf5431a35d89c","parent_span_id":"a467b0255825484a","span_id":"e1486fdbd44343d2","correlation_id":"ebd2a729-2532-4380-9c49-ea3592e39dd9","request_id":"ebd2a729-2532-4380-9c49-ea3592e39dd9","operation":"planning_studio.stage_run","route":"/api/planning-studio/stage-run","method":"POST","duration_ms":585,"message":"ok","stage_run.stage":"D","stage_run.module":"task-management","stage_run.mode":"dry-run","stage_run.status":"ready","stage_run.report_saved":true,"stage_run.release_evidence.generated":false}
# {"timestamp":"2026-04-22T14:41:32.519Z","level":"info","service":"my-module","event":"metric.counter","name":"stage_run_report_saved_total","delta":1,"total":1,"attributes":{"route":"/api/planning-studio/stage-run","method":"POST","stage":"D","module":"task-management","mode":"dry-run"}}
# {"timestamp":"2026-04-22T14:41:32.519Z","level":"info","service":"my-module","event":"stage_run.save_ok","correlation_id":"ebd2a729-2532-4380-9c49-ea3592e39dd9","request_id":"ebd2a729-2532-4380-9c49-ea3592e39dd9","stage":"D","module":"task-management"}
# {"timestamp":"2026-04-22T14:41:32.522Z","level":"warn","service":"my-module","event":"server.draining","reason":"test","drain_started_at":"2026-04-22T14:41:32.522Z"}
# Subtest: [control center observability smoke] node bridge emits control-center metrics
ok 28 - [control center observability smoke] node bridge emits control-center metrics
  ---
  duration_ms: 854.579672
  type: 'test'
  ...
# {"timestamp":"2026-04-22T14:41:32.528Z","level":"info","service":"my-module","event":"metric.counter","name":"http_requests_total","delta":1,"total":1,"attributes":{"route":"/flags","method":"GET"}}
# {"timestamp":"2026-04-22T14:41:32.529Z","level":"info","service":"my-module","event":"span.end","trace_id":"6b7fe3dc3a354bb4acd99ec992c7ab60","span_id":"0ba99368c48e446a","parent_span_id":null,"name":"http.GET /flags","duration_ms":1,"status":"ok","attributes":{"http.method":"GET","http.route":"/flags"}}
# {"timestamp":"2026-04-22T14:41:32.530Z","level":"warn","service":"my-module","event":"server.draining","reason":"test","drain_started_at":"2026-04-22T14:41:32.530Z"}
# Subtest: [control center observability smoke] GET /flags returns full flag state with env-override visibility
ok 29 - [control center observability smoke] GET /flags returns full flag state with env-override visibility
  ---
  duration_ms: 7.517035
  type: 'test'
  ...
# {"timestamp":"2026-04-22T14:41:32.533Z","level":"info","service":"my-module","event":"metric.counter","name":"http_requests_total","delta":1,"total":2,"attributes":{"route":"/readyz","method":"GET","status":200}}
# {"timestamp":"2026-04-22T14:41:32.533Z","level":"info","service":"my-module","event":"span.end","trace_id":"81b71b4f122849598534a1597db00c7a","span_id":"4e641769bc0841b6","parent_span_id":null,"name":"http.GET /readyz","duration_ms":0,"status":"ok","attributes":{"http.method":"GET","http.route":"/readyz","http.status_code":200}}
# {"timestamp":"2026-04-22T14:41:32.534Z","level":"warn","service":"my-module","event":"server.draining","reason":"test","drain_started_at":"2026-04-22T14:41:32.534Z"}
# Subtest: [control center observability smoke] GET /readyz includes env_overridden_flags and enabled_flags
ok 30 - [control center observability smoke] GET /readyz includes env_overridden_flags and enabled_flags
  ---
  duration_ms: 3.008313
  type: 'test'
  ...
# Subtest: [decision apply] promotion decision can bridge directly to apply flow
ok 31 - [decision apply] promotion decision can bridge directly to apply flow
  ---
  duration_ms: 1289.672714
  type: 'test'
  ...
# Subtest: [deployment ingress failure] unreachable target produces FAIL artifact with failure recorded
ok 32 - [deployment ingress failure] unreachable target produces FAIL artifact with failure recorded
  ---
  duration_ms: 82.670741
  type: 'test'
  ...
# Subtest: [deployment ingress failure] --require-https with HTTP target fails with ingress-https step and rollback_trigger
ok 33 - [deployment ingress failure] --require-https with HTTP target fails with ingress-https step and rollback_trigger
  ---
  duration_ms: 53.228077
  type: 'test'
  ...
# Subtest: [deployment ingress failure] --require-https with HTTPS base-url passes the ingress gate (regression check)
ok 34 - [deployment ingress failure] --require-https with HTTPS base-url passes the ingress gate (regression check)
  ---
  duration_ms: 80.779438
  type: 'test'
  ...
# (node:35909) ExperimentalWarning: SQLite is an experimental feature and might change at any time
# (Use `node --trace-warnings ...` to show where the warning was created)
# Subtest: [domain event bus smoke] InMemoryEventPublisher observer pattern
    # Subtest: onPublish callback fires for each published event
    ok 1 - onPublish callback fires for each published event
      ---
      duration_ms: 3.492403
      type: 'test'
      ...
    # Subtest: multiple subscribers all receive the same event
    ok 2 - multiple subscribers all receive the same event
      ---
      duration_ms: 0.696882
      type: 'test'
      ...
    # Subtest: subscriber error does not break subsequent subscribers or publisher
    ok 3 - subscriber error does not break subsequent subscribers or publisher
      ---
      duration_ms: 0.31017
      type: 'test'
      ...
    # Subtest: published events still accumulate in .published array
    ok 4 - published events still accumulate in .published array
      ---
      duration_ms: 0.167625
      type: 'test'
      ...
    # Subtest: toCloudEvent wraps domain event in CloudEvents v1.0 envelope
    ok 5 - toCloudEvent wraps domain event in CloudEvents v1.0 envelope
      ---
      duration_ms: 0.625033
      type: 'test'
      ...
    # Subtest: single event (non-array) published via onPublish fires callback once
    ok 6 - single event (non-array) published via onPublish fires callback once
      ---
      duration_ms: 0.151473
      type: 'test'
      ...
    1..6
ok 35 - [domain event bus smoke] InMemoryEventPublisher observer pattern
  ---
  duration_ms: 6.637532
  type: 'suite'
  ...
# {"timestamp":"2026-04-22T14:41:31.733Z","level":"warn","service":"my-module","event":"server.draining","reason":"manual","drain_started_at":"2026-04-22T14:41:31.733Z"}
# Subtest: [domain event bus smoke] GET /api/v1/domain-events — ring buffer observable
    # Subtest: domain events from POST /tasks appear at GET /api/v1/domain-events
    ok 1 - domain events from POST /tasks appear at GET /api/v1/domain-events
      ---
      duration_ms: 33.593925
      type: 'test'
      ...
    1..1
ok 36 - [domain event bus smoke] GET /api/v1/domain-events — ring buffer observable
  ---
  duration_ms: 35.39797
  type: 'suite'
  ...
# (node:35918) ExperimentalWarning: SQLite is an experimental feature and might change at any time
# (Use `node --trace-warnings ...` to show where the warning was created)
# {"timestamp":"2026-04-22T14:41:40.382Z","level":"info","service":"my-module","event":"metric.counter","name":"control_center_prompt_recommendations_total","delta":1,"total":1,"attributes":{"route":"/api/automation/optimize-prompt","method":"GET"}}
# {"timestamp":"2026-04-22T14:41:40.382Z","level":"info","service":"my-module","event":"span.end","trace_id":"5b4111d52e714ab398f6eda259413946","span_id":"bec939ecfa244ddf","parent_span_id":"f3ed5d089eb14419","name":"control_center.optimize_prompt","duration_ms":144,"status":"ok","attributes":{"http.route":"/api/automation/optimize-prompt","http.request.method":"GET","code.function":"createAppHandler","control_center.operation.duration_ms":144,"control_center.prompt.source":"planning-studio-snapshot","control_center.snapshot.ok":true}}
# {"timestamp":"2026-04-22T14:41:40.382Z","level":"info","service":"my-module","event":"metric.histogram","name":"control_center_operation_duration_ms","value":144,"unit":"ms","attributes":{"operation":"control_center.optimize_prompt","route":"/api/automation/optimize-prompt","method":"GET"}}
# {"timestamp":"2026-04-22T14:41:40.382Z","level":"info","service":"my-module","event":"control_center.operation","trace_id":"5b4111d52e714ab398f6eda259413946","parent_span_id":"f3ed5d089eb14419","span_id":"bec939ecfa244ddf","correlation_id":"9bacad91-e0a8-4b0b-b08d-9b357e8f407c","request_id":"9bacad91-e0a8-4b0b-b08d-9b357e8f407c","operation":"control_center.optimize_prompt","route":"/api/automation/optimize-prompt","method":"GET","duration_ms":144,"message":"ok","control_center.prompt.source":"planning-studio-snapshot","control_center.snapshot.ok":true}
# {"timestamp":"2026-04-22T14:41:40.385Z","level":"info","service":"my-module","event":"metric.counter","name":"pty_bridge_sessions_read_total","delta":1,"total":1,"attributes":{"route":"/api/pty/sessions","method":"GET"}}
# {"timestamp":"2026-04-22T14:41:40.386Z","level":"info","service":"my-module","event":"span.end","trace_id":"0499b9b2bd834e06913371c89c8adbb5","span_id":"669301fc607d4ba6","parent_span_id":"331f2dfed124442c","name":"pty.bridge.sessions","duration_ms":1,"status":"ok","attributes":{"http.route":"/api/pty/sessions","http.request.method":"GET","code.function":"createAppHandler","control_center.operation.duration_ms":1,"pty.session.count":1}}
# {"timestamp":"2026-04-22T14:41:40.386Z","level":"info","service":"my-module","event":"metric.histogram","name":"control_center_operation_duration_ms","value":1,"unit":"ms","attributes":{"operation":"pty.bridge.sessions","route":"/api/pty/sessions","method":"GET"}}
# {"timestamp":"2026-04-22T14:41:40.386Z","level":"info","service":"my-module","event":"control_center.operation","trace_id":"0499b9b2bd834e06913371c89c8adbb5","parent_span_id":"331f2dfed124442c","span_id":"669301fc607d4ba6","correlation_id":"60cb55ca-ea2e-4ef8-9e15-cfdde3dbf757","request_id":"60cb55ca-ea2e-4ef8-9e15-cfdde3dbf757","operation":"pty.bridge.sessions","route":"/api/pty/sessions","method":"GET","duration_ms":1,"message":"ok","pty.session.count":1}
# {"timestamp":"2026-04-22T14:41:40.391Z","level":"info","service":"my-module","event":"metric.counter","name":"pty_bridge_send_total","delta":1,"total":1,"attributes":{"route":"/api/pty/send","method":"POST","action":"prompt"}}
# {"timestamp":"2026-04-22T14:41:40.391Z","level":"info","service":"my-module","event":"span.end","trace_id":"d1808f320b4e44eb9dccf4fced4b653d","span_id":"87f74e6d504045fa","parent_span_id":"0c3f0c2ce82248a5","name":"pty.bridge.send","duration_ms":0,"status":"ok","attributes":{"http.route":"/api/pty/send","http.request.method":"POST","code.function":"createAppHandler","control_center.operation.duration_ms":0,"pty.session.pts":"node-control-center","pty.send.action":"prompt","pty.packet.id":"WP-SMOKE"}}
# {"timestamp":"2026-04-22T14:41:40.391Z","level":"info","service":"my-module","event":"metric.histogram","name":"control_center_operation_duration_ms","value":0,"unit":"ms","attributes":{"operation":"pty.bridge.send","route":"/api/pty/send","method":"POST"}}
# {"timestamp":"2026-04-22T14:41:40.391Z","level":"info","service":"my-module","event":"control_center.operation","trace_id":"d1808f320b4e44eb9dccf4fced4b653d","parent_span_id":"0c3f0c2ce82248a5","span_id":"87f74e6d504045fa","correlation_id":"c80799e9-0e78-455a-bab9-198ef627a491","request_id":"c80799e9-0e78-455a-bab9-198ef627a491","operation":"pty.bridge.send","route":"/api/pty/send","method":"POST","duration_ms":0,"message":"ok","pty.session.pts":"node-control-center","pty.send.action":"prompt","pty.packet.id":"WP-SMOKE"}
# {"timestamp":"2026-04-22T14:41:44.469Z","level":"info","service":"my-module","event":"metric.counter","name":"pty_scheduler_status_read_total","delta":1,"total":1,"attributes":{"route":"/api/pty/scheduler/status","method":"GET"}}
# {"timestamp":"2026-04-22T14:41:44.469Z","level":"info","service":"my-module","event":"span.end","trace_id":"0a66931eb8dd44ee8cc90e24c3375629","span_id":"09caccad1a6b47f5","parent_span_id":"7028b59a28314c79","name":"pty.scheduler.status","duration_ms":0,"status":"ok","attributes":{"http.route":"/api/pty/scheduler/status","http.request.method":"GET","code.function":"createAppHandler","control_center.operation.duration_ms":0,"pty.scheduler.running":false,"pty.scheduler.worker_count":0}}
# {"timestamp":"2026-04-22T14:41:44.469Z","level":"info","service":"my-module","event":"metric.histogram","name":"control_center_operation_duration_ms","value":0,"unit":"ms","attributes":{"operation":"pty.scheduler.status","route":"/api/pty/scheduler/status","method":"GET"}}
# {"timestamp":"2026-04-22T14:41:44.469Z","level":"info","service":"my-module","event":"control_center.operation","trace_id":"0a66931eb8dd44ee8cc90e24c3375629","parent_span_id":"7028b59a28314c79","span_id":"09caccad1a6b47f5","correlation_id":"48012ac2-875e-4210-858a-c122397f0691","request_id":"48012ac2-875e-4210-858a-c122397f0691","operation":"pty.scheduler.status","route":"/api/pty/scheduler/status","method":"GET","duration_ms":0,"message":"ok","pty.scheduler.running":false,"pty.scheduler.worker_count":0}
# {"timestamp":"2026-04-22T14:41:44.470Z","level":"info","service":"my-module","event":"metric.counter","name":"pty_scheduler_start_total","delta":1,"total":1,"attributes":{"route":"/api/pty/scheduler/start","method":"POST"}}
# {"timestamp":"2026-04-22T14:41:44.470Z","level":"info","service":"my-module","event":"span.end","trace_id":"5616392eb8f442dab004e8494a47313b","span_id":"76e7ce0d9b63406e","parent_span_id":"960fce163c4443ed","name":"pty.scheduler.start","duration_ms":0,"status":"ok","attributes":{"http.route":"/api/pty/scheduler/start","http.request.method":"POST","code.function":"createAppHandler","control_center.operation.duration_ms":0,"pty.scheduler.worker_count":1}}
# {"timestamp":"2026-04-22T14:41:44.471Z","level":"info","service":"my-module","event":"metric.histogram","name":"control_center_operation_duration_ms","value":0,"unit":"ms","attributes":{"operation":"pty.scheduler.start","route":"/api/pty/scheduler/start","method":"POST"}}
# {"timestamp":"2026-04-22T14:41:44.471Z","level":"info","service":"my-module","event":"control_center.operation","trace_id":"5616392eb8f442dab004e8494a47313b","parent_span_id":"960fce163c4443ed","span_id":"76e7ce0d9b63406e","correlation_id":"4c563632-4cb3-4df6-962d-ac3d035754aa","request_id":"4c563632-4cb3-4df6-962d-ac3d035754aa","operation":"pty.scheduler.start","route":"/api/pty/scheduler/start","method":"POST","duration_ms":0,"message":"ok","pty.scheduler.worker_count":1}
# {"timestamp":"2026-04-22T14:41:44.472Z","level":"info","service":"my-module","event":"metric.counter","name":"pty_scheduler_status_read_total","delta":1,"total":2,"attributes":{"route":"/api/pty/scheduler/status","method":"GET"}}
# {"timestamp":"2026-04-22T14:41:44.472Z","level":"info","service":"my-module","event":"span.end","trace_id":"a0fb1ff218f041ae99d77f051e3b72ad","span_id":"7169ffcc624e4993","parent_span_id":"ace9b657d0ed4525","name":"pty.scheduler.status","duration_ms":0,"status":"ok","attributes":{"http.route":"/api/pty/scheduler/status","http.request.method":"GET","code.function":"createAppHandler","control_center.operation.duration_ms":0,"pty.scheduler.running":true,"pty.scheduler.worker_count":1}}
# {"timestamp":"2026-04-22T14:41:44.473Z","level":"info","service":"my-module","event":"metric.histogram","name":"control_center_operation_duration_ms","value":0,"unit":"ms","attributes":{"operation":"pty.scheduler.status","route":"/api/pty/scheduler/status","method":"GET"}}
# {"timestamp":"2026-04-22T14:41:44.473Z","level":"info","service":"my-module","event":"control_center.operation","trace_id":"a0fb1ff218f041ae99d77f051e3b72ad","parent_span_id":"ace9b657d0ed4525","span_id":"7169ffcc624e4993","correlation_id":"ea843e00-e5a4-44d0-b9fe-7bfe074a26d2","request_id":"ea843e00-e5a4-44d0-b9fe-7bfe074a26d2","operation":"pty.scheduler.status","route":"/api/pty/scheduler/status","method":"GET","duration_ms":0,"message":"ok","pty.scheduler.running":true,"pty.scheduler.worker_count":1}
# {"timestamp":"2026-04-22T14:41:44.474Z","level":"info","service":"my-module","event":"metric.counter","name":"pty_bridge_send_total","delta":1,"total":2,"attributes":{"route":"/api/pty/send-now","method":"POST","action":"prompt"}}
# {"timestamp":"2026-04-22T14:41:45.729Z","level":"info","service":"my-module","event":"metric.counter","name":"pty_bridge_send_total","delta":1,"total":3,"attributes":{"route":"/api/pty/enter-now","method":"POST","action":"enter"}}
# {"timestamp":"2026-04-22T14:41:45.730Z","level":"info","service":"my-module","event":"metric.counter","name":"pty_scheduler_stop_total","delta":1,"total":1,"attributes":{"route":"/api/pty/scheduler/stop","method":"POST"}}
# {"timestamp":"2026-04-22T14:41:45.730Z","level":"info","service":"my-module","event":"span.end","trace_id":"7e6269d7ae72416092a7a50195e5e022","span_id":"3cb29927be6b408d","parent_span_id":"205d6f7bdc324bb3","name":"pty.scheduler.stop","duration_ms":0,"status":"ok","attributes":{"http.route":"/api/pty/scheduler/stop","http.request.method":"POST","code.function":"createAppHandler","control_center.operation.duration_ms":0,"pty.scheduler.worker_count":1}}
# {"timestamp":"2026-04-22T14:41:45.730Z","level":"info","service":"my-module","event":"metric.histogram","name":"control_center_operation_duration_ms","value":0,"unit":"ms","attributes":{"operation":"pty.scheduler.stop","route":"/api/pty/scheduler/stop","method":"POST"}}
# {"timestamp":"2026-04-22T14:41:45.731Z","level":"info","service":"my-module","event":"control_center.operation","trace_id":"7e6269d7ae72416092a7a50195e5e022","parent_span_id":"205d6f7bdc324bb3","span_id":"3cb29927be6b408d","correlation_id":"6fe2683e-b078-4581-9204-b2fbce2630a9","request_id":"6fe2683e-b078-4581-9204-b2fbce2630a9","operation":"pty.scheduler.stop","route":"/api/pty/scheduler/stop","method":"POST","duration_ms":0,"message":"ok","pty.scheduler.worker_count":1}
# {"timestamp":"2026-04-22T14:41:45.732Z","level":"info","service":"my-module","event":"metric.counter","name":"pty_scheduler_status_read_total","delta":1,"total":3,"attributes":{"route":"/api/pty/scheduler/status","method":"GET"}}
# {"timestamp":"2026-04-22T14:41:45.732Z","level":"info","service":"my-module","event":"span.end","trace_id":"60873d4442554745a91a866858ce62b5","span_id":"b53f190318b84be6","parent_span_id":"f0174fd6dea54533","name":"pty.scheduler.status","duration_ms":0,"status":"ok","attributes":{"http.route":"/api/pty/scheduler/status","http.request.method":"GET","code.function":"createAppHandler","control_center.operation.duration_ms":0,"pty.scheduler.running":false,"pty.scheduler.worker_count":1}}
# {"timestamp":"2026-04-22T14:41:45.732Z","level":"info","service":"my-module","event":"metric.histogram","name":"control_center_operation_duration_ms","value":0,"unit":"ms","attributes":{"operation":"pty.scheduler.status","route":"/api/pty/scheduler/status","method":"GET"}}
# {"timestamp":"2026-04-22T14:41:45.732Z","level":"info","service":"my-module","event":"control_center.operation","trace_id":"60873d4442554745a91a866858ce62b5","parent_span_id":"f0174fd6dea54533","span_id":"b53f190318b84be6","correlation_id":"f33a7637-882d-4e39-80a6-c701ffe63eb8","request_id":"f33a7637-882d-4e39-80a6-c701ffe63eb8","operation":"pty.scheduler.status","route":"/api/pty/scheduler/status","method":"GET","duration_ms":0,"message":"ok","pty.scheduler.running":false,"pty.scheduler.worker_count":1}
# {"timestamp":"2026-04-22T14:41:45.733Z","level":"warn","service":"my-module","event":"server.draining","reason":"test","drain_started_at":"2026-04-22T14:41:45.733Z"}
# Subtest: [dynamic frontend server smoke] node server renders dynamic frontend surfaces and keeps planning api alive
ok 37 - [dynamic frontend server smoke] node server renders dynamic frontend surfaces and keeps planning api alive
  ---
  duration_ms: 14021.809963
  type: 'test'
  ...
# {"timestamp":"2026-04-22T14:41:45.736Z","level":"info","service":"my-module","event":"metric.counter","name":"pty_bridge_failures_total","delta":1,"total":1,"attributes":{"route":"/api/pty/send","method":"POST","reason":"missing_pts"}}
# {"timestamp":"2026-04-22T14:41:45.736Z","level":"info","service":"my-module","event":"span.end","trace_id":"69e7edb825c84dd1ae12f56a06898d6b","span_id":"fb19072fef314089","parent_span_id":"b7ba757fb9624fef","name":"pty.bridge.send","duration_ms":0,"status":"error","attributes":{"http.route":"/api/pty/send","http.request.method":"POST","code.function":"createAppHandler","exception.type":"Error","exception.message":"pts required","control_center.operation.duration_ms":0,"pty.send.reason":"missing_pts"}}
# {"timestamp":"2026-04-22T14:41:45.736Z","level":"info","service":"my-module","event":"metric.histogram","name":"control_center_operation_duration_ms","value":0,"unit":"ms","attributes":{"operation":"pty.bridge.send","route":"/api/pty/send","method":"POST","error":true}}
# {"timestamp":"2026-04-22T14:41:45.736Z","level":"info","service":"my-module","event":"control_center.operation.failed","trace_id":"69e7edb825c84dd1ae12f56a06898d6b","parent_span_id":"b7ba757fb9624fef","span_id":"fb19072fef314089","correlation_id":"7728f3a0-5235-4105-9d59-2de6ebe73d42","request_id":"7728f3a0-5235-4105-9d59-2de6ebe73d42","operation":"pty.bridge.send","route":"/api/pty/send","method":"POST","duration_ms":0,"error_message":"pts required","pty.send.reason":"missing_pts"}
# {"timestamp":"2026-04-22T14:41:46.985Z","level":"info","service":"my-module","event":"metric.counter","name":"pty_bridge_failures_total","delta":1,"total":2,"attributes":{"route":"/api/pty/send","method":"POST","reason":"unknown_pts"}}
# {"timestamp":"2026-04-22T14:41:46.985Z","level":"info","service":"my-module","event":"span.end","trace_id":"7779cb8f8d204206b9bdce5953e1c2c1","span_id":"1d3c3785e4c44e55","parent_span_id":"902215eb15ec437d","name":"pty.bridge.send","duration_ms":0,"status":"error","attributes":{"http.route":"/api/pty/send","http.request.method":"POST","code.function":"createAppHandler","exception.type":"Error","exception.message":"unknown pts","control_center.operation.duration_ms":0,"pty.send.reason":"unknown_pts","pty.session.pts":"/dev/pts/99999"}}
# {"timestamp":"2026-04-22T14:41:46.985Z","level":"info","service":"my-module","event":"metric.histogram","name":"control_center_operation_duration_ms","value":0,"unit":"ms","attributes":{"operation":"pty.bridge.send","route":"/api/pty/send","method":"POST","error":true}}
# {"timestamp":"2026-04-22T14:41:46.985Z","level":"info","service":"my-module","event":"control_center.operation.failed","trace_id":"7779cb8f8d204206b9bdce5953e1c2c1","parent_span_id":"902215eb15ec437d","span_id":"1d3c3785e4c44e55","correlation_id":"223ccde0-04cf-4b17-8e46-d365a6d41678","request_id":"223ccde0-04cf-4b17-8e46-d365a6d41678","operation":"pty.bridge.send","route":"/api/pty/send","method":"POST","duration_ms":0,"error_message":"unknown pts","pty.send.reason":"unknown_pts","pty.session.pts":"/dev/pts/99999"}
# {"timestamp":"2026-04-22T14:41:48.128Z","level":"warn","service":"my-module","event":"server.draining","reason":"test","drain_started_at":"2026-04-22T14:41:48.128Z"}
# Subtest: [dynamic frontend server smoke] PTY send errors return RFC 7807 Problem Details
ok 38 - [dynamic frontend server smoke] PTY send errors return RFC 7807 Problem Details
  ---
  duration_ms: 2394.602493
  type: 'test'
  ...
# Subtest: [env-init] --dry-run outputs scaffold without writing file
ok 39 - [env-init] --dry-run outputs scaffold without writing file
  ---
  duration_ms: 48.710376
  type: 'test'
  ...
# Subtest: [env-init] generates .env scaffold in empty temp directory
ok 40 - [env-init] generates .env scaffold in empty temp directory
  ---
  duration_ms: 34.196657
  type: 'test'
  ...
# Subtest: [env-init] preserves existing active settings on incremental add
ok 41 - [env-init] preserves existing active settings on incremental add
  ---
  duration_ms: 46.453396
  type: 'test'
  ...
# Subtest: [env-init] groups flags into released/internal sections when metadata.json is present
ok 42 - [env-init] groups flags into released/internal sections when metadata.json is present
  ---
  duration_ms: 31.704292
  type: 'test'
  ...
# Subtest: [env-init] --force rewrites .env and creates .env.bak
ok 43 - [env-init] --force rewrites .env and creates .env.bak
  ---
  duration_ms: 55.45229
  type: 'test'
  ...
# (node:35945) ExperimentalWarning: SQLite is an experimental feature and might change at any time
# (Use `node --trace-warnings ...` to show where the warning was created)
# {"timestamp":"2026-04-22T14:41:31.767Z","level":"warn","service":"my-module","event":"server.draining","reason":"manual","drain_started_at":"2026-04-22T14:41:31.767Z"}
# {"timestamp":"2026-04-22T14:41:31.770Z","level":"warn","service":"my-module","event":"server.draining","reason":"manual","drain_started_at":"2026-04-22T14:41:31.770Z"}
# Subtest: [eventbus wiring smoke] task 생성 후 domain-events ring buffer에 이벤트가 기록된다
ok 44 - [eventbus wiring smoke] task 생성 후 domain-events ring buffer에 이벤트가 기록된다
  ---
  duration_ms: 23.837235
  type: 'test'
  ...
# Subtest: [eventbus wiring smoke] EventBus.getInstance()는 서버 시작 후 항상 동일 인스턴스
ok 45 - [eventbus wiring smoke] EventBus.getInstance()는 서버 시작 후 항상 동일 인스턴스
  ---
  duration_ms: 1.91655
  type: 'test'
  ...
# Subtest: [exception packet] bounded extra context becomes a packet draft
ok 46 - [exception packet] bounded extra context becomes a packet draft
  ---
  duration_ms: 86.972773
  type: 'test'
  ...
# Subtest: [exception replay] allowed exception context is summarized for study and next actions
ok 47 - [exception replay] allowed exception context is summarized for study and next actions
  ---
  duration_ms: 60.950451
  type: 'test'
  ...
# Subtest: [exception routing] exception replay becomes routing patch suggestions
ok 48 - [exception routing] exception replay becomes routing patch suggestions
  ---
  duration_ms: 84.116155
  type: 'test'
  ...
# Subtest: [context bundle export] current-wp and routing profile become a minimal read bundle
ok 49 - [context bundle export] current-wp and routing profile become a minimal read bundle
  ---
  duration_ms: 71.16847
  type: 'test'
  ...
# Subtest: [context lock] exact file manifest is exported for minimal read tiers
ok 50 - [context lock] exact file manifest is exported for minimal read tiers
  ---
  duration_ms: 55.233311
  type: 'test'
  ...
# [FeatureFlagProvider] ENV override: billing.enabled=true (via WOS_FLAG_BILLING_ENABLED) — rollout bypassed
# [FeatureFlagProvider] ENV override: enable_task_management=true (via WOS_FLAG_ENABLE_TASK_MANAGEMENT) — rollout bypassed
# [FeatureFlagProvider] ENV override: enable_debug_mode=false (via WOS_FLAG_ENABLE_DEBUG_MODE) — rollout bypassed
# [FeatureFlagProvider] ENV override: my_feature=true (via WOS_FLAG_MY_FEATURE) — rollout bypassed
# Subtest: [feature flags] evaluates metadata, targeting, hooks, and stale state
ok 51 - [feature flags] evaluates metadata, targeting, hooks, and stale state
  ---
  duration_ms: 11.570398
  type: 'test'
  ...
# Subtest: [feature flags] WOS_FLAG_ env override activates declared flags without creating phantom flags
ok 52 - [feature flags] WOS_FLAG_ env override activates declared flags without creating phantom flags
  ---
  duration_ms: 1.44861
  type: 'test'
  ...
# Subtest: [feature flags] WOS_FLAG_ env override can also disable a yaml-enabled flag
ok 53 - [feature flags] WOS_FLAG_ env override can also disable a yaml-enabled flag
  ---
  duration_ms: 5.156977
  type: 'test'
  ...
# Subtest: [feature flags] WOS_FLAG_ env override bypasses rollout percentage — full env activation
ok 54 - [feature flags] WOS_FLAG_ env override bypasses rollout percentage — full env activation
  ---
  duration_ms: 0.763029
  type: 'test'
  ...
# Subtest: [harness contract smoke] provider adapter contract baseline validates
ok 55 - [harness contract smoke] provider adapter contract baseline validates
  ---
  duration_ms: 195.05653
  type: 'test'
  ...
# Subtest: [harness evals smoke] offline harness eval runner emits a report artifact
ok 56 - [harness evals smoke] offline harness eval runner emits a report artifact
  ---
  duration_ms: 68.324075
  type: 'test'
  ...
# (node:36129) ExperimentalWarning: SQLite is an experimental feature and might change at any time
# (Use `node --trace-warnings ...` to show where the warning was created)
# Subtest: [harness live provider] HARNESS_PROVIDER=openai selects openai-responses chain
ok 57 - [harness live provider] HARNESS_PROVIDER=openai selects openai-responses chain
  ---
  duration_ms: 1.064125
  type: 'test'
  ...
# Subtest: [harness live provider] no HARNESS_PROVIDER uses null fallback chain
ok 58 - [harness live provider] no HARNESS_PROVIDER uses null fallback chain
  ---
  duration_ms: 0.285281
  type: 'test'
  ...
# {"timestamp":"2026-04-22T14:41:32.162Z","level":"info","service":"my-module","event":"span.end","trace_id":"96c5e2e58cd846eeb2c18a3b56199a0b","span_id":"7bae968bf3154508","parent_span_id":null,"name":"harness.provider.route","duration_ms":0,"status":"ok","attributes":{"harness.route.id":"mini-build","harness.route.mode":"Build","harness.route.tier":"mini"}}
# {"timestamp":"2026-04-22T14:41:32.163Z","level":"info","service":"my-module","event":"span.end","trace_id":"93669626e2514b2f9cfda1dd4dcb4998","span_id":"599709230a274774","parent_span_id":null,"name":"harness.provider.invoke","duration_ms":0,"status":"error","attributes":{"harness.provider.id":"openai-responses","harness.route.id":"mini-build","harness.route.mode":"Build","exception.type":"Error","exception.message":"OpenAI provider requester or API key is not configured"}}
# {"timestamp":"2026-04-22T14:41:32.163Z","level":"warn","service":"my-module","event":"harness.provider.invoke_failed","correlation_id":"a21949e4-81a8-47a6-9bd8-98d2721e3cc9","request_id":"a21949e4-81a8-47a6-9bd8-98d2721e3cc9","provider_id":"openai-responses","route_id":"mini-build","error_code":"PROVIDER_NOT_CONFIGURED","error_message":"OpenAI provider requester or API key is not configured"}
# {"timestamp":"2026-04-22T14:41:32.163Z","level":"info","service":"my-module","event":"span.end","trace_id":"a0db61427aa344898a8e4f9d6dece790","span_id":"3bf201037c9346a3","parent_span_id":null,"name":"harness.provider.fallback","duration_ms":0,"status":"ok","attributes":{"harness.provider.from":"openai-responses","harness.provider.to":"null-harness-provider","harness.provider.reason":"PROVIDER_NOT_CONFIGURED"}}
# {"timestamp":"2026-04-22T14:41:32.164Z","level":"info","service":"my-module","event":"metric.histogram","name":"gen_ai_client_operation_duration_ms","value":0,"unit":"ms","attributes":{"provider_id":"null-harness-provider","route_id":"mini-build","mode":"Build"}}
# {"timestamp":"2026-04-22T14:41:32.164Z","level":"info","service":"my-module","event":"metric.counter","name":"gen_ai_client_input_tokens","delta":20,"total":20,"attributes":{"provider_id":"null-harness-provider","route_id":"mini-build","mode":"Build"}}
# {"timestamp":"2026-04-22T14:41:32.164Z","level":"info","service":"my-module","event":"metric.counter","name":"gen_ai_client_output_tokens","delta":1,"total":1,"attributes":{"provider_id":"null-harness-provider","route_id":"mini-build","mode":"Build"}}
# {"timestamp":"2026-04-22T14:41:32.164Z","level":"info","service":"my-module","event":"span.end","trace_id":"b6145fa1e6ba40499035f60e522b335d","span_id":"e474f361e84f4f30","parent_span_id":null,"name":"harness.provider.invoke","duration_ms":1,"status":"ok","attributes":{"harness.provider.id":"null-harness-provider","harness.route.id":"mini-build","harness.route.mode":"Build","harness.provider.fallback_applied":true,"harness.provider.model":"null-mini"}}
# {"timestamp":"2026-04-22T14:41:32.164Z","level":"info","service":"my-module","event":"harness.provider.invoke","correlation_id":"a21949e4-81a8-47a6-9bd8-98d2721e3cc9","request_id":"a21949e4-81a8-47a6-9bd8-98d2721e3cc9","provider_id":"null-harness-provider","model":"null-mini","route_id":"mini-build","reasoning_effort":"medium","prompt_version":"0.2.0","retry_count":0,"fallback_applied":true,"latency_ms":0,"input_tokens":20,"output_tokens":1}
# {"timestamp":"2026-04-22T14:41:32.164Z","level":"info","service":"my-module","event":"metric.counter","name":"control_center_prompt_recommendations_total","delta":1,"total":1,"attributes":{}}
# {"timestamp":"2026-04-22T14:41:32.164Z","level":"info","service":"my-module","event":"span.end","trace_id":"5020e441b6184f2e8ac5c6749a38c849","span_id":"dd48ad9e98bd45ce","parent_span_id":"bd56b5af88944f12","name":"harness.prompt_recommendation","duration_ms":2,"status":"ok","attributes":{"http.route":"/api/harness/prompt-recommendation","http.request.method":"POST","code.function":"createAppHandler","control_center.operation.duration_ms":2,"harness.mode":"Build","harness.route_id":"mini-build","harness.provider_id":"null-harness-provider","harness.fallback_applied":"true"}}
# {"timestamp":"2026-04-22T14:41:32.164Z","level":"info","service":"my-module","event":"metric.histogram","name":"control_center_operation_duration_ms","value":2,"unit":"ms","attributes":{"operation":"harness.prompt_recommendation","route":"/api/harness/prompt-recommendation","method":"POST"}}
# {"timestamp":"2026-04-22T14:41:32.164Z","level":"info","service":"my-module","event":"control_center.operation","trace_id":"5020e441b6184f2e8ac5c6749a38c849","parent_span_id":"bd56b5af88944f12","span_id":"dd48ad9e98bd45ce","correlation_id":"a21949e4-81a8-47a6-9bd8-98d2721e3cc9","request_id":"a21949e4-81a8-47a6-9bd8-98d2721e3cc9","operation":"harness.prompt_recommendation","route":"/api/harness/prompt-recommendation","method":"POST","duration_ms":2,"message":"ok","harness.mode":"Build","harness.route_id":"mini-build","harness.provider_id":"null-harness-provider","harness.fallback_applied":"true"}
# {"timestamp":"2026-04-22T14:41:32.169Z","level":"warn","service":"my-module","event":"server.draining","reason":"test","drain_started_at":"2026-04-22T14:41:32.169Z"}
# Subtest: [harness live provider] HARNESS_PROVIDER=openai with no key returns null fallback on HTTP surface
ok 59 - [harness live provider] HARNESS_PROVIDER=openai with no key returns null fallback on HTTP surface
  ---
  duration_ms: 58.99194
  type: 'test'
  ...
# (node:36141) ExperimentalWarning: SQLite is an experimental feature and might change at any time
# (Use `node --trace-warnings ...` to show where the warning was created)
# {"timestamp":"2026-04-22T14:41:32.185Z","level":"info","service":"my-module","event":"span.end","trace_id":"697ebf2a71a146c68ce2ee6ea2fd4aef","span_id":"019837e64a0c411e","parent_span_id":null,"name":"harness.provider.route","duration_ms":0,"status":"ok","attributes":{"harness.route.id":"mini-build","harness.route.mode":"Build","harness.route.tier":"mini"}}
# {"timestamp":"2026-04-22T14:41:32.186Z","level":"info","service":"my-module","event":"span.end","trace_id":"97d9c905c82943d3b252ae278c9a9674","span_id":"c483455c85b54213","parent_span_id":null,"name":"harness.provider.invoke","duration_ms":0,"status":"error","attributes":{"harness.provider.id":"openai-responses","harness.route.id":"mini-build","harness.route.mode":"Build","exception.type":"Error","exception.message":"OpenAI provider requester or API key is not configured"}}
# {"timestamp":"2026-04-22T14:41:32.186Z","level":"warn","service":"my-module","event":"harness.provider.invoke_failed","correlation_id":"48bf77be-b88e-43b6-b7b1-54575ea05aa0","request_id":"48bf77be-b88e-43b6-b7b1-54575ea05aa0","provider_id":"openai-responses","route_id":"mini-build","error_code":"PROVIDER_NOT_CONFIGURED","error_message":"OpenAI provider requester or API key is not configured"}
# {"timestamp":"2026-04-22T14:41:32.189Z","level":"info","service":"my-module","event":"span.end","trace_id":"8d0d9c77bfad4c888cadf6fff017fd17","span_id":"ff85e98cffd14cf4","parent_span_id":null,"name":"harness.provider.fallback","duration_ms":0,"status":"ok","attributes":{"harness.provider.from":"openai-responses","harness.provider.to":"null-harness-provider","harness.provider.reason":"PROVIDER_NOT_CONFIGURED"}}
# {"timestamp":"2026-04-22T14:41:32.190Z","level":"info","service":"my-module","event":"metric.histogram","name":"gen_ai_client_operation_duration_ms","value":0,"unit":"ms","attributes":{"provider_id":"null-harness-provider","route_id":"mini-build","mode":"Build"}}
# {"timestamp":"2026-04-22T14:41:32.190Z","level":"info","service":"my-module","event":"metric.counter","name":"gen_ai_client_input_tokens","delta":20,"total":20,"attributes":{"provider_id":"null-harness-provider","route_id":"mini-build","mode":"Build"}}
# {"timestamp":"2026-04-22T14:41:32.190Z","level":"info","service":"my-module","event":"metric.counter","name":"gen_ai_client_output_tokens","delta":1,"total":1,"attributes":{"provider_id":"null-harness-provider","route_id":"mini-build","mode":"Build"}}
# {"timestamp":"2026-04-22T14:41:32.190Z","level":"info","service":"my-module","event":"span.end","trace_id":"fdb122b665064b589b027891ae92bff8","span_id":"aee07937902b44cf","parent_span_id":null,"name":"harness.provider.invoke","duration_ms":1,"status":"ok","attributes":{"harness.provider.id":"null-harness-provider","harness.route.id":"mini-build","harness.route.mode":"Build","harness.provider.fallback_applied":true,"harness.provider.model":"null-mini"}}
# {"timestamp":"2026-04-22T14:41:32.190Z","level":"info","service":"my-module","event":"harness.provider.invoke","correlation_id":"48bf77be-b88e-43b6-b7b1-54575ea05aa0","request_id":"48bf77be-b88e-43b6-b7b1-54575ea05aa0","provider_id":"null-harness-provider","model":"null-mini","route_id":"mini-build","reasoning_effort":"medium","prompt_version":"0.2.0","retry_count":0,"fallback_applied":true,"latency_ms":0,"input_tokens":20,"output_tokens":1}
# {"timestamp":"2026-04-22T14:41:32.190Z","level":"info","service":"my-module","event":"metric.counter","name":"control_center_prompt_recommendations_total","delta":1,"total":1,"attributes":{}}
# {"timestamp":"2026-04-22T14:41:32.190Z","level":"info","service":"my-module","event":"span.end","trace_id":"1b6f93941ccf4f95aca602d35217a446","span_id":"294abab49e0c4b86","parent_span_id":"19c69ecc3a85401b","name":"harness.prompt_recommendation","duration_ms":8,"status":"ok","attributes":{"http.route":"/api/harness/prompt-recommendation","http.request.method":"POST","code.function":"createAppHandler","control_center.operation.duration_ms":8,"harness.mode":"Build","harness.route_id":"mini-build","harness.provider_id":"null-harness-provider","harness.fallback_applied":"true"}}
# {"timestamp":"2026-04-22T14:41:32.190Z","level":"info","service":"my-module","event":"metric.histogram","name":"control_center_operation_duration_ms","value":8,"unit":"ms","attributes":{"operation":"harness.prompt_recommendation","route":"/api/harness/prompt-recommendation","method":"POST"}}
# {"timestamp":"2026-04-22T14:41:32.190Z","level":"info","service":"my-module","event":"control_center.operation","trace_id":"1b6f93941ccf4f95aca602d35217a446","parent_span_id":"19c69ecc3a85401b","span_id":"294abab49e0c4b86","correlation_id":"48bf77be-b88e-43b6-b7b1-54575ea05aa0","request_id":"48bf77be-b88e-43b6-b7b1-54575ea05aa0","operation":"harness.prompt_recommendation","route":"/api/harness/prompt-recommendation","method":"POST","duration_ms":8,"message":"ok","harness.mode":"Build","harness.route_id":"mini-build","harness.provider_id":"null-harness-provider","harness.fallback_applied":"true"}
# {"timestamp":"2026-04-22T14:41:32.197Z","level":"warn","service":"my-module","event":"server.draining","reason":"test","drain_started_at":"2026-04-22T14:41:32.197Z"}
# Subtest: [harness provider failure smoke] no-secret openai preference falls back to null provider on HTTP surface
ok 60 - [harness provider failure smoke] no-secret openai preference falls back to null provider on HTTP surface
  ---
  duration_ms: 53.489402
  type: 'test'
  ...
# {"timestamp":"2026-04-22T14:41:32.205Z","level":"info","service":"my-module","event":"span.end","trace_id":"b23aa4df73104acdaac33b3d4b3e49f6","span_id":"934eafb5698e4fab","parent_span_id":null,"name":"harness.provider.route","duration_ms":0,"status":"ok","attributes":{"harness.route.id":"mini-build","harness.route.mode":"Build","harness.route.tier":"mini"}}
# {"timestamp":"2026-04-22T14:41:32.206Z","level":"info","service":"my-module","event":"span.end","trace_id":"3f3f3cadb60d47b4aaa49f62a8777439","span_id":"a12ee422773944e2","parent_span_id":null,"name":"harness.provider.invoke","duration_ms":0,"status":"error","attributes":{"harness.provider.id":"throwing-PROVIDER_SCHEMA_MISMATCH","harness.route.id":"mini-build","harness.route.mode":"Build","exception.type":"Error","exception.message":"provider payload invalid"}}
# {"timestamp":"2026-04-22T14:41:32.206Z","level":"warn","service":"my-module","event":"harness.provider.invoke_failed","correlation_id":"428b1ec6-772e-4e74-9e85-e312f0e9e1c8","request_id":"428b1ec6-772e-4e74-9e85-e312f0e9e1c8","provider_id":"throwing-PROVIDER_SCHEMA_MISMATCH","route_id":"mini-build","error_code":"PROVIDER_SCHEMA_MISMATCH","error_message":"provider payload invalid"}
# {"timestamp":"2026-04-22T14:41:32.206Z","level":"info","service":"my-module","event":"span.end","trace_id":"2c0f13a23bab41c38e8515259bb58128","span_id":"fc47658041894b66","parent_span_id":"48dfd58984dd401a","name":"harness.prompt_recommendation","duration_ms":1,"status":"error","attributes":{"http.route":"/api/harness/prompt-recommendation","http.request.method":"POST","code.function":"createAppHandler","exception.type":"Error","exception.message":"provider payload invalid","control_center.operation.duration_ms":1,"harness.mode":"Build"}}
# {"timestamp":"2026-04-22T14:41:32.206Z","level":"info","service":"my-module","event":"metric.histogram","name":"control_center_operation_duration_ms","value":1,"unit":"ms","attributes":{"operation":"harness.prompt_recommendation","route":"/api/harness/prompt-recommendation","method":"POST","error":true}}
# {"timestamp":"2026-04-22T14:41:32.206Z","level":"info","service":"my-module","event":"control_center.operation.failed","trace_id":"2c0f13a23bab41c38e8515259bb58128","parent_span_id":"48dfd58984dd401a","span_id":"fc47658041894b66","correlation_id":"428b1ec6-772e-4e74-9e85-e312f0e9e1c8","request_id":"428b1ec6-772e-4e74-9e85-e312f0e9e1c8","operation":"harness.prompt_recommendation","route":"/api/harness/prompt-recommendation","method":"POST","duration_ms":1,"error_message":"provider payload invalid","harness.mode":"Build"}
# {"timestamp":"2026-04-22T14:41:32.214Z","level":"warn","service":"my-module","event":"server.draining","reason":"test","drain_started_at":"2026-04-22T14:41:32.214Z"}
# Subtest: [harness provider failure smoke] schema mismatch returns structured 500 without null fallback
ok 61 - [harness provider failure smoke] schema mismatch returns structured 500 without null fallback
  ---
  duration_ms: 16.3548
  type: 'test'
  ...
# {"timestamp":"2026-04-22T14:41:32.219Z","level":"info","service":"my-module","event":"span.end","trace_id":"d78e8cdbd575409ba26dbd06eba78f06","span_id":"4f9c9a95ea274c6b","parent_span_id":null,"name":"harness.provider.route","duration_ms":0,"status":"ok","attributes":{"harness.route.id":"mini-build","harness.route.mode":"Build","harness.route.tier":"mini"}}
# {"timestamp":"2026-04-22T14:41:32.220Z","level":"info","service":"my-module","event":"span.end","trace_id":"7e54e8f41caf4a7abeb61723ec27cf34","span_id":"e55ec2f739fd47d7","parent_span_id":null,"name":"harness.provider.invoke","duration_ms":0,"status":"error","attributes":{"harness.provider.id":"throwing-PROVIDER_UNAVAILABLE","harness.route.id":"mini-build","harness.route.mode":"Build","exception.type":"Error","exception.message":"provider outage"}}
# {"timestamp":"2026-04-22T14:41:32.220Z","level":"warn","service":"my-module","event":"harness.provider.invoke_failed","correlation_id":"39d018b0-a4d8-41c3-af90-e5ae09fc63e0","request_id":"39d018b0-a4d8-41c3-af90-e5ae09fc63e0","provider_id":"throwing-PROVIDER_UNAVAILABLE","route_id":"mini-build","error_code":"PROVIDER_UNAVAILABLE","error_message":"provider outage"}
# {"timestamp":"2026-04-22T14:41:32.220Z","level":"info","service":"my-module","event":"span.end","trace_id":"d28cbc5411214bf4914a676743e33391","span_id":"e31f573212e6458b","parent_span_id":null,"name":"harness.provider.fallback","duration_ms":0,"status":"ok","attributes":{"harness.provider.from":"throwing-PROVIDER_UNAVAILABLE","harness.provider.to":"throwing-PROVIDER_UNAVAILABLE","harness.provider.reason":"PROVIDER_UNAVAILABLE"}}
# {"timestamp":"2026-04-22T14:41:32.220Z","level":"info","service":"my-module","event":"span.end","trace_id":"523ea8175270490183bfa9555f01876e","span_id":"f4ce0d8fd7504ddc","parent_span_id":null,"name":"harness.provider.invoke","duration_ms":0,"status":"error","attributes":{"harness.provider.id":"throwing-PROVIDER_UNAVAILABLE","harness.route.id":"mini-build","harness.route.mode":"Build","exception.type":"Error","exception.message":"provider outage"}}
# {"timestamp":"2026-04-22T14:41:32.220Z","level":"warn","service":"my-module","event":"harness.provider.invoke_failed","correlation_id":"39d018b0-a4d8-41c3-af90-e5ae09fc63e0","request_id":"39d018b0-a4d8-41c3-af90-e5ae09fc63e0","provider_id":"throwing-PROVIDER_UNAVAILABLE","route_id":"mini-build","error_code":"PROVIDER_UNAVAILABLE","error_message":"provider outage"}
# {"timestamp":"2026-04-22T14:41:32.221Z","level":"info","service":"my-module","event":"span.end","trace_id":"d194c4c23cef434ca89452b5be0e2210","span_id":"1ff97f9db5134d75","parent_span_id":"04780016d7c743b0","name":"harness.prompt_recommendation","duration_ms":3,"status":"error","attributes":{"http.route":"/api/harness/prompt-recommendation","http.request.method":"POST","code.function":"createAppHandler","exception.type":"Error","exception.message":"provider outage","control_center.operation.duration_ms":3,"harness.mode":"Build"}}
# {"timestamp":"2026-04-22T14:41:32.221Z","level":"info","service":"my-module","event":"metric.histogram","name":"control_center_operation_duration_ms","value":3,"unit":"ms","attributes":{"operation":"harness.prompt_recommendation","route":"/api/harness/prompt-recommendation","method":"POST","error":true}}
# {"timestamp":"2026-04-22T14:41:32.221Z","level":"info","service":"my-module","event":"control_center.operation.failed","trace_id":"d194c4c23cef434ca89452b5be0e2210","parent_span_id":"04780016d7c743b0","span_id":"1ff97f9db5134d75","correlation_id":"39d018b0-a4d8-41c3-af90-e5ae09fc63e0","request_id":"39d018b0-a4d8-41c3-af90-e5ae09fc63e0","operation":"harness.prompt_recommendation","route":"/api/harness/prompt-recommendation","method":"POST","duration_ms":3,"error_message":"provider outage","harness.mode":"Build"}
# {"timestamp":"2026-04-22T14:41:32.222Z","level":"warn","service":"my-module","event":"server.draining","reason":"test","drain_started_at":"2026-04-22T14:41:32.222Z"}
# Subtest: [harness provider failure smoke] provider outage returns structured 503
ok 62 - [harness provider failure smoke] provider outage returns structured 503
  ---
  duration_ms: 7.480603
  type: 'test'
  ...
# Subtest: [harness release smoke] release evidence includes prompt version and rollback metadata
ok 63 - [harness release smoke] release evidence includes prompt version and rollback metadata
  ---
  duration_ms: 234.333133
  type: 'test'
  ...
# Subtest: [harness routing smoke] cost and latency routing baseline validates
ok 64 - [harness routing smoke] cost and latency routing baseline validates
  ---
  duration_ms: 32.305682
  type: 'test'
  ...
# Subtest: [harness security smoke] trust-boundary and red-team baseline validate
ok 65 - [harness security smoke] trust-boundary and red-team baseline validate
  ---
  duration_ms: 31.763299
  type: 'test'
  ...
# Subtest: [kickoff evidence] kickoff surfaces are bundled into one evidence artifact
ok 66 - [kickoff evidence] kickoff surfaces are bundled into one evidence artifact
  ---
  duration_ms: 1366.342953
  type: 'test'
  ...
# Subtest: [kickoff ready gate] kickoff evidence becomes a single ready review blocked signal
ok 67 - [kickoff ready gate] kickoff evidence becomes a single ready review blocked signal
  ---
  duration_ms: 1383.486822
  type: 'test'
  ...
# Subtest: [launch brief autopilot] kickoff and starter evidence become one launch recommendation
ok 68 - [launch brief autopilot] kickoff and starter evidence become one launch recommendation
  ---
  duration_ms: 1907.579725
  type: 'test'
  ...
# Subtest: [learned preset memory] decision/apply history becomes reusable preset memory
ok 69 - [learned preset memory] decision/apply history becomes reusable preset memory
  ---
  duration_ms: 1352.276164
  type: 'test'
  ...
# Subtest: [master planner] bundles per-screen UI guides for operators and planners
ok 70 - [master planner] bundles per-screen UI guides for operators and planners
  ---
  duration_ms: 522.041132
  type: 'test'
  ...
# Subtest: [master shell smoke] benchmark catalog and planner composition validate together
ok 71 - [master shell smoke] benchmark catalog and planner composition validate together
  ---
  duration_ms: 342.797085
  type: 'test'
  ...
# Subtest: [mindmap control center smoke] integrated control center is generated with plan board and module workbench
ok 72 - [mindmap control center smoke] integrated control center is generated with plan board and module workbench
  ---
  duration_ms: 1155.439522
  type: 'test'
  ...
# (node:36382) ExperimentalWarning: SQLite is an experimental feature and might change at any time
# (Use `node --trace-warnings ...` to show where the warning was created)
# {"timestamp":"2026-04-22T14:41:32.706Z","level":"info","service":"my-module","event":"metric.counter","name":"pty_bridge_sessions_read_total","delta":1,"total":1,"attributes":{"route":"/api/pty/sessions","method":"GET"}}
# {"timestamp":"2026-04-22T14:41:32.706Z","level":"info","service":"my-module","event":"span.end","trace_id":"5ee517da17a94244a01db10919c12fe5","span_id":"9e3df0e415c84744","parent_span_id":"1f774ae927f9463a","name":"pty.bridge.sessions","duration_ms":0,"status":"ok","attributes":{"http.route":"/api/pty/sessions","http.request.method":"GET","code.function":"createAppHandler","control_center.operation.duration_ms":0,"pty.session.count":1}}
# {"timestamp":"2026-04-22T14:41:32.706Z","level":"info","service":"my-module","event":"metric.histogram","name":"control_center_operation_duration_ms","value":0,"unit":"ms","attributes":{"operation":"pty.bridge.sessions","route":"/api/pty/sessions","method":"GET"}}
# {"timestamp":"2026-04-22T14:41:32.706Z","level":"info","service":"my-module","event":"control_center.operation","trace_id":"5ee517da17a94244a01db10919c12fe5","parent_span_id":"1f774ae927f9463a","span_id":"9e3df0e415c84744","correlation_id":"faaff45a-1abf-48a3-b4ac-36b788b44b07","request_id":"faaff45a-1abf-48a3-b4ac-36b788b44b07","operation":"pty.bridge.sessions","route":"/api/pty/sessions","method":"GET","duration_ms":0,"message":"ok","pty.session.count":1}
# {"timestamp":"2026-04-22T14:41:32.718Z","level":"info","service":"my-module","event":"metric.counter","name":"pty_scheduler_start_total","delta":1,"total":1,"attributes":{"route":"/api/pty/scheduler/start","method":"POST"}}
# {"timestamp":"2026-04-22T14:41:32.725Z","level":"info","service":"my-module","event":"span.end","trace_id":"619a6eec46334b85bc23241c3446ee02","span_id":"37ac103a075e4b9b","parent_span_id":"337c03dfe0714125","name":"pty.scheduler.start","duration_ms":7,"status":"ok","attributes":{"http.route":"/api/pty/scheduler/start","http.request.method":"POST","code.function":"createAppHandler","control_center.operation.duration_ms":7,"pty.scheduler.worker_count":2}}
# {"timestamp":"2026-04-22T14:41:32.725Z","level":"info","service":"my-module","event":"metric.histogram","name":"control_center_operation_duration_ms","value":7,"unit":"ms","attributes":{"operation":"pty.scheduler.start","route":"/api/pty/scheduler/start","method":"POST"}}
# {"timestamp":"2026-04-22T14:41:32.725Z","level":"info","service":"my-module","event":"control_center.operation","trace_id":"619a6eec46334b85bc23241c3446ee02","parent_span_id":"337c03dfe0714125","span_id":"37ac103a075e4b9b","correlation_id":"62c07d82-4879-4869-92b4-57aa887de4bd","request_id":"62c07d82-4879-4869-92b4-57aa887de4bd","operation":"pty.scheduler.start","route":"/api/pty/scheduler/start","method":"POST","duration_ms":7,"message":"ok","pty.scheduler.worker_count":2}
# {"timestamp":"2026-04-22T14:41:35.185Z","level":"info","service":"my-module","event":"metric.counter","name":"pty_bridge_send_total","delta":1,"total":1,"attributes":{"route":"/api/pty/send-now","method":"POST","action":"prompt"}}
# {"timestamp":"2026-04-22T14:41:37.316Z","level":"warn","service":"my-module","event":"server.draining","reason":"test","drain_started_at":"2026-04-22T14:41:37.316Z"}
# Subtest: [mindmap control center browser interaction smoke] selected worker wiring reaches send-now runtime path
ok 73 - [mindmap control center browser interaction smoke] selected worker wiring reaches send-now runtime path
  ---
  duration_ms: 4667.122741
  type: 'test'
  ...
# {"timestamp":"2026-04-22T14:41:37.339Z","level":"info","service":"my-module","event":"metric.counter","name":"pty_bridge_sessions_read_total","delta":1,"total":2,"attributes":{"route":"/api/pty/sessions","method":"GET"}}
# {"timestamp":"2026-04-22T14:41:37.339Z","level":"info","service":"my-module","event":"span.end","trace_id":"8f74e0f786c943f7814a8be4989b76e0","span_id":"b23f2f5cd5ad42e7","parent_span_id":"063e0bb99cc74efc","name":"pty.bridge.sessions","duration_ms":1,"status":"ok","attributes":{"http.route":"/api/pty/sessions","http.request.method":"GET","code.function":"createAppHandler","control_center.operation.duration_ms":1,"pty.session.count":1}}
# {"timestamp":"2026-04-22T14:41:37.339Z","level":"info","service":"my-module","event":"metric.histogram","name":"control_center_operation_duration_ms","value":1,"unit":"ms","attributes":{"operation":"pty.bridge.sessions","route":"/api/pty/sessions","method":"GET"}}
# {"timestamp":"2026-04-22T14:41:37.339Z","level":"info","service":"my-module","event":"control_center.operation","trace_id":"8f74e0f786c943f7814a8be4989b76e0","parent_span_id":"063e0bb99cc74efc","span_id":"b23f2f5cd5ad42e7","correlation_id":"3638a841-61d3-4bbd-936b-78ae6c77983c","request_id":"3638a841-61d3-4bbd-936b-78ae6c77983c","operation":"pty.bridge.sessions","route":"/api/pty/sessions","method":"GET","duration_ms":1,"message":"ok","pty.session.count":1}
# {"timestamp":"2026-04-22T14:41:37.341Z","level":"info","service":"my-module","event":"metric.counter","name":"pty_scheduler_start_total","delta":1,"total":2,"attributes":{"route":"/api/pty/scheduler/start","method":"POST"}}
# {"timestamp":"2026-04-22T14:41:37.341Z","level":"info","service":"my-module","event":"span.end","trace_id":"cf25ea4ea8d24a6faee631941b3dfad1","span_id":"1717dac88fd44e97","parent_span_id":"ae712f841c994a15","name":"pty.scheduler.start","duration_ms":0,"status":"ok","attributes":{"http.route":"/api/pty/scheduler/start","http.request.method":"POST","code.function":"createAppHandler","control_center.operation.duration_ms":0,"pty.scheduler.worker_count":2}}
# {"timestamp":"2026-04-22T14:41:37.342Z","level":"info","service":"my-module","event":"metric.histogram","name":"control_center_operation_duration_ms","value":0,"unit":"ms","attributes":{"operation":"pty.scheduler.start","route":"/api/pty/scheduler/start","method":"POST"}}
# {"timestamp":"2026-04-22T14:41:37.342Z","level":"info","service":"my-module","event":"control_center.operation","trace_id":"cf25ea4ea8d24a6faee631941b3dfad1","parent_span_id":"ae712f841c994a15","span_id":"1717dac88fd44e97","correlation_id":"e916e32b-9249-4001-8dd9-e7a51f03505f","request_id":"e916e32b-9249-4001-8dd9-e7a51f03505f","operation":"pty.scheduler.start","route":"/api/pty/scheduler/start","method":"POST","duration_ms":0,"message":"ok","pty.scheduler.worker_count":2}
# {"timestamp":"2026-04-22T14:41:37.344Z","level":"info","service":"my-module","event":"metric.counter","name":"pty_bridge_send_total","delta":1,"total":2,"attributes":{"route":"/api/pty/send-now","method":"POST","action":"prompt"}}
# {"timestamp":"2026-04-22T14:41:37.347Z","level":"info","service":"my-module","event":"metric.counter","name":"pty_bridge_failures_total","delta":1,"total":1,"attributes":{"route":"/api/pty/send-now","method":"POST","reason":"scheduler_send_now_failed"}}
# {"timestamp":"2026-04-22T14:41:39.179Z","level":"warn","service":"my-module","event":"server.draining","reason":"test","drain_started_at":"2026-04-22T14:41:39.179Z"}
# Subtest: [mindmap control center browser interaction smoke] selected failing worker propagates runtime error details
ok 74 - [mindmap control center browser interaction smoke] selected failing worker propagates runtime error details
  ---
  duration_ms: 1861.055713
  type: 'test'
  ...
# {"timestamp":"2026-04-22T14:41:39.183Z","level":"info","service":"my-module","event":"metric.counter","name":"pty_bridge_sessions_read_total","delta":1,"total":3,"attributes":{"route":"/api/pty/sessions","method":"GET"}}
# {"timestamp":"2026-04-22T14:41:39.183Z","level":"info","service":"my-module","event":"span.end","trace_id":"4e35e5a8e3b54cf69c161157816508d7","span_id":"eaabc1ccf993453c","parent_span_id":"45caf34da94c4d00","name":"pty.bridge.sessions","duration_ms":0,"status":"ok","attributes":{"http.route":"/api/pty/sessions","http.request.method":"GET","code.function":"createAppHandler","control_center.operation.duration_ms":0,"pty.session.count":1}}
# {"timestamp":"2026-04-22T14:41:39.183Z","level":"info","service":"my-module","event":"metric.histogram","name":"control_center_operation_duration_ms","value":0,"unit":"ms","attributes":{"operation":"pty.bridge.sessions","route":"/api/pty/sessions","method":"GET"}}
# {"timestamp":"2026-04-22T14:41:39.183Z","level":"info","service":"my-module","event":"control_center.operation","trace_id":"4e35e5a8e3b54cf69c161157816508d7","parent_span_id":"45caf34da94c4d00","span_id":"eaabc1ccf993453c","correlation_id":"91ad86e1-7ae2-41d5-a58f-416b62184443","request_id":"91ad86e1-7ae2-41d5-a58f-416b62184443","operation":"pty.bridge.sessions","route":"/api/pty/sessions","method":"GET","duration_ms":0,"message":"ok","pty.session.count":1}
# {"timestamp":"2026-04-22T14:41:39.185Z","level":"info","service":"my-module","event":"metric.counter","name":"pty_scheduler_start_total","delta":1,"total":3,"attributes":{"route":"/api/pty/scheduler/start","method":"POST"}}
# {"timestamp":"2026-04-22T14:41:39.185Z","level":"info","service":"my-module","event":"span.end","trace_id":"30ba2a2741b749dea4081ef131137200","span_id":"120a5aa2b83d4646","parent_span_id":"03868d8607d54da4","name":"pty.scheduler.start","duration_ms":0,"status":"ok","attributes":{"http.route":"/api/pty/scheduler/start","http.request.method":"POST","code.function":"createAppHandler","control_center.operation.duration_ms":0,"pty.scheduler.worker_count":1}}
# {"timestamp":"2026-04-22T14:41:39.185Z","level":"info","service":"my-module","event":"metric.histogram","name":"control_center_operation_duration_ms","value":0,"unit":"ms","attributes":{"operation":"pty.scheduler.start","route":"/api/pty/scheduler/start","method":"POST"}}
# {"timestamp":"2026-04-22T14:41:39.185Z","level":"info","service":"my-module","event":"control_center.operation","trace_id":"30ba2a2741b749dea4081ef131137200","parent_span_id":"03868d8607d54da4","span_id":"120a5aa2b83d4646","correlation_id":"6232a51e-3db7-48cb-838b-73d18f385113","request_id":"6232a51e-3db7-48cb-838b-73d18f385113","operation":"pty.scheduler.start","route":"/api/pty/scheduler/start","method":"POST","duration_ms":0,"message":"ok","pty.scheduler.worker_count":1}
# {"timestamp":"2026-04-22T14:41:39.187Z","level":"info","service":"my-module","event":"metric.counter","name":"pty_bridge_send_total","delta":1,"total":3,"attributes":{"route":"/api/pty/send-now","method":"POST","action":"prompt"}}
# {"timestamp":"2026-04-22T14:41:39.190Z","level":"warn","service":"my-module","event":"server.draining","reason":"test","drain_started_at":"2026-04-22T14:41:39.190Z"}
# Subtest: [mindmap control center browser interaction smoke] send-now idempotency key replays completed response
ok 75 - [mindmap control center browser interaction smoke] send-now idempotency key replays completed response
  ---
  duration_ms: 10.854358
  type: 'test'
  ...
# {"timestamp":"2026-04-22T14:41:39.193Z","level":"info","service":"my-module","event":"metric.counter","name":"pty_bridge_sessions_read_total","delta":1,"total":4,"attributes":{"route":"/api/pty/sessions","method":"GET"}}
# {"timestamp":"2026-04-22T14:41:39.193Z","level":"info","service":"my-module","event":"span.end","trace_id":"3b27765f108d470382a5f9b126c23979","span_id":"c4e509ade1ca4398","parent_span_id":"ad4faec66a984868","name":"pty.bridge.sessions","duration_ms":0,"status":"ok","attributes":{"http.route":"/api/pty/sessions","http.request.method":"GET","code.function":"createAppHandler","control_center.operation.duration_ms":0,"pty.session.count":1}}
# {"timestamp":"2026-04-22T14:41:39.193Z","level":"info","service":"my-module","event":"metric.histogram","name":"control_center_operation_duration_ms","value":0,"unit":"ms","attributes":{"operation":"pty.bridge.sessions","route":"/api/pty/sessions","method":"GET"}}
# {"timestamp":"2026-04-22T14:41:39.193Z","level":"info","service":"my-module","event":"control_center.operation","trace_id":"3b27765f108d470382a5f9b126c23979","parent_span_id":"ad4faec66a984868","span_id":"c4e509ade1ca4398","correlation_id":"f57d01ba-44f5-4044-928f-6c04bb411dac","request_id":"f57d01ba-44f5-4044-928f-6c04bb411dac","operation":"pty.bridge.sessions","route":"/api/pty/sessions","method":"GET","duration_ms":0,"message":"ok","pty.session.count":1}
# {"timestamp":"2026-04-22T14:41:39.195Z","level":"info","service":"my-module","event":"metric.counter","name":"pty_scheduler_start_total","delta":1,"total":4,"attributes":{"route":"/api/pty/scheduler/start","method":"POST"}}
# {"timestamp":"2026-04-22T14:41:39.195Z","level":"info","service":"my-module","event":"span.end","trace_id":"0c72bcbc01474f44a1b84a18543e900d","span_id":"87cbc324d412405c","parent_span_id":"cd0a1330684f43a8","name":"pty.scheduler.start","duration_ms":0,"status":"ok","attributes":{"http.route":"/api/pty/scheduler/start","http.request.method":"POST","code.function":"createAppHandler","control_center.operation.duration_ms":0,"pty.scheduler.worker_count":2}}
# {"timestamp":"2026-04-22T14:41:39.195Z","level":"info","service":"my-module","event":"metric.histogram","name":"control_center_operation_duration_ms","value":0,"unit":"ms","attributes":{"operation":"pty.scheduler.start","route":"/api/pty/scheduler/start","method":"POST"}}
# {"timestamp":"2026-04-22T14:41:39.195Z","level":"info","service":"my-module","event":"control_center.operation","trace_id":"0c72bcbc01474f44a1b84a18543e900d","parent_span_id":"cd0a1330684f43a8","span_id":"87cbc324d412405c","correlation_id":"7a024385-0715-47a4-b395-db6cc9e6ab69","request_id":"7a024385-0715-47a4-b395-db6cc9e6ab69","operation":"pty.scheduler.start","route":"/api/pty/scheduler/start","method":"POST","duration_ms":0,"message":"ok","pty.scheduler.worker_count":2}
# {"timestamp":"2026-04-22T14:41:39.196Z","level":"info","service":"my-module","event":"metric.counter","name":"pty_bridge_send_total","delta":1,"total":4,"attributes":{"route":"/api/pty/enter-now","method":"POST","action":"enter"}}
# {"timestamp":"2026-04-22T14:41:39.196Z","level":"info","service":"my-module","event":"metric.counter","name":"pty_bridge_send_total","delta":1,"total":5,"attributes":{"route":"/api/pty/enter-now","method":"POST","action":"enter"}}
# {"timestamp":"2026-04-22T14:41:39.198Z","level":"info","service":"my-module","event":"metric.counter","name":"pty_bridge_send_total","delta":1,"total":6,"attributes":{"route":"/api/pty/enter-now","method":"POST","action":"enter"}}
# {"timestamp":"2026-04-22T14:41:40.803Z","level":"warn","service":"my-module","event":"server.draining","reason":"test","drain_started_at":"2026-04-22T14:41:40.803Z"}
# Subtest: [mindmap control center browser interaction smoke] enter-now worker_index targets single worker
ok 76 - [mindmap control center browser interaction smoke] enter-now worker_index targets single worker
  ---
  duration_ms: 1613.013223
  type: 'test'
  ...
# Subtest: [mindmap control center interaction smoke] worker selection is wired to immediate dispatch controls
ok 77 - [mindmap control center interaction smoke] worker selection is wired to immediate dispatch controls
  ---
  duration_ms: 1334.923275
  type: 'test'
  ...
# (node:36435) ExperimentalWarning: SQLite is an experimental feature and might change at any time
# (Use `node --trace-warnings ...` to show where the warning was created)
# Subtest: [mindmap rebuild smoke] generateMindmapWorker.js 파일이 존재한다
ok 78 - [mindmap rebuild smoke] generateMindmapWorker.js 파일이 존재한다
  ---
  duration_ms: 0.836658
  type: 'test'
  ...
# Subtest: [mindmap rebuild smoke] POST /api/mindmap/rebuild — 200 + ok:true + durationMs
ok 79 - [mindmap rebuild smoke] POST /api/mindmap/rebuild — 200 + ok:true + durationMs
  ---
  duration_ms: 128.464056
  type: 'test'
  ...
# Subtest: [mindmap rebuild smoke] 재생성 후 artifacts/mindmap/index.html 존재
ok 80 - [mindmap rebuild smoke] 재생성 후 artifacts/mindmap/index.html 존재
  ---
  duration_ms: 0.399656
  type: 'test'
  ...
# Subtest: [mindmap stage trace action smoke] trace query helper includes request and correlation ids
ok 81 - [mindmap stage trace action smoke] trace query helper includes request and correlation ids
  ---
  duration_ms: 1181.476272
  type: 'test'
  ...
# Subtest: [mindmap stage trace action smoke] copy action stores current stage trace query and updates status
ok 82 - [mindmap stage trace action smoke] copy action stores current stage trace query and updates status
  ---
  duration_ms: 1320.356894
  type: 'test'
  ...
# Subtest: [mindmap stage trace action smoke] copy action can target history entry and warns when no report exists
ok 83 - [mindmap stage trace action smoke] copy action can target history entry and warns when no report exists
  ---
  duration_ms: 2197.888315
  type: 'test'
  ...
# Subtest: [mindmap stage trace action smoke] load action stores trace query into execution prompt and updates status
ok 84 - [mindmap stage trace action smoke] load action stores trace query into execution prompt and updates status
  ---
  duration_ms: 934.218901
  type: 'test'
  ...
# Subtest: [mindmap stage trace action smoke] load action can target history entry and warns when no report exists
ok 85 - [mindmap stage trace action smoke] load action can target history entry and warns when no report exists
  ---
  duration_ms: 1751.097601
  type: 'test'
  ...
# Subtest: [mindmap stage trace action smoke] send action fills prompt and forwards to send-now helper
ok 86 - [mindmap stage trace action smoke] send action fills prompt and forwards to send-now helper
  ---
  duration_ms: 810.251381
  type: 'test'
  ...
# Subtest: [mindmap stage trace action smoke] send action does not forward when no report exists
ok 87 - [mindmap stage trace action smoke] send action does not forward when no report exists
  ---
  duration_ms: 799.874463
  type: 'test'
  ...
# Subtest: [mindmap stage trace action smoke] contract recovery load action stores recovery prompt into execution prompt
ok 88 - [mindmap stage trace action smoke] contract recovery load action stores recovery prompt into execution prompt
  ---
  duration_ms: 846.566327
  type: 'test'
  ...
# Subtest: [mindmap stage trace action smoke] contract recovery send action loads prompt and forwards to send-now helper
ok 89 - [mindmap stage trace action smoke] contract recovery send action loads prompt and forwards to send-now helper
  ---
  duration_ms: 792.802702
  type: 'test'
  ...
# Subtest: [mindmap stage trace action smoke] contract refresh action rehydrates snapshot and reports result
ok 90 - [mindmap stage trace action smoke] contract refresh action rehydrates snapshot and reports result
  ---
  duration_ms: 1444.152494
  type: 'test'
  ...
# (node:36494) ExperimentalWarning: SQLite is an experimental feature and might change at any time
# (Use `node --trace-warnings ...` to show where the warning was created)
# Subtest: [mpo runtime smoke] in-process /api/v1/mpo/plan auto-approves and completes representative flow
ok 91 - [mpo runtime smoke] in-process /api/v1/mpo/plan auto-approves and completes representative flow
  ---
  duration_ms: 9922.760838
  type: 'test'
  ...
# Subtest: [mpo runtime smoke] approval-required plan waits, then executes after explicit approve
ok 92 - [mpo runtime smoke] approval-required plan waits, then executes after explicit approve
  ---
  duration_ms: 4172.426702
  type: 'test'
  ...
# Subtest: [mpo runtime smoke] auto-replanned execution surfaces completed_with_replan session status
ok 93 - [mpo runtime smoke] auto-replanned execution surfaces completed_with_replan session status
  ---
  duration_ms: 5839.195387
  type: 'test'
  ...
# Subtest: [mpo runtime smoke] /api/v1/system/events streams mpo.* events over SSE
ok 94 - [mpo runtime smoke] /api/v1/system/events streams mpo.* events over SSE
  ---
  duration_ms: 57.688305
  type: 'test'
  ...
# Subtest: [operations baseline smoke] observability and rollback validations pass for requirement portfolio
ok 95 - [operations baseline smoke] observability and rollback validations pass for requirement portfolio
  ---
  duration_ms: 127.615947
  type: 'test'
  ...
# Subtest: [operator cockpit smoke] session, branch, and commit readiness collapse into one operator summary
ok 96 - [operator cockpit smoke] session, branch, and commit readiness collapse into one operator summary
  ---
  duration_ms: 1128.224125
  type: 'test'
  ...
# (node:36657) ExperimentalWarning: SQLite is an experimental feature and might change at any time
# (Use `node --trace-warnings ...` to show where the warning was created)
# {"timestamp":"2026-04-22T14:41:33.740Z","level":"warn","service":"my-module","event":"server.draining","reason":"manual","drain_started_at":"2026-04-22T14:41:33.740Z"}
# Subtest: [optimistic lock http smoke] 선행 전이 후 stale 전이는 HTTP 409를 반환한다
ok 97 - [optimistic lock http smoke] 선행 전이 후 stale 전이는 HTTP 409를 반환한다
  ---
  duration_ms: 28.984863
  type: 'test'
  ...
# Subtest: [optimistic lock http smoke] ProblemDetails가 OPTIMISTIC_LOCK_CONFLICT → 409로 매핑된다
ok 98 - [optimistic lock http smoke] ProblemDetails가 OPTIMISTIC_LOCK_CONFLICT → 409로 매핑된다
  ---
  duration_ms: 0.456429
  type: 'test'
  ...
# (node:36667) ExperimentalWarning: SQLite is an experimental feature and might change at any time
# (Use `node --trace-warnings ...` to show where the warning was created)
# {"timestamp":"2026-04-22T14:41:33.735Z","level":"warn","service":"my-module","event":"server.draining","reason":"manual","drain_started_at":"2026-04-22T14:41:33.734Z"}
# {"timestamp":"2026-04-22T14:41:33.737Z","level":"warn","service":"my-module","event":"server.draining","reason":"manual","drain_started_at":"2026-04-22T14:41:33.737Z"}
# Subtest: [outbox poller wiring smoke] 서버 기동 후 OutboxPoller가 실행 중이다
ok 99 - [outbox poller wiring smoke] 서버 기동 후 OutboxPoller가 실행 중이다
  ---
  duration_ms: 23.855573
  type: 'test'
  ...
# Subtest: [outbox poller wiring smoke] 서버 shutdown 후 OutboxPoller가 정지된다
ok 100 - [outbox poller wiring smoke] 서버 shutdown 후 OutboxPoller가 정지된다
  ---
  duration_ms: 2.242575
  type: 'test'
  ...
# {"timestamp":"2026-04-22T14:41:33.742Z","level":"info","service":"my-module","event":"metric.counter","name":"http_requests_total","delta":1,"total":1,"attributes":{"route":"/health","method":"GET"}}
# {"timestamp":"2026-04-22T14:41:33.742Z","level":"info","service":"my-module","event":"span.end","trace_id":"10281cb43b094cf8b2feef7e0377c03f","span_id":"0739f3027ec244ce","parent_span_id":null,"name":"http.GET /health","duration_ms":0,"status":"ok","attributes":{"http.method":"GET","http.route":"/health"}}
# {"timestamp":"2026-04-22T14:41:33.743Z","level":"warn","service":"my-module","event":"server.draining","reason":"manual","drain_started_at":"2026-04-22T14:41:33.743Z"}
# Subtest: [outbox poller wiring smoke] /health 엔드포인트가 observability 데이터를 포함한다
ok 101 - [outbox poller wiring smoke] /health 엔드포인트가 observability 데이터를 포함한다
  ---
  duration_ms: 5.215154
  type: 'test'
  ...
# {"timestamp":"2026-04-22T14:41:33.746Z","level":"warn","service":"my-module","event":"server.draining","reason":"manual","drain_started_at":"2026-04-22T14:41:33.746Z"}
# Subtest: [outbox poller wiring smoke] /api/v1/domain-events/dlq 엔드포인트가 응답한다
ok 102 - [outbox poller wiring smoke] /api/v1/domain-events/dlq 엔드포인트가 응답한다
  ---
  duration_ms: 3.167244
  type: 'test'
  ...
# Subtest: [packet hierarchy] capability-scoped packet progress and next packets are exported
ok 103 - [packet hierarchy] capability-scoped packet progress and next packets are exported
  ---
  duration_ms: 178.647776
  type: 'test'
  ...
# (node:36687) ExperimentalWarning: SQLite is an experimental feature and might change at any time
# (Use `node --trace-warnings ...` to show where the warning was created)
# {"timestamp":"2026-04-22T14:41:33.772Z","level":"info","service":"my-module","event":"metric.counter","name":"http_errors_total","delta":1,"total":1,"attributes":{"route":"/billing/payments","method":"POST","status":500}}
# {"timestamp":"2026-04-22T14:41:33.772Z","level":"info","service":"my-module","event":"metric.histogram","name":"http_duration_ms","value":0,"unit":"ms","attributes":{"route":"/billing/payments","error":true}}
# {"timestamp":"2026-04-22T14:41:33.772Z","level":"info","service":"my-module","event":"span.end","trace_id":"9e8d8c4e03c14d7a8d7981301d72f28a","span_id":"c288d604c4984093","parent_span_id":null,"name":"http.POST /billing/payments","duration_ms":0,"status":"error","attributes":{"http.method":"POST","http.route":"/billing/payments","http.status_code":500,"exception.type":"TypeError","exception.message":"req.on is not a function"}}
# {"timestamp":"2026-04-22T14:41:33.772Z","level":"error","service":"my-module","event":"http.error","trace_id":"9e8d8c4e03c14d7a8d7981301d72f28a","correlation_id":"6ac65179-e207-4c3b-9a52-f9e67f785d03","route":"/billing/payments","status":500,"message":"req.on is not a function"}
# {"timestamp":"2026-04-22T14:41:33.773Z","level":"info","service":"my-module","event":"metric.counter","name":"http_errors_total","delta":1,"total":2,"attributes":{"route":"/billing/payments","method":"POST","status":500}}
# {"timestamp":"2026-04-22T14:41:33.773Z","level":"info","service":"my-module","event":"metric.histogram","name":"http_duration_ms","value":0,"unit":"ms","attributes":{"route":"/billing/payments","error":true}}
# {"timestamp":"2026-04-22T14:41:33.773Z","level":"info","service":"my-module","event":"span.end","trace_id":"502fcaf470e54a359b7d12a085ff1f48","span_id":"c171d7a17a714b50","parent_span_id":null,"name":"http.POST /billing/payments","duration_ms":0,"status":"error","attributes":{"http.method":"POST","http.route":"/billing/payments","http.status_code":500,"exception.type":"TypeError","exception.message":"req.on is not a function"}}
# {"timestamp":"2026-04-22T14:41:33.773Z","level":"error","service":"my-module","event":"http.error","trace_id":"502fcaf470e54a359b7d12a085ff1f48","correlation_id":"d91586ff-82e8-4a5b-9dc5-e88ed94abec8","route":"/billing/payments","status":500,"message":"req.on is not a function"}
# {"timestamp":"2026-04-22T14:41:33.773Z","level":"info","service":"my-module","event":"metric.counter","name":"http_errors_total","delta":1,"total":3,"attributes":{"route":"/billing/payments","method":"POST","status":500}}
# {"timestamp":"2026-04-22T14:41:33.773Z","level":"info","service":"my-module","event":"metric.histogram","name":"http_duration_ms","value":0,"unit":"ms","attributes":{"route":"/billing/payments","error":true}}
# {"timestamp":"2026-04-22T14:41:33.773Z","level":"info","service":"my-module","event":"span.end","trace_id":"c7db9ec65d24472cb1e5aa4d1035c264","span_id":"6137075f427e4de7","parent_span_id":null,"name":"http.POST /billing/payments","duration_ms":0,"status":"error","attributes":{"http.method":"POST","http.route":"/billing/payments","http.status_code":500,"exception.type":"TypeError","exception.message":"req.on is not a function"}}
# {"timestamp":"2026-04-22T14:41:33.773Z","level":"error","service":"my-module","event":"http.error","trace_id":"c7db9ec65d24472cb1e5aa4d1035c264","correlation_id":"8491cc67-32ce-4d00-b380-ad5ea1d924fe","route":"/billing/payments","status":500,"message":"req.on is not a function"}
# {"timestamp":"2026-04-22T14:41:33.774Z","level":"info","service":"my-module","event":"metric.counter","name":"http_errors_total","delta":1,"total":4,"attributes":{"route":"/billing/payments","method":"POST","status":429}}
# {"timestamp":"2026-04-22T14:41:33.774Z","level":"info","service":"my-module","event":"metric.histogram","name":"http_duration_ms","value":0,"unit":"ms","attributes":{"route":"/billing/payments","error":true}}
# {"timestamp":"2026-04-22T14:41:33.774Z","level":"info","service":"my-module","event":"span.end","trace_id":"97730b67da014fbfae2bc40280fabae1","span_id":"691d724d35cd4af5","parent_span_id":null,"name":"http.POST /billing/payments","duration_ms":0,"status":"error","attributes":{"http.method":"POST","http.route":"/billing/payments","http.status_code":429,"exception.type":"Error","exception.message":"Rate limit exceeded for route POST:/billing/payments"}}
# {"timestamp":"2026-04-22T14:41:33.774Z","level":"error","service":"my-module","event":"http.error","trace_id":"97730b67da014fbfae2bc40280fabae1","correlation_id":"720ae3ee-964d-48d9-977d-31f7f24bafc7","route":"/billing/payments","status":429,"message":"Rate limit exceeded for route POST:/billing/payments"}
# {"timestamp":"2026-04-22T14:41:33.775Z","level":"info","service":"my-module","event":"metric.counter","name":"http_errors_total","delta":1,"total":5,"attributes":{"route":"/video/videos","method":"POST","status":500}}
# {"timestamp":"2026-04-22T14:41:33.775Z","level":"info","service":"my-module","event":"metric.histogram","name":"http_duration_ms","value":0,"unit":"ms","attributes":{"route":"/video/videos","error":true}}
# {"timestamp":"2026-04-22T14:41:33.775Z","level":"info","service":"my-module","event":"span.end","trace_id":"00f9bbd15fcd45839a2ee00a30caa9d0","span_id":"8a473fb0404d4da8","parent_span_id":null,"name":"http.POST /video/videos","duration_ms":0,"status":"error","attributes":{"http.method":"POST","http.route":"/video/videos","http.status_code":500,"exception.type":"TypeError","exception.message":"req.on is not a function"}}
# {"timestamp":"2026-04-22T14:41:33.775Z","level":"error","service":"my-module","event":"http.error","trace_id":"00f9bbd15fcd45839a2ee00a30caa9d0","correlation_id":"3d78f2d6-9e4a-46bf-b8df-081247e42920","route":"/video/videos","status":500,"message":"req.on is not a function"}
# {"timestamp":"2026-04-22T14:41:33.775Z","level":"info","service":"my-module","event":"metric.counter","name":"http_errors_total","delta":1,"total":6,"attributes":{"route":"/video/videos","method":"POST","status":500}}
# {"timestamp":"2026-04-22T14:41:33.775Z","level":"info","service":"my-module","event":"metric.histogram","name":"http_duration_ms","value":0,"unit":"ms","attributes":{"route":"/video/videos","error":true}}
# {"timestamp":"2026-04-22T14:41:33.775Z","level":"info","service":"my-module","event":"span.end","trace_id":"1711fcc11b8748d7bac75ad16d6eaea8","span_id":"1c08d5bc3abb4d21","parent_span_id":null,"name":"http.POST /video/videos","duration_ms":0,"status":"error","attributes":{"http.method":"POST","http.route":"/video/videos","http.status_code":500,"exception.type":"TypeError","exception.message":"req.on is not a function"}}
# {"timestamp":"2026-04-22T14:41:33.775Z","level":"error","service":"my-module","event":"http.error","trace_id":"1711fcc11b8748d7bac75ad16d6eaea8","correlation_id":"8eb98437-574f-4153-9af2-7b90101ba2c6","route":"/video/videos","status":500,"message":"req.on is not a function"}
# {"timestamp":"2026-04-22T14:41:33.776Z","level":"info","service":"my-module","event":"metric.counter","name":"http_errors_total","delta":1,"total":7,"attributes":{"route":"/video/videos","method":"POST","status":429}}
# {"timestamp":"2026-04-22T14:41:33.776Z","level":"info","service":"my-module","event":"metric.histogram","name":"http_duration_ms","value":1,"unit":"ms","attributes":{"route":"/video/videos","error":true}}
# {"timestamp":"2026-04-22T14:41:33.776Z","level":"info","service":"my-module","event":"span.end","trace_id":"cc8c5c06e130496488dc245b93f8bf63","span_id":"3817ec7a20894a9d","parent_span_id":null,"name":"http.POST /video/videos","duration_ms":1,"status":"error","attributes":{"http.method":"POST","http.route":"/video/videos","http.status_code":429,"exception.type":"Error","exception.message":"Rate limit exceeded for route POST:/video/videos"}}
# {"timestamp":"2026-04-22T14:41:33.776Z","level":"error","service":"my-module","event":"http.error","trace_id":"cc8c5c06e130496488dc245b93f8bf63","correlation_id":"39186754-2dd7-48aa-a781-d3515a6f2ca3","route":"/video/videos","status":429,"message":"Rate limit exceeded for route POST:/video/videos"}
# {"timestamp":"2026-04-22T14:41:33.777Z","level":"info","service":"my-module","event":"metric.counter","name":"http_requests_total","delta":1,"total":1,"attributes":{"route":"/livez","method":"GET"}}
# {"timestamp":"2026-04-22T14:41:33.781Z","level":"info","service":"my-module","event":"span.end","trace_id":"f8325fdca1174c2b9620dc4b77d13fe5","span_id":"0d071c9853374557","parent_span_id":null,"name":"http.GET /livez","duration_ms":4,"status":"ok","attributes":{"http.method":"GET","http.route":"/livez"}}
# {"timestamp":"2026-04-22T14:41:33.782Z","level":"info","service":"my-module","event":"metric.counter","name":"http_requests_total","delta":1,"total":2,"attributes":{"route":"/livez","method":"GET"}}
# {"timestamp":"2026-04-22T14:41:33.782Z","level":"info","service":"my-module","event":"span.end","trace_id":"7246361d7f1b422fa85216d739695bbc","span_id":"06781304a8224b50","parent_span_id":null,"name":"http.GET /livez","duration_ms":0,"status":"ok","attributes":{"http.method":"GET","http.route":"/livez"}}
# {"timestamp":"2026-04-22T14:41:33.782Z","level":"info","service":"my-module","event":"metric.counter","name":"http_requests_total","delta":1,"total":3,"attributes":{"route":"/livez","method":"GET"}}
# {"timestamp":"2026-04-22T14:41:33.782Z","level":"info","service":"my-module","event":"span.end","trace_id":"58d6ac7e3c7049a6a83f14edd3af125b","span_id":"aa34c4ed420f4be0","parent_span_id":null,"name":"http.GET /livez","duration_ms":0,"status":"ok","attributes":{"http.method":"GET","http.route":"/livez"}}
# {"timestamp":"2026-04-22T14:41:33.782Z","level":"info","service":"my-module","event":"metric.counter","name":"http_requests_total","delta":1,"total":4,"attributes":{"route":"/livez","method":"GET"}}
# {"timestamp":"2026-04-22T14:41:33.782Z","level":"info","service":"my-module","event":"span.end","trace_id":"b8ef73ced0fe4a72abcd12ac4ac453cf","span_id":"8d8a724870dc4838","parent_span_id":null,"name":"http.GET /livez","duration_ms":0,"status":"ok","attributes":{"http.method":"GET","http.route":"/livez"}}
# {"timestamp":"2026-04-22T14:41:33.782Z","level":"info","service":"my-module","event":"metric.counter","name":"http_requests_total","delta":1,"total":5,"attributes":{"route":"/livez","method":"GET"}}
# {"timestamp":"2026-04-22T14:41:33.782Z","level":"info","service":"my-module","event":"span.end","trace_id":"722294f87e8c4c229d2caf859328ce6b","span_id":"b8e36e5e47254d62","parent_span_id":null,"name":"http.GET /livez","duration_ms":0,"status":"ok","attributes":{"http.method":"GET","http.route":"/livez"}}
# {"timestamp":"2026-04-22T14:41:33.782Z","level":"info","service":"my-module","event":"metric.counter","name":"http_requests_total","delta":1,"total":6,"attributes":{"route":"/livez","method":"GET"}}
# {"timestamp":"2026-04-22T14:41:33.782Z","level":"info","service":"my-module","event":"span.end","trace_id":"81d5472cc2b24d8eb70013aa59e2e258","span_id":"6e6c1675657e4106","parent_span_id":null,"name":"http.GET /livez","duration_ms":0,"status":"ok","attributes":{"http.method":"GET","http.route":"/livez"}}
# {"timestamp":"2026-04-22T14:41:33.782Z","level":"info","service":"my-module","event":"metric.counter","name":"http_requests_total","delta":1,"total":7,"attributes":{"route":"/livez","method":"GET"}}
# {"timestamp":"2026-04-22T14:41:33.782Z","level":"info","service":"my-module","event":"span.end","trace_id":"942e7d04a0d84fe3a8a786c24fa0544f","span_id":"6eafe405fd0b482b","parent_span_id":null,"name":"http.GET /livez","duration_ms":0,"status":"ok","attributes":{"http.method":"GET","http.route":"/livez"}}
# {"timestamp":"2026-04-22T14:41:33.783Z","level":"info","service":"my-module","event":"metric.counter","name":"http_requests_total","delta":1,"total":8,"attributes":{"route":"/livez","method":"GET"}}
# {"timestamp":"2026-04-22T14:41:33.783Z","level":"info","service":"my-module","event":"span.end","trace_id":"83816f4986f1426c95a1305511a3f41a","span_id":"7cf2253e579042cb","parent_span_id":null,"name":"http.GET /livez","duration_ms":0,"status":"ok","attributes":{"http.method":"GET","http.route":"/livez"}}
# {"timestamp":"2026-04-22T14:41:33.783Z","level":"info","service":"my-module","event":"metric.counter","name":"http_requests_total","delta":1,"total":9,"attributes":{"route":"/livez","method":"GET"}}
# {"timestamp":"2026-04-22T14:41:33.783Z","level":"info","service":"my-module","event":"span.end","trace_id":"66c05e70ae0a47a48f1c38b68cab816d","span_id":"2edb5ad021fb4715","parent_span_id":null,"name":"http.GET /livez","duration_ms":0,"status":"ok","attributes":{"http.method":"GET","http.route":"/livez"}}
# {"timestamp":"2026-04-22T14:41:33.783Z","level":"info","service":"my-module","event":"metric.counter","name":"http_requests_total","delta":1,"total":10,"attributes":{"route":"/livez","method":"GET"}}
# {"timestamp":"2026-04-22T14:41:33.783Z","level":"info","service":"my-module","event":"span.end","trace_id":"59aa638df8aa4d9291771c1c3aaef293","span_id":"d7e319cf3f9d4a75","parent_span_id":null,"name":"http.GET /livez","duration_ms":0,"status":"ok","attributes":{"http.method":"GET","http.route":"/livez"}}
# Subtest: [per-route rate-limit smoke] POST /billing/payments enforces stricter 10/min limit
ok 104 - [per-route rate-limit smoke] POST /billing/payments enforces stricter 10/min limit
  ---
  duration_ms: 5.92937
  type: 'test'
  ...
# Subtest: [per-route rate-limit smoke] POST /video/videos enforces stricter 5/min limit
ok 105 - [per-route rate-limit smoke] POST /video/videos enforces stricter 5/min limit
  ---
  duration_ms: 1.131052
  type: 'test'
  ...
# Subtest: [per-route rate-limit smoke] routes without stricter policy use global limit only
ok 106 - [per-route rate-limit smoke] routes without stricter policy use global limit only
  ---
  duration_ms: 7.042631
  type: 'test'
  ...
# Subtest: [planning studio stage-run migration smoke] snapshot backfills legacy stage-run storage with release evidence observability
ok 107 - [planning studio stage-run migration smoke] snapshot backfills legacy stage-run storage with release evidence observability
  ---
  duration_ms: 450.54951
  type: 'test'
  ...
# Subtest: [project status smoke] next_wp는 canonical wp-queue 기준으로 계산된다
ok 108 - [project status smoke] next_wp는 canonical wp-queue 기준으로 계산된다
  ---
  duration_ms: 697.380534
  type: 'test'
  ...
# Subtest: [promote packet] validated promotion can write next execution packet
ok 109 - [promote packet] validated promotion can write next execution packet
  ---
  duration_ms: 118.37047
  type: 'test'
  ...
# Subtest: [promotion decision] readiness, fit, and reread state become a single gate
ok 110 - [promotion decision] readiness, fit, and reread state become a single gate
  ---
  duration_ms: 1072.695773
  type: 'test'
  ...
# Subtest: [promotion pipeline] artifacts and optional apply are orchestrated together
ok 111 - [promotion pipeline] artifacts and optional apply are orchestrated together
  ---
  duration_ms: 191.251294
  type: 'test'
  ...
# Subtest: [proven kickoff] blueprint, learned preset, and token budget are bundled together
ok 112 - [proven kickoff] blueprint, learned preset, and token budget are bundled together
  ---
  duration_ms: 290.196658
  type: 'test'
  ...
# Subtest: [readiness brief] promotion, scheduler, reread, benchmark state are summarized together
ok 113 - [readiness brief] promotion, scheduler, reread, benchmark state are summarized together
  ---
  duration_ms: 971.451658
  type: 'test'
  ...
# Subtest: [release evidence smoke] sbom, provenance, and release evidence are regenerated with artifact digests
ok 114 - [release evidence smoke] sbom, provenance, and release evidence are regenerated with artifact digests
  ---
  duration_ms: 536.837213
  type: 'test'
  ...
# Subtest: [replay packet] logs and replay lenses produce a next packet draft
ok 115 - [replay packet] logs and replay lenses produce a next packet draft
  ---
  duration_ms: 83.073469
  type: 'test'
  ...
# Subtest: [requirements validation smoke] baseline requirements file passes
ok 116 - [requirements validation smoke] baseline requirements file passes
  ---
  duration_ms: 140.881985
  type: 'test'
  ...
# Subtest: [requirements validation smoke] --all mode validates all domain requirements files
ok 117 - [requirements validation smoke] --all mode validates all domain requirements files
  ---
  duration_ms: 237.317843
  type: 'test'
  ...
# Subtest: [requirements validation smoke] missing module.id is rejected
ok 118 - [requirements validation smoke] missing module.id is rejected
  ---
  duration_ms: 213.510757
  type: 'test'
  ...
# Subtest: [requirements validation smoke] invalid NFR latency is rejected
ok 119 - [requirements validation smoke] invalid NFR latency is rejected
  ---
  duration_ms: 148.437623
  type: 'test'
  ...
# Subtest: [requirements validation smoke] schema-enforced uniqueItems rejects duplicate dependencies
ok 120 - [requirements validation smoke] schema-enforced uniqueItems rejects duplicate dependencies
  ---
  duration_ms: 194.756259
  type: 'test'
  ...
# Subtest: [requirements validation smoke] schema-enforced uniqueItems rejects duplicate provided contracts
ok 121 - [requirements validation smoke] schema-enforced uniqueItems rejects duplicate provided contracts
  ---
  duration_ms: 218.70289
  type: 'test'
  ...
# Subtest: [reread queue] context drift candidates are exported in priority order
ok 122 - [reread queue] context drift candidates are exported in priority order
  ---
  duration_ms: 281.270187
  type: 'test'
  ...
# Subtest: [routing learning] exception and ROI signals merge into canonical routing memory
ok 123 - [routing learning] exception and ROI signals merge into canonical routing memory
  ---
  duration_ms: 331.503776
  type: 'test'
  ...
# (node:37039) ExperimentalWarning: SQLite is an experimental feature and might change at any time
# (Use `node --trace-warnings ...` to show where the warning was created)
# {"timestamp":"2026-04-22T14:41:34.656Z","level":"info","service":"my-module","event":"metric.counter","name":"http_requests_total","delta":1,"total":1,"attributes":{"route":"/livez","method":"GET"}}
# {"timestamp":"2026-04-22T14:41:34.656Z","level":"info","service":"my-module","event":"span.end","trace_id":"e7fa4841ffac4fa8a523e2ee4fcb1bc2","span_id":"2b3a259fe32843b4","parent_span_id":null,"name":"http.GET /livez","duration_ms":0,"status":"ok","attributes":{"http.method":"GET","http.route":"/livez"}}
# {"timestamp":"2026-04-22T14:41:34.670Z","level":"info","service":"my-module","event":"metric.counter","name":"http_requests_total","delta":1,"total":2,"attributes":{"route":"/startupz","method":"GET"}}
# {"timestamp":"2026-04-22T14:41:34.670Z","level":"info","service":"my-module","event":"span.end","trace_id":"e92ec026aa5a4167926d39220b71ba9f","span_id":"f4b5433cf16b469f","parent_span_id":null,"name":"http.GET /startupz","duration_ms":0,"status":"ok","attributes":{"http.method":"GET","http.route":"/startupz"}}
# {"timestamp":"2026-04-22T14:41:34.677Z","level":"info","service":"my-module","event":"metric.counter","name":"http_requests_total","delta":1,"total":3,"attributes":{"route":"/readyz","method":"GET","status":200}}
# {"timestamp":"2026-04-22T14:41:34.678Z","level":"info","service":"my-module","event":"span.end","trace_id":"05080c1791634906b0d489fffd82bafc","span_id":"d43dbba5615044f9","parent_span_id":null,"name":"http.GET /readyz","duration_ms":1,"status":"ok","attributes":{"http.method":"GET","http.route":"/readyz","http.status_code":200}}
# {"timestamp":"2026-04-22T14:41:34.680Z","level":"info","service":"my-module","event":"metric.counter","name":"http_requests_total","delta":1,"total":4,"attributes":{"route":"/health","method":"GET"}}
# {"timestamp":"2026-04-22T14:41:34.680Z","level":"info","service":"my-module","event":"span.end","trace_id":"8f15f14dac8f4bc5a743a613f2bb91a8","span_id":"26343891bc4c4c28","parent_span_id":null,"name":"http.GET /health","duration_ms":0,"status":"ok","attributes":{"http.method":"GET","http.route":"/health"}}
# Subtest: [deployment smoke runner] executes the deployed-environment checklist and writes an artifact
ok 124 - [deployment smoke runner] executes the deployed-environment checklist and writes an artifact
  ---
  duration_ms: 171.562633
  type: 'test'
  ...
# (node:37112) ExperimentalWarning: SQLite is an experimental feature and might change at any time
# (Use `node --trace-warnings ...` to show where the warning was created)
# {"timestamp":"2026-04-22T14:41:34.815Z","level":"warn","service":"my-module","event":"server.draining","reason":"manual","drain_started_at":"2026-04-22T14:41:34.815Z"}
# Subtest: [scaffold smoke] POST /api/planning-studio/scaffold-preview returns 400 on missing domain
ok 125 - [scaffold smoke] POST /api/planning-studio/scaffold-preview returns 400 on missing domain
  ---
  duration_ms: 21.533462
  type: 'test'
  ...
# {"timestamp":"2026-04-22T14:41:34.852Z","level":"warn","service":"my-module","event":"server.draining","reason":"manual","drain_started_at":"2026-04-22T14:41:34.852Z"}
# Subtest: [scaffold smoke] POST /api/planning-studio/scaffold-preview with valid args returns 200 with preview
ok 126 - [scaffold smoke] POST /api/planning-studio/scaffold-preview with valid args returns 200 with preview
  ---
  duration_ms: 36.664207
  type: 'test'
  ...
# {"timestamp":"2026-04-22T14:41:34.858Z","level":"warn","service":"my-module","event":"server.draining","reason":"manual","drain_started_at":"2026-04-22T14:41:34.858Z"}
# Subtest: [scaffold smoke] POST /api/planning-studio/scaffold-create with missing blueprint returns 400
ok 127 - [scaffold smoke] POST /api/planning-studio/scaffold-create with missing blueprint returns 400
  ---
  duration_ms: 6.207263
  type: 'test'
  ...
# {"timestamp":"2026-04-22T14:41:34.933Z","level":"warn","service":"my-module","event":"server.draining","reason":"manual","drain_started_at":"2026-04-22T14:41:34.933Z"}
# Subtest: [scaffold smoke] scaffold-preview idempotency replay returns same 200 on second call
ok 128 - [scaffold smoke] scaffold-preview idempotency replay returns same 200 on second call
  ---
  duration_ms: 78.283869
  type: 'test'
  ...
# {"timestamp":"2026-04-22T14:41:35.140Z","level":"warn","service":"my-module","event":"server.draining","reason":"manual","drain_started_at":"2026-04-22T14:41:35.140Z"}
# Subtest: [scaffold smoke] scaffold-create auto-registers Stage C baselines in runtime root
ok 129 - [scaffold smoke] scaffold-create auto-registers Stage C baselines in runtime root
  ---
  duration_ms: 212.987111
  type: 'test'
  ...
# (node:37151) ExperimentalWarning: SQLite is an experimental feature and might change at any time
# (Use `node --trace-warnings ...` to show where the warning was created)
# {"timestamp":"2026-04-22T14:41:34.937Z","level":"info","service":"my-module","event":"metric.counter","name":"pty_bridge_sessions_read_total","delta":1,"total":1,"attributes":{"route":"/api/pty/sessions","method":"GET"}}
# {"timestamp":"2026-04-22T14:41:34.938Z","level":"info","service":"my-module","event":"span.end","trace_id":"dc4831de7d0f4a779d7712e63b505f88","span_id":"e2cb6d4dddba4bb4","parent_span_id":"1c801ec8832e4c90","name":"pty.bridge.sessions","duration_ms":1,"status":"ok","attributes":{"http.route":"/api/pty/sessions","http.request.method":"GET","code.function":"createAppHandler","control_center.operation.duration_ms":0,"pty.session.count":1}}
# {"timestamp":"2026-04-22T14:41:34.938Z","level":"info","service":"my-module","event":"metric.histogram","name":"control_center_operation_duration_ms","value":0,"unit":"ms","attributes":{"operation":"pty.bridge.sessions","route":"/api/pty/sessions","method":"GET"}}
# {"timestamp":"2026-04-22T14:41:34.938Z","level":"info","service":"my-module","event":"control_center.operation","trace_id":"dc4831de7d0f4a779d7712e63b505f88","parent_span_id":"1c801ec8832e4c90","span_id":"e2cb6d4dddba4bb4","correlation_id":"08dfe0d6-a8c2-4950-80f9-2b44bee0f6ac","request_id":"08dfe0d6-a8c2-4950-80f9-2b44bee0f6ac","operation":"pty.bridge.sessions","route":"/api/pty/sessions","method":"GET","duration_ms":0,"message":"ok","pty.session.count":1}
# {"timestamp":"2026-04-22T14:41:34.956Z","level":"info","service":"my-module","event":"metric.counter","name":"pty_scheduler_start_total","delta":1,"total":1,"attributes":{"route":"/api/pty/scheduler/start","method":"POST"}}
# {"timestamp":"2026-04-22T14:41:34.956Z","level":"info","service":"my-module","event":"span.end","trace_id":"26de6e29f8464dcca8b8b0785943a760","span_id":"7616cdbd43fa4d9f","parent_span_id":"bbcbd50f001a4fb0","name":"pty.scheduler.start","duration_ms":1,"status":"ok","attributes":{"http.route":"/api/pty/scheduler/start","http.request.method":"POST","code.function":"createAppHandler","control_center.operation.duration_ms":1,"pty.scheduler.worker_count":2}}
# {"timestamp":"2026-04-22T14:41:34.956Z","level":"info","service":"my-module","event":"metric.histogram","name":"control_center_operation_duration_ms","value":1,"unit":"ms","attributes":{"operation":"pty.scheduler.start","route":"/api/pty/scheduler/start","method":"POST"}}
# {"timestamp":"2026-04-22T14:41:34.956Z","level":"info","service":"my-module","event":"control_center.operation","trace_id":"26de6e29f8464dcca8b8b0785943a760","parent_span_id":"bbcbd50f001a4fb0","span_id":"7616cdbd43fa4d9f","correlation_id":"9576fb04-7796-42f8-ad3d-e74a7c704914","request_id":"9576fb04-7796-42f8-ad3d-e74a7c704914","operation":"pty.scheduler.start","route":"/api/pty/scheduler/start","method":"POST","duration_ms":1,"message":"ok","pty.scheduler.worker_count":2}
# {"timestamp":"2026-04-22T14:41:34.959Z","level":"info","service":"my-module","event":"metric.counter","name":"pty_bridge_send_total","delta":1,"total":1,"attributes":{"route":"/api/pty/enter-now","method":"POST","action":"enter"}}
# {"timestamp":"2026-04-22T14:41:34.962Z","level":"info","service":"my-module","event":"metric.counter","name":"pty_bridge_send_total","delta":1,"total":2,"attributes":{"route":"/api/pty/send-now","method":"POST","action":"prompt"}}
# {"timestamp":"2026-04-22T14:41:34.964Z","level":"info","service":"my-module","event":"metric.counter","name":"pty_bridge_send_total","delta":1,"total":3,"attributes":{"route":"/api/pty/send-now","method":"POST","action":"prompt"}}
# {"timestamp":"2026-04-22T14:41:37.142Z","level":"info","service":"my-module","event":"metric.counter","name":"pty_scheduler_stop_total","delta":1,"total":1,"attributes":{"route":"/api/pty/scheduler/stop","method":"POST"}}
# {"timestamp":"2026-04-22T14:41:37.142Z","level":"info","service":"my-module","event":"span.end","trace_id":"76fc95916aff46eda35f864dc8601ace","span_id":"8187bf277d8244cc","parent_span_id":"a47808ed65f64512","name":"pty.scheduler.stop","duration_ms":0,"status":"ok","attributes":{"http.route":"/api/pty/scheduler/stop","http.request.method":"POST","code.function":"createAppHandler","control_center.operation.duration_ms":0,"pty.scheduler.worker_count":2}}
# {"timestamp":"2026-04-22T14:41:37.142Z","level":"info","service":"my-module","event":"metric.histogram","name":"control_center_operation_duration_ms","value":0,"unit":"ms","attributes":{"operation":"pty.scheduler.stop","route":"/api/pty/scheduler/stop","method":"POST"}}
# {"timestamp":"2026-04-22T14:41:37.142Z","level":"info","service":"my-module","event":"control_center.operation","trace_id":"76fc95916aff46eda35f864dc8601ace","parent_span_id":"a47808ed65f64512","span_id":"8187bf277d8244cc","correlation_id":"ad55ffc4-6106-4cd6-a6e6-8890e5b3a087","request_id":"ad55ffc4-6106-4cd6-a6e6-8890e5b3a087","operation":"pty.scheduler.stop","route":"/api/pty/scheduler/stop","method":"POST","duration_ms":0,"message":"ok","pty.scheduler.worker_count":2}
# {"timestamp":"2026-04-22T14:41:37.144Z","level":"info","service":"my-module","event":"metric.counter","name":"pty_scheduler_start_total","delta":1,"total":2,"attributes":{"route":"/api/pty/scheduler/start","method":"POST"}}
# {"timestamp":"2026-04-22T14:41:37.144Z","level":"info","service":"my-module","event":"span.end","trace_id":"3eb26154344c4b4ea54dbd57fb2d2ac9","span_id":"f97a33dc3b1248e9","parent_span_id":"e81fc778ddbe4f2a","name":"pty.scheduler.start","duration_ms":0,"status":"ok","attributes":{"http.route":"/api/pty/scheduler/start","http.request.method":"POST","code.function":"createAppHandler","control_center.operation.duration_ms":0,"pty.scheduler.worker_count":2}}
# {"timestamp":"2026-04-22T14:41:37.144Z","level":"info","service":"my-module","event":"metric.histogram","name":"control_center_operation_duration_ms","value":0,"unit":"ms","attributes":{"operation":"pty.scheduler.start","route":"/api/pty/scheduler/start","method":"POST"}}
# {"timestamp":"2026-04-22T14:41:37.144Z","level":"info","service":"my-module","event":"control_center.operation","trace_id":"3eb26154344c4b4ea54dbd57fb2d2ac9","parent_span_id":"e81fc778ddbe4f2a","span_id":"f97a33dc3b1248e9","correlation_id":"b6ddb31c-1ca5-432e-a4c0-53c5ce0fee51","request_id":"b6ddb31c-1ca5-432e-a4c0-53c5ce0fee51","operation":"pty.scheduler.start","route":"/api/pty/scheduler/start","method":"POST","duration_ms":0,"message":"ok","pty.scheduler.worker_count":2}
# {"timestamp":"2026-04-22T14:41:37.150Z","level":"info","service":"my-module","event":"metric.counter","name":"pty_bridge_send_total","delta":1,"total":4,"attributes":{"route":"/api/pty/enter-now","method":"POST","action":"enter"}}
# {"timestamp":"2026-04-22T14:41:37.153Z","level":"info","service":"my-module","event":"metric.counter","name":"pty_bridge_send_total","delta":1,"total":5,"attributes":{"route":"/api/pty/enter-now","method":"POST","action":"enter"}}
# {"timestamp":"2026-04-22T14:41:37.158Z","level":"info","service":"my-module","event":"metric.counter","name":"pty_bridge_send_total","delta":1,"total":6,"attributes":{"route":"/api/pty/send-now","method":"POST","action":"prompt"}}
# {"timestamp":"2026-04-22T14:41:37.160Z","level":"info","service":"my-module","event":"metric.counter","name":"pty_bridge_send_total","delta":1,"total":7,"attributes":{"route":"/api/pty/send-now","method":"POST","action":"prompt"}}
# {"timestamp":"2026-04-22T14:41:37.163Z","level":"info","service":"my-module","event":"metric.counter","name":"pty_bridge_send_total","delta":1,"total":8,"attributes":{"route":"/api/pty/send-now","method":"POST","action":"prompt"}}
# {"timestamp":"2026-04-22T14:41:39.031Z","level":"info","service":"my-module","event":"metric.counter","name":"pty_scheduler_stop_total","delta":1,"total":2,"attributes":{"route":"/api/pty/scheduler/stop","method":"POST"}}
# {"timestamp":"2026-04-22T14:41:39.031Z","level":"info","service":"my-module","event":"span.end","trace_id":"fdf7618a93414d8fa6dd60460cacb2d7","span_id":"f32b66d0854e42b2","parent_span_id":"01b0bc6949bf497f","name":"pty.scheduler.stop","duration_ms":0,"status":"ok","attributes":{"http.route":"/api/pty/scheduler/stop","http.request.method":"POST","code.function":"createAppHandler","control_center.operation.duration_ms":0,"pty.scheduler.worker_count":2}}
# {"timestamp":"2026-04-22T14:41:39.031Z","level":"info","service":"my-module","event":"metric.histogram","name":"control_center_operation_duration_ms","value":0,"unit":"ms","attributes":{"operation":"pty.scheduler.stop","route":"/api/pty/scheduler/stop","method":"POST"}}
# {"timestamp":"2026-04-22T14:41:39.031Z","level":"info","service":"my-module","event":"control_center.operation","trace_id":"fdf7618a93414d8fa6dd60460cacb2d7","parent_span_id":"01b0bc6949bf497f","span_id":"f32b66d0854e42b2","correlation_id":"8d7efd28-7d45-40f1-8354-651841ee81b1","request_id":"8d7efd28-7d45-40f1-8354-651841ee81b1","operation":"pty.scheduler.stop","route":"/api/pty/scheduler/stop","method":"POST","duration_ms":0,"message":"ok","pty.scheduler.worker_count":2}
# {"timestamp":"2026-04-22T14:41:39.036Z","level":"info","service":"my-module","event":"metric.counter","name":"pty_scheduler_start_total","delta":1,"total":3,"attributes":{"route":"/api/pty/scheduler/start","method":"POST"}}
# {"timestamp":"2026-04-22T14:41:39.036Z","level":"info","service":"my-module","event":"span.end","trace_id":"9d45105d347c4f8db64c9540d0672b0a","span_id":"a65b55ac3eb44f70","parent_span_id":"9d8e7c40956440b2","name":"pty.scheduler.start","duration_ms":0,"status":"ok","attributes":{"http.route":"/api/pty/scheduler/start","http.request.method":"POST","code.function":"createAppHandler","control_center.operation.duration_ms":0,"pty.scheduler.worker_count":2}}
# {"timestamp":"2026-04-22T14:41:39.036Z","level":"info","service":"my-module","event":"metric.histogram","name":"control_center_operation_duration_ms","value":0,"unit":"ms","attributes":{"operation":"pty.scheduler.start","route":"/api/pty/scheduler/start","method":"POST"}}
# {"timestamp":"2026-04-22T14:41:39.036Z","level":"info","service":"my-module","event":"control_center.operation","trace_id":"9d45105d347c4f8db64c9540d0672b0a","parent_span_id":"9d8e7c40956440b2","span_id":"a65b55ac3eb44f70","correlation_id":"e120fbcf-c616-4b98-8d0e-98c365ccbc70","request_id":"e120fbcf-c616-4b98-8d0e-98c365ccbc70","operation":"pty.scheduler.start","route":"/api/pty/scheduler/start","method":"POST","duration_ms":0,"message":"ok","pty.scheduler.worker_count":2}
# {"timestamp":"2026-04-22T14:41:39.038Z","level":"info","service":"my-module","event":"metric.counter","name":"pty_bridge_send_total","delta":1,"total":9,"attributes":{"route":"/api/pty/send-now","method":"POST","action":"prompt"}}
# {"timestamp":"2026-04-22T14:41:40.622Z","level":"info","service":"my-module","event":"metric.counter","name":"pty_scheduler_stop_total","delta":1,"total":3,"attributes":{"route":"/api/pty/scheduler/stop","method":"POST"}}
# {"timestamp":"2026-04-22T14:41:40.622Z","level":"info","service":"my-module","event":"span.end","trace_id":"7123adf8b28b4b98a19f262ddca8bc43","span_id":"ca6e458a7b714f1f","parent_span_id":"f9d63ab40db544df","name":"pty.scheduler.stop","duration_ms":0,"status":"ok","attributes":{"http.route":"/api/pty/scheduler/stop","http.request.method":"POST","code.function":"createAppHandler","control_center.operation.duration_ms":0,"pty.scheduler.worker_count":2}}
# {"timestamp":"2026-04-22T14:41:40.622Z","level":"info","service":"my-module","event":"metric.histogram","name":"control_center_operation_duration_ms","value":0,"unit":"ms","attributes":{"operation":"pty.scheduler.stop","route":"/api/pty/scheduler/stop","method":"POST"}}
# {"timestamp":"2026-04-22T14:41:40.622Z","level":"info","service":"my-module","event":"control_center.operation","trace_id":"7123adf8b28b4b98a19f262ddca8bc43","parent_span_id":"f9d63ab40db544df","span_id":"ca6e458a7b714f1f","correlation_id":"9bf457be-9d9c-4a4f-9aff-0ca0ccc040fd","request_id":"9bf457be-9d9c-4a4f-9aff-0ca0ccc040fd","operation":"pty.scheduler.stop","route":"/api/pty/scheduler/stop","method":"POST","duration_ms":0,"message":"ok","pty.scheduler.worker_count":2}
# {"timestamp":"2026-04-22T14:41:40.624Z","level":"info","service":"my-module","event":"metric.counter","name":"pty_scheduler_start_total","delta":1,"total":4,"attributes":{"route":"/api/pty/scheduler/start","method":"POST"}}
# {"timestamp":"2026-04-22T14:41:40.624Z","level":"info","service":"my-module","event":"span.end","trace_id":"a0d54d6593e74ff79e77a82d1c4fffb7","span_id":"a5b0e1229bd3423a","parent_span_id":"49167ae886014d92","name":"pty.scheduler.start","duration_ms":0,"status":"ok","attributes":{"http.route":"/api/pty/scheduler/start","http.request.method":"POST","code.function":"createAppHandler","control_center.operation.duration_ms":0,"pty.scheduler.worker_count":2}}
# {"timestamp":"2026-04-22T14:41:40.624Z","level":"info","service":"my-module","event":"metric.histogram","name":"control_center_operation_duration_ms","value":0,"unit":"ms","attributes":{"operation":"pty.scheduler.start","route":"/api/pty/scheduler/start","method":"POST"}}
# {"timestamp":"2026-04-22T14:41:40.624Z","level":"info","service":"my-module","event":"control_center.operation","trace_id":"a0d54d6593e74ff79e77a82d1c4fffb7","parent_span_id":"49167ae886014d92","span_id":"a5b0e1229bd3423a","correlation_id":"ca63a0e6-574c-4e9f-9eb4-616d1b49c030","request_id":"ca63a0e6-574c-4e9f-9eb4-616d1b49c030","operation":"pty.scheduler.start","route":"/api/pty/scheduler/start","method":"POST","duration_ms":0,"message":"ok","pty.scheduler.worker_count":2}
# {"timestamp":"2026-04-22T14:41:40.625Z","level":"info","service":"my-module","event":"metric.counter","name":"pty_bridge_send_total","delta":1,"total":10,"attributes":{"route":"/api/pty/enter-now","method":"POST","action":"enter"}}
# {"timestamp":"2026-04-22T14:41:40.626Z","level":"info","service":"my-module","event":"metric.counter","name":"pty_bridge_send_total","delta":1,"total":11,"attributes":{"route":"/api/pty/enter-now","method":"POST","action":"enter"}}
# {"timestamp":"2026-04-22T14:41:40.627Z","level":"info","service":"my-module","event":"metric.counter","name":"pty_bridge_send_total","delta":1,"total":12,"attributes":{"route":"/api/pty/send-now","method":"POST","action":"prompt"}}
# {"timestamp":"2026-04-22T14:41:42.211Z","level":"info","service":"my-module","event":"metric.counter","name":"pty_scheduler_stop_total","delta":1,"total":4,"attributes":{"route":"/api/pty/scheduler/stop","method":"POST"}}
# {"timestamp":"2026-04-22T14:41:42.211Z","level":"info","service":"my-module","event":"span.end","trace_id":"b4133ea1c6cb4101afa97c6cd37f7005","span_id":"c154ef65f3f74634","parent_span_id":"75b876e1d99f4d8a","name":"pty.scheduler.stop","duration_ms":0,"status":"ok","attributes":{"http.route":"/api/pty/scheduler/stop","http.request.method":"POST","code.function":"createAppHandler","control_center.operation.duration_ms":0,"pty.scheduler.worker_count":2}}
# {"timestamp":"2026-04-22T14:41:42.211Z","level":"info","service":"my-module","event":"metric.histogram","name":"control_center_operation_duration_ms","value":0,"unit":"ms","attributes":{"operation":"pty.scheduler.stop","route":"/api/pty/scheduler/stop","method":"POST"}}
# {"timestamp":"2026-04-22T14:41:42.211Z","level":"info","service":"my-module","event":"control_center.operation","trace_id":"b4133ea1c6cb4101afa97c6cd37f7005","parent_span_id":"75b876e1d99f4d8a","span_id":"c154ef65f3f74634","correlation_id":"76df2a49-0e72-4b30-93c4-cf56da601bf1","request_id":"76df2a49-0e72-4b30-93c4-cf56da601bf1","operation":"pty.scheduler.stop","route":"/api/pty/scheduler/stop","method":"POST","duration_ms":0,"message":"ok","pty.scheduler.worker_count":2}
# {"timestamp":"2026-04-22T14:41:42.212Z","level":"info","service":"my-module","event":"metric.counter","name":"pty_scheduler_start_total","delta":1,"total":5,"attributes":{"route":"/api/pty/scheduler/start","method":"POST"}}
# {"timestamp":"2026-04-22T14:41:42.212Z","level":"info","service":"my-module","event":"span.end","trace_id":"5810cda05a234239a0f842177f910e06","span_id":"dd7fa4eac2ab44c6","parent_span_id":"c9664d6d65d7484a","name":"pty.scheduler.start","duration_ms":0,"status":"ok","attributes":{"http.route":"/api/pty/scheduler/start","http.request.method":"POST","code.function":"createAppHandler","control_center.operation.duration_ms":0,"pty.scheduler.worker_count":2}}
# {"timestamp":"2026-04-22T14:41:42.212Z","level":"info","service":"my-module","event":"metric.histogram","name":"control_center_operation_duration_ms","value":0,"unit":"ms","attributes":{"operation":"pty.scheduler.start","route":"/api/pty/scheduler/start","method":"POST"}}
# {"timestamp":"2026-04-22T14:41:42.212Z","level":"info","service":"my-module","event":"control_center.operation","trace_id":"5810cda05a234239a0f842177f910e06","parent_span_id":"c9664d6d65d7484a","span_id":"dd7fa4eac2ab44c6","correlation_id":"8f3e656f-54cd-4f17-891a-872a006437cc","request_id":"8f3e656f-54cd-4f17-891a-872a006437cc","operation":"pty.scheduler.start","route":"/api/pty/scheduler/start","method":"POST","duration_ms":0,"message":"ok","pty.scheduler.worker_count":2}
# {"timestamp":"2026-04-22T14:41:42.213Z","level":"info","service":"my-module","event":"metric.counter","name":"pty_bridge_send_total","delta":1,"total":13,"attributes":{"route":"/api/pty/send-now","method":"POST","action":"prompt"}}
# {"timestamp":"2026-04-22T14:41:42.214Z","level":"info","service":"my-module","event":"metric.counter","name":"pty_bridge_send_total","delta":1,"total":14,"attributes":{"route":"/api/pty/enter-now","method":"POST","action":"enter"}}
# {"timestamp":"2026-04-22T14:41:43.712Z","level":"info","service":"my-module","event":"metric.counter","name":"pty_scheduler_stop_total","delta":1,"total":5,"attributes":{"route":"/api/pty/scheduler/stop","method":"POST"}}
# {"timestamp":"2026-04-22T14:41:43.712Z","level":"info","service":"my-module","event":"span.end","trace_id":"9e625d3826be45aca6b2beb14f8bb860","span_id":"c4a5ab72c6554d10","parent_span_id":"74455023b3064304","name":"pty.scheduler.stop","duration_ms":0,"status":"ok","attributes":{"http.route":"/api/pty/scheduler/stop","http.request.method":"POST","code.function":"createAppHandler","control_center.operation.duration_ms":0,"pty.scheduler.worker_count":2}}
# {"timestamp":"2026-04-22T14:41:43.712Z","level":"info","service":"my-module","event":"metric.histogram","name":"control_center_operation_duration_ms","value":0,"unit":"ms","attributes":{"operation":"pty.scheduler.stop","route":"/api/pty/scheduler/stop","method":"POST"}}
# {"timestamp":"2026-04-22T14:41:43.712Z","level":"info","service":"my-module","event":"control_center.operation","trace_id":"9e625d3826be45aca6b2beb14f8bb860","parent_span_id":"74455023b3064304","span_id":"c4a5ab72c6554d10","correlation_id":"fb2c20c5-9a02-43be-b16d-879f6d3e8488","request_id":"fb2c20c5-9a02-43be-b16d-879f6d3e8488","operation":"pty.scheduler.stop","route":"/api/pty/scheduler/stop","method":"POST","duration_ms":0,"message":"ok","pty.scheduler.worker_count":2}
# {"timestamp":"2026-04-22T14:41:43.713Z","level":"info","service":"my-module","event":"metric.counter","name":"pty_scheduler_start_total","delta":1,"total":6,"attributes":{"route":"/api/pty/scheduler/start","method":"POST"}}
# {"timestamp":"2026-04-22T14:41:43.713Z","level":"info","service":"my-module","event":"span.end","trace_id":"74c3e495f55e41f78182dee3b44987a3","span_id":"fbf9a338e70d44e9","parent_span_id":"bd50843803e14ba9","name":"pty.scheduler.start","duration_ms":0,"status":"ok","attributes":{"http.route":"/api/pty/scheduler/start","http.request.method":"POST","code.function":"createAppHandler","control_center.operation.duration_ms":0,"pty.scheduler.worker_count":2}}
# {"timestamp":"2026-04-22T14:41:43.713Z","level":"info","service":"my-module","event":"metric.histogram","name":"control_center_operation_duration_ms","value":0,"unit":"ms","attributes":{"operation":"pty.scheduler.start","route":"/api/pty/scheduler/start","method":"POST"}}
# {"timestamp":"2026-04-22T14:41:43.713Z","level":"info","service":"my-module","event":"control_center.operation","trace_id":"74c3e495f55e41f78182dee3b44987a3","parent_span_id":"bd50843803e14ba9","span_id":"fbf9a338e70d44e9","correlation_id":"8c6adff9-80e9-41e8-8e53-41eecc21c2c5","request_id":"8c6adff9-80e9-41e8-8e53-41eecc21c2c5","operation":"pty.scheduler.start","route":"/api/pty/scheduler/start","method":"POST","duration_ms":0,"message":"ok","pty.scheduler.worker_count":2}
# {"timestamp":"2026-04-22T14:41:43.714Z","level":"info","service":"my-module","event":"metric.counter","name":"pty_bridge_send_total","delta":1,"total":15,"attributes":{"route":"/api/pty/enter-now","method":"POST","action":"enter"}}
# {"timestamp":"2026-04-22T14:41:45.096Z","level":"info","service":"my-module","event":"metric.counter","name":"pty_scheduler_stop_total","delta":1,"total":6,"attributes":{"route":"/api/pty/scheduler/stop","method":"POST"}}
# {"timestamp":"2026-04-22T14:41:45.096Z","level":"info","service":"my-module","event":"span.end","trace_id":"6289db74f23746e0908572306674ac1a","span_id":"ab42aea674aa4dc1","parent_span_id":"e09a8768bccc46ae","name":"pty.scheduler.stop","duration_ms":0,"status":"ok","attributes":{"http.route":"/api/pty/scheduler/stop","http.request.method":"POST","code.function":"createAppHandler","control_center.operation.duration_ms":0,"pty.scheduler.worker_count":2}}
# {"timestamp":"2026-04-22T14:41:45.096Z","level":"info","service":"my-module","event":"metric.histogram","name":"control_center_operation_duration_ms","value":0,"unit":"ms","attributes":{"operation":"pty.scheduler.stop","route":"/api/pty/scheduler/stop","method":"POST"}}
# {"timestamp":"2026-04-22T14:41:45.096Z","level":"info","service":"my-module","event":"control_center.operation","trace_id":"6289db74f23746e0908572306674ac1a","parent_span_id":"e09a8768bccc46ae","span_id":"ab42aea674aa4dc1","correlation_id":"0b24d714-9926-43d4-a303-eed6afac6fe3","request_id":"0b24d714-9926-43d4-a303-eed6afac6fe3","operation":"pty.scheduler.stop","route":"/api/pty/scheduler/stop","method":"POST","duration_ms":0,"message":"ok","pty.scheduler.worker_count":2}
# {"timestamp":"2026-04-22T14:41:45.097Z","level":"info","service":"my-module","event":"metric.counter","name":"pty_scheduler_start_total","delta":1,"total":7,"attributes":{"route":"/api/pty/scheduler/start","method":"POST"}}
# {"timestamp":"2026-04-22T14:41:45.097Z","level":"info","service":"my-module","event":"span.end","trace_id":"4e71abcaa66d4874b79a2a12f33686a6","span_id":"8aec6c3c51c84404","parent_span_id":"4f73006dae4e47b0","name":"pty.scheduler.start","duration_ms":0,"status":"ok","attributes":{"http.route":"/api/pty/scheduler/start","http.request.method":"POST","code.function":"createAppHandler","control_center.operation.duration_ms":0,"pty.scheduler.worker_count":2}}
# {"timestamp":"2026-04-22T14:41:45.097Z","level":"info","service":"my-module","event":"metric.histogram","name":"control_center_operation_duration_ms","value":0,"unit":"ms","attributes":{"operation":"pty.scheduler.start","route":"/api/pty/scheduler/start","method":"POST"}}
# {"timestamp":"2026-04-22T14:41:45.097Z","level":"info","service":"my-module","event":"control_center.operation","trace_id":"4e71abcaa66d4874b79a2a12f33686a6","parent_span_id":"4f73006dae4e47b0","span_id":"8aec6c3c51c84404","correlation_id":"17fcb4d3-0e19-43fd-946b-18924f332eff","request_id":"17fcb4d3-0e19-43fd-946b-18924f332eff","operation":"pty.scheduler.start","route":"/api/pty/scheduler/start","method":"POST","duration_ms":0,"message":"ok","pty.scheduler.worker_count":2}
# {"timestamp":"2026-04-22T14:41:45.098Z","level":"info","service":"my-module","event":"metric.counter","name":"pty_bridge_send_total","delta":1,"total":16,"attributes":{"route":"/api/pty/send-now","method":"POST","action":"prompt"}}
# {"timestamp":"2026-04-22T14:41:45.099Z","level":"info","service":"my-module","event":"metric.counter","name":"pty_bridge_send_total","delta":1,"total":17,"attributes":{"route":"/api/pty/enter-now","method":"POST","action":"enter"}}
# {"timestamp":"2026-04-22T14:41:45.100Z","level":"info","service":"my-module","event":"metric.counter","name":"pty_bridge_send_total","delta":1,"total":18,"attributes":{"route":"/api/pty/send-now","method":"POST","action":"prompt"}}
# {"timestamp":"2026-04-22T14:41:46.394Z","level":"info","service":"my-module","event":"metric.counter","name":"pty_scheduler_stop_total","delta":1,"total":7,"attributes":{"route":"/api/pty/scheduler/stop","method":"POST"}}
# {"timestamp":"2026-04-22T14:41:46.394Z","level":"info","service":"my-module","event":"span.end","trace_id":"0b5999714d6445328f78b217894dbd44","span_id":"674ea096eef4463a","parent_span_id":"65640f9a67384e47","name":"pty.scheduler.stop","duration_ms":0,"status":"ok","attributes":{"http.route":"/api/pty/scheduler/stop","http.request.method":"POST","code.function":"createAppHandler","control_center.operation.duration_ms":0,"pty.scheduler.worker_count":2}}
# {"timestamp":"2026-04-22T14:41:46.394Z","level":"info","service":"my-module","event":"metric.histogram","name":"control_center_operation_duration_ms","value":0,"unit":"ms","attributes":{"operation":"pty.scheduler.stop","route":"/api/pty/scheduler/stop","method":"POST"}}
# {"timestamp":"2026-04-22T14:41:46.394Z","level":"info","service":"my-module","event":"control_center.operation","trace_id":"0b5999714d6445328f78b217894dbd44","parent_span_id":"65640f9a67384e47","span_id":"674ea096eef4463a","correlation_id":"450f8553-f5e1-48f5-afa0-be86300308c7","request_id":"450f8553-f5e1-48f5-afa0-be86300308c7","operation":"pty.scheduler.stop","route":"/api/pty/scheduler/stop","method":"POST","duration_ms":0,"message":"ok","pty.scheduler.worker_count":2}
# {"timestamp":"2026-04-22T14:41:46.395Z","level":"info","service":"my-module","event":"metric.counter","name":"pty_scheduler_start_total","delta":1,"total":8,"attributes":{"route":"/api/pty/scheduler/start","method":"POST"}}
# {"timestamp":"2026-04-22T14:41:46.395Z","level":"info","service":"my-module","event":"span.end","trace_id":"dcc615f027e54cf7a437faea26f89262","span_id":"048e1e83eccf45c7","parent_span_id":"3eab97876c6c4d12","name":"pty.scheduler.start","duration_ms":0,"status":"ok","attributes":{"http.route":"/api/pty/scheduler/start","http.request.method":"POST","code.function":"createAppHandler","control_center.operation.duration_ms":0,"pty.scheduler.worker_count":2}}
# {"timestamp":"2026-04-22T14:41:46.395Z","level":"info","service":"my-module","event":"metric.histogram","name":"control_center_operation_duration_ms","value":0,"unit":"ms","attributes":{"operation":"pty.scheduler.start","route":"/api/pty/scheduler/start","method":"POST"}}
# {"timestamp":"2026-04-22T14:41:46.395Z","level":"info","service":"my-module","event":"control_center.operation","trace_id":"dcc615f027e54cf7a437faea26f89262","parent_span_id":"3eab97876c6c4d12","span_id":"048e1e83eccf45c7","correlation_id":"023187ca-7352-4255-8b9f-602902d6bd28","request_id":"023187ca-7352-4255-8b9f-602902d6bd28","operation":"pty.scheduler.start","route":"/api/pty/scheduler/start","method":"POST","duration_ms":0,"message":"ok","pty.scheduler.worker_count":2}
# {"timestamp":"2026-04-22T14:41:46.396Z","level":"info","service":"my-module","event":"metric.counter","name":"pty_bridge_send_total","delta":1,"total":19,"attributes":{"route":"/api/pty/send-now","method":"POST","action":"prompt"}}
# {"timestamp":"2026-04-22T14:41:46.397Z","level":"info","service":"my-module","event":"metric.counter","name":"pty_bridge_send_total","delta":1,"total":20,"attributes":{"route":"/api/pty/enter-now","method":"POST","action":"enter"}}
# {"timestamp":"2026-04-22T14:41:46.398Z","level":"info","service":"my-module","event":"metric.counter","name":"pty_bridge_send_total","delta":1,"total":21,"attributes":{"route":"/api/pty/enter-now","method":"POST","action":"enter"}}
# {"timestamp":"2026-04-22T14:41:47.579Z","level":"info","service":"my-module","event":"metric.counter","name":"pty_scheduler_stop_total","delta":1,"total":8,"attributes":{"route":"/api/pty/scheduler/stop","method":"POST"}}
# {"timestamp":"2026-04-22T14:41:47.579Z","level":"info","service":"my-module","event":"span.end","trace_id":"09ce909417dd4ed2a9f092169aaa02f2","span_id":"77e5a0dad47f41c8","parent_span_id":"11c011da38a944d6","name":"pty.scheduler.stop","duration_ms":0,"status":"ok","attributes":{"http.route":"/api/pty/scheduler/stop","http.request.method":"POST","code.function":"createAppHandler","control_center.operation.duration_ms":0,"pty.scheduler.worker_count":2}}
# {"timestamp":"2026-04-22T14:41:47.579Z","level":"info","service":"my-module","event":"metric.histogram","name":"control_center_operation_duration_ms","value":0,"unit":"ms","attributes":{"operation":"pty.scheduler.stop","route":"/api/pty/scheduler/stop","method":"POST"}}
# {"timestamp":"2026-04-22T14:41:47.579Z","level":"info","service":"my-module","event":"control_center.operation","trace_id":"09ce909417dd4ed2a9f092169aaa02f2","parent_span_id":"11c011da38a944d6","span_id":"77e5a0dad47f41c8","correlation_id":"3c2e34f6-4430-47d9-9ed1-55e1134b3fde","request_id":"3c2e34f6-4430-47d9-9ed1-55e1134b3fde","operation":"pty.scheduler.stop","route":"/api/pty/scheduler/stop","method":"POST","duration_ms":0,"message":"ok","pty.scheduler.worker_count":2}
# {"timestamp":"2026-04-22T14:41:47.580Z","level":"info","service":"my-module","event":"metric.counter","name":"pty_scheduler_start_total","delta":1,"total":9,"attributes":{"route":"/api/pty/scheduler/start","method":"POST"}}
# {"timestamp":"2026-04-22T14:41:47.580Z","level":"info","service":"my-module","event":"span.end","trace_id":"c1bb181380904f27892c77cfcb0eef80","span_id":"aaedf0aa7f024c2a","parent_span_id":"49d88219ba6f4060","name":"pty.scheduler.start","duration_ms":0,"status":"ok","attributes":{"http.route":"/api/pty/scheduler/start","http.request.method":"POST","code.function":"createAppHandler","control_center.operation.duration_ms":0,"pty.scheduler.worker_count":2}}
# {"timestamp":"2026-04-22T14:41:47.580Z","level":"info","service":"my-module","event":"metric.histogram","name":"control_center_operation_duration_ms","value":0,"unit":"ms","attributes":{"operation":"pty.scheduler.start","route":"/api/pty/scheduler/start","method":"POST"}}
# {"timestamp":"2026-04-22T14:41:47.580Z","level":"info","service":"my-module","event":"control_center.operation","trace_id":"c1bb181380904f27892c77cfcb0eef80","parent_span_id":"49d88219ba6f4060","span_id":"aaedf0aa7f024c2a","correlation_id":"d7b6975e-0c28-4579-90fc-aa7edcb809c3","request_id":"d7b6975e-0c28-4579-90fc-aa7edcb809c3","operation":"pty.scheduler.start","route":"/api/pty/scheduler/start","method":"POST","duration_ms":0,"message":"ok","pty.scheduler.worker_count":2}
# {"timestamp":"2026-04-22T14:41:47.581Z","level":"info","service":"my-module","event":"metric.counter","name":"pty_bridge_send_total","delta":1,"total":22,"attributes":{"route":"/api/pty/send-now","method":"POST","action":"prompt"}}
# {"timestamp":"2026-04-22T14:41:47.582Z","level":"info","service":"my-module","event":"metric.counter","name":"pty_bridge_send_total","delta":1,"total":23,"attributes":{"route":"/api/pty/send-now","method":"POST","action":"prompt"}}
# {"timestamp":"2026-04-22T14:41:47.583Z","level":"info","service":"my-module","event":"metric.counter","name":"pty_bridge_send_total","delta":1,"total":24,"attributes":{"route":"/api/pty/send-now","method":"POST","action":"prompt"}}
# {"timestamp":"2026-04-22T14:41:48.692Z","level":"info","service":"my-module","event":"metric.counter","name":"pty_scheduler_stop_total","delta":1,"total":9,"attributes":{"route":"/api/pty/scheduler/stop","method":"POST"}}
# {"timestamp":"2026-04-22T14:41:48.692Z","level":"info","service":"my-module","event":"span.end","trace_id":"b11bc294e9f841e58a511c80c3684256","span_id":"8ac913f952894b7e","parent_span_id":"86b7079fabf84c24","name":"pty.scheduler.stop","duration_ms":0,"status":"ok","attributes":{"http.route":"/api/pty/scheduler/stop","http.request.method":"POST","code.function":"createAppHandler","control_center.operation.duration_ms":0,"pty.scheduler.worker_count":2}}
# {"timestamp":"2026-04-22T14:41:48.692Z","level":"info","service":"my-module","event":"metric.histogram","name":"control_center_operation_duration_ms","value":0,"unit":"ms","attributes":{"operation":"pty.scheduler.stop","route":"/api/pty/scheduler/stop","method":"POST"}}
# {"timestamp":"2026-04-22T14:41:48.692Z","level":"info","service":"my-module","event":"control_center.operation","trace_id":"b11bc294e9f841e58a511c80c3684256","parent_span_id":"86b7079fabf84c24","span_id":"8ac913f952894b7e","correlation_id":"5634279a-ccbe-4d32-84c4-a8e4c355d4bf","request_id":"5634279a-ccbe-4d32-84c4-a8e4c355d4bf","operation":"pty.scheduler.stop","route":"/api/pty/scheduler/stop","method":"POST","duration_ms":0,"message":"ok","pty.scheduler.worker_count":2}
# {"timestamp":"2026-04-22T14:41:48.694Z","level":"info","service":"my-module","event":"metric.counter","name":"pty_scheduler_start_total","delta":1,"total":10,"attributes":{"route":"/api/pty/scheduler/start","method":"POST"}}
# {"timestamp":"2026-04-22T14:41:48.694Z","level":"info","service":"my-module","event":"span.end","trace_id":"55b38a32a8f7464d9950a05f72080cbb","span_id":"e4efa5d118d44028","parent_span_id":"ce6f844a7ed64b02","name":"pty.scheduler.start","duration_ms":0,"status":"ok","attributes":{"http.route":"/api/pty/scheduler/start","http.request.method":"POST","code.function":"createAppHandler","control_center.operation.duration_ms":0,"pty.scheduler.worker_count":2}}
# {"timestamp":"2026-04-22T14:41:48.694Z","level":"info","service":"my-module","event":"metric.histogram","name":"control_center_operation_duration_ms","value":0,"unit":"ms","attributes":{"operation":"pty.scheduler.start","route":"/api/pty/scheduler/start","method":"POST"}}
# {"timestamp":"2026-04-22T14:41:48.694Z","level":"info","service":"my-module","event":"control_center.operation","trace_id":"55b38a32a8f7464d9950a05f72080cbb","parent_span_id":"ce6f844a7ed64b02","span_id":"e4efa5d118d44028","correlation_id":"2ca9546f-bd31-4029-a7f7-136cc291b3e6","request_id":"2ca9546f-bd31-4029-a7f7-136cc291b3e6","operation":"pty.scheduler.start","route":"/api/pty/scheduler/start","method":"POST","duration_ms":0,"message":"ok","pty.scheduler.worker_count":2}
# {"timestamp":"2026-04-22T14:41:48.694Z","level":"info","service":"my-module","event":"metric.counter","name":"pty_bridge_send_total","delta":1,"total":25,"attributes":{"route":"/api/pty/send-now","method":"POST","action":"prompt"}}
# {"timestamp":"2026-04-22T14:41:48.695Z","level":"info","service":"my-module","event":"metric.counter","name":"pty_bridge_send_total","delta":1,"total":26,"attributes":{"route":"/api/pty/enter-now","method":"POST","action":"enter"}}
# {"timestamp":"2026-04-22T14:41:48.696Z","level":"info","service":"my-module","event":"metric.counter","name":"pty_bridge_send_total","delta":1,"total":27,"attributes":{"route":"/api/pty/enter-now","method":"POST","action":"enter"}}
# {"timestamp":"2026-04-22T14:41:48.696Z","level":"info","service":"my-module","event":"metric.counter","name":"pty_bridge_send_total","delta":1,"total":28,"attributes":{"route":"/api/pty/enter-now","method":"POST","action":"enter"}}
# {"timestamp":"2026-04-22T14:41:48.697Z","level":"info","service":"my-module","event":"metric.counter","name":"pty_bridge_send_total","delta":1,"total":29,"attributes":{"route":"/api/pty/enter-now","method":"POST","action":"enter"}}
# {"timestamp":"2026-04-22T14:41:48.697Z","level":"info","service":"my-module","event":"metric.counter","name":"pty_bridge_send_total","delta":1,"total":30,"attributes":{"route":"/api/pty/send-now","method":"POST","action":"prompt"}}
# {"timestamp":"2026-04-22T14:41:49.794Z","level":"info","service":"my-module","event":"metric.counter","name":"pty_scheduler_stop_total","delta":1,"total":10,"attributes":{"route":"/api/pty/scheduler/stop","method":"POST"}}
# {"timestamp":"2026-04-22T14:41:49.794Z","level":"info","service":"my-module","event":"span.end","trace_id":"b96ac81885f243f7b935b73b99710778","span_id":"c6236c2882864869","parent_span_id":"a8ac306030f44651","name":"pty.scheduler.stop","duration_ms":0,"status":"ok","attributes":{"http.route":"/api/pty/scheduler/stop","http.request.method":"POST","code.function":"createAppHandler","control_center.operation.duration_ms":0,"pty.scheduler.worker_count":2}}
# {"timestamp":"2026-04-22T14:41:49.794Z","level":"info","service":"my-module","event":"metric.histogram","name":"control_center_operation_duration_ms","value":0,"unit":"ms","attributes":{"operation":"pty.scheduler.stop","route":"/api/pty/scheduler/stop","method":"POST"}}
# {"timestamp":"2026-04-22T14:41:49.794Z","level":"info","service":"my-module","event":"control_center.operation","trace_id":"b96ac81885f243f7b935b73b99710778","parent_span_id":"a8ac306030f44651","span_id":"c6236c2882864869","correlation_id":"200d4e85-a33d-4861-a3d6-8bff998d0877","request_id":"200d4e85-a33d-4861-a3d6-8bff998d0877","operation":"pty.scheduler.stop","route":"/api/pty/scheduler/stop","method":"POST","duration_ms":0,"message":"ok","pty.scheduler.worker_count":2}
# {"timestamp":"2026-04-22T14:41:49.795Z","level":"info","service":"my-module","event":"metric.counter","name":"pty_scheduler_start_total","delta":1,"total":11,"attributes":{"route":"/api/pty/scheduler/start","method":"POST"}}
# {"timestamp":"2026-04-22T14:41:49.795Z","level":"info","service":"my-module","event":"span.end","trace_id":"34b46c15a1b34f1f9a9bbaa3994b4fca","span_id":"f283924a9bb540aa","parent_span_id":"41e9cd99dc3b40da","name":"pty.scheduler.start","duration_ms":0,"status":"ok","attributes":{"http.route":"/api/pty/scheduler/start","http.request.method":"POST","code.function":"createAppHandler","control_center.operation.duration_ms":0,"pty.scheduler.worker_count":2}}
# {"timestamp":"2026-04-22T14:41:49.795Z","level":"info","service":"my-module","event":"metric.histogram","name":"control_center_operation_duration_ms","value":0,"unit":"ms","attributes":{"operation":"pty.scheduler.start","route":"/api/pty/scheduler/start","method":"POST"}}
# {"timestamp":"2026-04-22T14:41:49.795Z","level":"info","service":"my-module","event":"control_center.operation","trace_id":"34b46c15a1b34f1f9a9bbaa3994b4fca","parent_span_id":"41e9cd99dc3b40da","span_id":"f283924a9bb540aa","correlation_id":"9750ed31-51b8-4e4f-9969-defa937a437f","request_id":"9750ed31-51b8-4e4f-9969-defa937a437f","operation":"pty.scheduler.start","route":"/api/pty/scheduler/start","method":"POST","duration_ms":0,"message":"ok","pty.scheduler.worker_count":2}
# {"timestamp":"2026-04-22T14:41:49.796Z","level":"info","service":"my-module","event":"metric.counter","name":"pty_bridge_send_total","delta":1,"total":31,"attributes":{"route":"/api/pty/enter-now","method":"POST","action":"enter"}}
# {"timestamp":"2026-04-22T14:41:49.797Z","level":"info","service":"my-module","event":"metric.counter","name":"pty_bridge_send_total","delta":1,"total":32,"attributes":{"route":"/api/pty/enter-now","method":"POST","action":"enter"}}
# {"timestamp":"2026-04-22T14:41:50.914Z","level":"info","service":"my-module","event":"metric.counter","name":"pty_scheduler_stop_total","delta":1,"total":11,"attributes":{"route":"/api/pty/scheduler/stop","method":"POST"}}
# {"timestamp":"2026-04-22T14:41:50.914Z","level":"info","service":"my-module","event":"span.end","trace_id":"f98e567148de46bd9c8063fbf14bae08","span_id":"8f1cab389be14a4b","parent_span_id":"28cd1b3abd544147","name":"pty.scheduler.stop","duration_ms":0,"status":"ok","attributes":{"http.route":"/api/pty/scheduler/stop","http.request.method":"POST","code.function":"createAppHandler","control_center.operation.duration_ms":0,"pty.scheduler.worker_count":2}}
# {"timestamp":"2026-04-22T14:41:50.914Z","level":"info","service":"my-module","event":"metric.histogram","name":"control_center_operation_duration_ms","value":0,"unit":"ms","attributes":{"operation":"pty.scheduler.stop","route":"/api/pty/scheduler/stop","method":"POST"}}
# {"timestamp":"2026-04-22T14:41:50.914Z","level":"info","service":"my-module","event":"control_center.operation","trace_id":"f98e567148de46bd9c8063fbf14bae08","parent_span_id":"28cd1b3abd544147","span_id":"8f1cab389be14a4b","correlation_id":"155d6efc-202f-4daa-b316-77505300d76d","request_id":"155d6efc-202f-4daa-b316-77505300d76d","operation":"pty.scheduler.stop","route":"/api/pty/scheduler/stop","method":"POST","duration_ms":0,"message":"ok","pty.scheduler.worker_count":2}
# {"timestamp":"2026-04-22T14:41:50.916Z","level":"info","service":"my-module","event":"metric.counter","name":"pty_scheduler_start_total","delta":1,"total":12,"attributes":{"route":"/api/pty/scheduler/start","method":"POST"}}
# {"timestamp":"2026-04-22T14:41:50.916Z","level":"info","service":"my-module","event":"span.end","trace_id":"68fb82a962074ab2a4b30489043869a5","span_id":"de8cc119365c4330","parent_span_id":"23c45b2d4f494d5f","name":"pty.scheduler.start","duration_ms":0,"status":"ok","attributes":{"http.route":"/api/pty/scheduler/start","http.request.method":"POST","code.function":"createAppHandler","control_center.operation.duration_ms":0,"pty.scheduler.worker_count":2}}
# {"timestamp":"2026-04-22T14:41:50.916Z","level":"info","service":"my-module","event":"metric.histogram","name":"control_center_operation_duration_ms","value":0,"unit":"ms","attributes":{"operation":"pty.scheduler.start","route":"/api/pty/scheduler/start","method":"POST"}}
# {"timestamp":"2026-04-22T14:41:50.916Z","level":"info","service":"my-module","event":"control_center.operation","trace_id":"68fb82a962074ab2a4b30489043869a5","parent_span_id":"23c45b2d4f494d5f","span_id":"de8cc119365c4330","correlation_id":"408f218a-3d71-46d7-9978-99894fd2a818","request_id":"408f218a-3d71-46d7-9978-99894fd2a818","operation":"pty.scheduler.start","route":"/api/pty/scheduler/start","method":"POST","duration_ms":0,"message":"ok","pty.scheduler.worker_count":2}
# {"timestamp":"2026-04-22T14:41:50.916Z","level":"info","service":"my-module","event":"metric.counter","name":"pty_bridge_send_total","delta":1,"total":33,"attributes":{"route":"/api/pty/send-now","method":"POST","action":"prompt"}}
# {"timestamp":"2026-04-22T14:41:50.917Z","level":"info","service":"my-module","event":"metric.counter","name":"pty_bridge_send_total","delta":1,"total":34,"attributes":{"route":"/api/pty/send-now","method":"POST","action":"prompt"}}
# {"timestamp":"2026-04-22T14:41:53.312Z","level":"info","service":"my-module","event":"metric.counter","name":"pty_scheduler_stop_total","delta":1,"total":12,"attributes":{"route":"/api/pty/scheduler/stop","method":"POST"}}
# {"timestamp":"2026-04-22T14:41:53.312Z","level":"info","service":"my-module","event":"span.end","trace_id":"89c57f2461e948f3987f97c74dfe07fe","span_id":"6a1c9909d92a418e","parent_span_id":"b27570500300434c","name":"pty.scheduler.stop","duration_ms":0,"status":"ok","attributes":{"http.route":"/api/pty/scheduler/stop","http.request.method":"POST","code.function":"createAppHandler","control_center.operation.duration_ms":0,"pty.scheduler.worker_count":2}}
# {"timestamp":"2026-04-22T14:41:53.312Z","level":"info","service":"my-module","event":"metric.histogram","name":"control_center_operation_duration_ms","value":0,"unit":"ms","attributes":{"operation":"pty.scheduler.stop","route":"/api/pty/scheduler/stop","method":"POST"}}
# {"timestamp":"2026-04-22T14:41:53.312Z","level":"info","service":"my-module","event":"control_center.operation","trace_id":"89c57f2461e948f3987f97c74dfe07fe","parent_span_id":"b27570500300434c","span_id":"6a1c9909d92a418e","correlation_id":"0ab1bcb7-9114-450e-b8dd-45d9fff74e0f","request_id":"0ab1bcb7-9114-450e-b8dd-45d9fff74e0f","operation":"pty.scheduler.stop","route":"/api/pty/scheduler/stop","method":"POST","duration_ms":0,"message":"ok","pty.scheduler.worker_count":2}
# {"timestamp":"2026-04-22T14:41:53.313Z","level":"warn","service":"my-module","event":"server.draining","reason":"test","drain_started_at":"2026-04-22T14:41:53.313Z"}
# Subtest: [property] scheduler current activity follows the last successful targeted worker across valid action sequences
ok 130 - [property] scheduler current activity follows the last successful targeted worker across valid action sequences
  ---
  duration_ms: 17260.735349
  type: 'test'
  ...
# {"timestamp":"2026-04-22T14:41:53.319Z","level":"info","service":"my-module","event":"metric.counter","name":"pty_bridge_sessions_read_total","delta":1,"total":2,"attributes":{"route":"/api/pty/sessions","method":"GET"}}
# {"timestamp":"2026-04-22T14:41:53.319Z","level":"info","service":"my-module","event":"span.end","trace_id":"b51047cec0b34f5b98bea545b48c9ad1","span_id":"622805e2a55a4fce","parent_span_id":"11516d2f6e864335","name":"pty.bridge.sessions","duration_ms":0,"status":"ok","attributes":{"http.route":"/api/pty/sessions","http.request.method":"GET","code.function":"createAppHandler","control_center.operation.duration_ms":0,"pty.session.count":1}}
# {"timestamp":"2026-04-22T14:41:53.319Z","level":"info","service":"my-module","event":"metric.histogram","name":"control_center_operation_duration_ms","value":0,"unit":"ms","attributes":{"operation":"pty.bridge.sessions","route":"/api/pty/sessions","method":"GET"}}
# {"timestamp":"2026-04-22T14:41:53.319Z","level":"info","service":"my-module","event":"control_center.operation","trace_id":"b51047cec0b34f5b98bea545b48c9ad1","parent_span_id":"11516d2f6e864335","span_id":"622805e2a55a4fce","correlation_id":"c56de538-fdc4-4083-8572-52285726a346","request_id":"c56de538-fdc4-4083-8572-52285726a346","operation":"pty.bridge.sessions","route":"/api/pty/sessions","method":"GET","duration_ms":0,"message":"ok","pty.session.count":1}
# {"timestamp":"2026-04-22T14:41:53.322Z","level":"info","service":"my-module","event":"metric.counter","name":"pty_scheduler_start_total","delta":1,"total":13,"attributes":{"route":"/api/pty/scheduler/start","method":"POST"}}
# {"timestamp":"2026-04-22T14:41:53.322Z","level":"info","service":"my-module","event":"span.end","trace_id":"b6697993bf94496fa783284e2dbd5850","span_id":"eb844bf7266740a8","parent_span_id":"1e61fd314931476d","name":"pty.scheduler.start","duration_ms":0,"status":"ok","attributes":{"http.route":"/api/pty/scheduler/start","http.request.method":"POST","code.function":"createAppHandler","control_center.operation.duration_ms":0,"pty.scheduler.worker_count":2}}
# {"timestamp":"2026-04-22T14:41:53.322Z","level":"info","service":"my-module","event":"metric.histogram","name":"control_center_operation_duration_ms","value":0,"unit":"ms","attributes":{"operation":"pty.scheduler.start","route":"/api/pty/scheduler/start","method":"POST"}}
# {"timestamp":"2026-04-22T14:41:53.322Z","level":"info","service":"my-module","event":"control_center.operation","trace_id":"b6697993bf94496fa783284e2dbd5850","parent_span_id":"1e61fd314931476d","span_id":"eb844bf7266740a8","correlation_id":"93b064ff-cfd3-4102-b2f8-25835c3e2373","request_id":"93b064ff-cfd3-4102-b2f8-25835c3e2373","operation":"pty.scheduler.start","route":"/api/pty/scheduler/start","method":"POST","duration_ms":0,"message":"ok","pty.scheduler.worker_count":2}
# {"timestamp":"2026-04-22T14:41:53.323Z","level":"info","service":"my-module","event":"metric.counter","name":"pty_bridge_send_total","delta":1,"total":35,"attributes":{"route":"/api/pty/send-now","method":"POST","action":"prompt"}}
# {"timestamp":"2026-04-22T14:41:54.458Z","level":"info","service":"my-module","event":"metric.counter","name":"pty_scheduler_stop_total","delta":1,"total":13,"attributes":{"route":"/api/pty/scheduler/stop","method":"POST"}}
# {"timestamp":"2026-04-22T14:41:54.458Z","level":"info","service":"my-module","event":"span.end","trace_id":"2efe5dacdff04220a85bce9159f51f12","span_id":"fd9c6eddb8734581","parent_span_id":"e06ffa364ef043ee","name":"pty.scheduler.stop","duration_ms":0,"status":"ok","attributes":{"http.route":"/api/pty/scheduler/stop","http.request.method":"POST","code.function":"createAppHandler","control_center.operation.duration_ms":0,"pty.scheduler.worker_count":2}}
# {"timestamp":"2026-04-22T14:41:54.458Z","level":"info","service":"my-module","event":"metric.histogram","name":"control_center_operation_duration_ms","value":0,"unit":"ms","attributes":{"operation":"pty.scheduler.stop","route":"/api/pty/scheduler/stop","method":"POST"}}
# {"timestamp":"2026-04-22T14:41:54.458Z","level":"info","service":"my-module","event":"control_center.operation","trace_id":"2efe5dacdff04220a85bce9159f51f12","parent_span_id":"e06ffa364ef043ee","span_id":"fd9c6eddb8734581","correlation_id":"87ce07ff-a651-4fec-b23f-a4f4ae80a685","request_id":"87ce07ff-a651-4fec-b23f-a4f4ae80a685","operation":"pty.scheduler.stop","route":"/api/pty/scheduler/stop","method":"POST","duration_ms":0,"message":"ok","pty.scheduler.worker_count":2}
# {"timestamp":"2026-04-22T14:41:54.459Z","level":"info","service":"my-module","event":"metric.counter","name":"pty_scheduler_start_total","delta":1,"total":14,"attributes":{"route":"/api/pty/scheduler/start","method":"POST"}}
# {"timestamp":"2026-04-22T14:41:54.459Z","level":"info","service":"my-module","event":"span.end","trace_id":"a9f7aa16cf714ee98532ff6e27846ca9","span_id":"aab7ffda659e47ba","parent_span_id":"9625fdefed6149c5","name":"pty.scheduler.start","duration_ms":0,"status":"ok","attributes":{"http.route":"/api/pty/scheduler/start","http.request.method":"POST","code.function":"createAppHandler","control_center.operation.duration_ms":0,"pty.scheduler.worker_count":2}}
# {"timestamp":"2026-04-22T14:41:54.459Z","level":"info","service":"my-module","event":"metric.histogram","name":"control_center_operation_duration_ms","value":0,"unit":"ms","attributes":{"operation":"pty.scheduler.start","route":"/api/pty/scheduler/start","method":"POST"}}
# {"timestamp":"2026-04-22T14:41:54.459Z","level":"info","service":"my-module","event":"control_center.operation","trace_id":"a9f7aa16cf714ee98532ff6e27846ca9","parent_span_id":"9625fdefed6149c5","span_id":"aab7ffda659e47ba","correlation_id":"a9c99402-5f02-48db-a06c-8436b04807ff","request_id":"a9c99402-5f02-48db-a06c-8436b04807ff","operation":"pty.scheduler.start","route":"/api/pty/scheduler/start","method":"POST","duration_ms":0,"message":"ok","pty.scheduler.worker_count":2}
# {"timestamp":"2026-04-22T14:41:54.460Z","level":"info","service":"my-module","event":"metric.counter","name":"pty_bridge_failures_total","delta":1,"total":1,"attributes":{"route":"/api/pty/enter-now","method":"POST","reason":"scheduler_enter_now_failed"}}
# {"timestamp":"2026-04-22T14:41:55.455Z","level":"info","service":"my-module","event":"metric.counter","name":"pty_scheduler_stop_total","delta":1,"total":14,"attributes":{"route":"/api/pty/scheduler/stop","method":"POST"}}
# {"timestamp":"2026-04-22T14:41:55.456Z","level":"info","service":"my-module","event":"span.end","trace_id":"effc53d3bb3d4d679de0d7b495742a8e","span_id":"5f1a7ad8eb3440d8","parent_span_id":"cb21bf57a3034c3a","name":"pty.scheduler.stop","duration_ms":1,"status":"ok","attributes":{"http.route":"/api/pty/scheduler/stop","http.request.method":"POST","code.function":"createAppHandler","control_center.operation.duration_ms":0,"pty.scheduler.worker_count":2}}
# {"timestamp":"2026-04-22T14:41:55.456Z","level":"info","service":"my-module","event":"metric.histogram","name":"control_center_operation_duration_ms","value":0,"unit":"ms","attributes":{"operation":"pty.scheduler.stop","route":"/api/pty/scheduler/stop","method":"POST"}}
# {"timestamp":"2026-04-22T14:41:55.456Z","level":"info","service":"my-module","event":"control_center.operation","trace_id":"effc53d3bb3d4d679de0d7b495742a8e","parent_span_id":"cb21bf57a3034c3a","span_id":"5f1a7ad8eb3440d8","correlation_id":"a4e36d70-77df-421f-b308-12fbd1c1197e","request_id":"a4e36d70-77df-421f-b308-12fbd1c1197e","operation":"pty.scheduler.stop","route":"/api/pty/scheduler/stop","method":"POST","duration_ms":0,"message":"ok","pty.scheduler.worker_count":2}
# {"timestamp":"2026-04-22T14:41:55.456Z","level":"info","service":"my-module","event":"metric.counter","name":"pty_scheduler_start_total","delta":1,"total":15,"attributes":{"route":"/api/pty/scheduler/start","method":"POST"}}
# {"timestamp":"2026-04-22T14:41:55.457Z","level":"info","service":"my-module","event":"span.end","trace_id":"7854c7c4177a420ca275559f11bcc6eb","span_id":"5f41605c2410484f","parent_span_id":"d6db4fea83d145f1","name":"pty.scheduler.start","duration_ms":1,"status":"ok","attributes":{"http.route":"/api/pty/scheduler/start","http.request.method":"POST","code.function":"createAppHandler","control_center.operation.duration_ms":0,"pty.scheduler.worker_count":2}}
# {"timestamp":"2026-04-22T14:41:55.457Z","level":"info","service":"my-module","event":"metric.histogram","name":"control_center_operation_duration_ms","value":0,"unit":"ms","attributes":{"operation":"pty.scheduler.start","route":"/api/pty/scheduler/start","method":"POST"}}
# {"timestamp":"2026-04-22T14:41:55.457Z","level":"info","service":"my-module","event":"control_center.operation","trace_id":"7854c7c4177a420ca275559f11bcc6eb","parent_span_id":"d6db4fea83d145f1","span_id":"5f41605c2410484f","correlation_id":"433c0096-7037-4239-ac06-2df0742a50d1","request_id":"433c0096-7037-4239-ac06-2df0742a50d1","operation":"pty.scheduler.start","route":"/api/pty/scheduler/start","method":"POST","duration_ms":0,"message":"ok","pty.scheduler.worker_count":2}
# {"timestamp":"2026-04-22T14:41:55.457Z","level":"info","service":"my-module","event":"metric.counter","name":"pty_bridge_failures_total","delta":1,"total":2,"attributes":{"route":"/api/pty/enter-now","method":"POST","reason":"scheduler_enter_now_failed"}}
# {"timestamp":"2026-04-22T14:41:55.458Z","level":"info","service":"my-module","event":"metric.counter","name":"pty_bridge_send_total","delta":1,"total":36,"attributes":{"route":"/api/pty/send-now","method":"POST","action":"prompt"}}
# {"timestamp":"2026-04-22T14:41:55.459Z","level":"info","service":"my-module","event":"metric.counter","name":"pty_bridge_failures_total","delta":1,"total":3,"attributes":{"route":"/api/pty/enter-now","method":"POST","reason":"scheduler_enter_now_failed"}}
# {"timestamp":"2026-04-22T14:41:55.459Z","level":"info","service":"my-module","event":"metric.counter","name":"pty_bridge_send_total","delta":1,"total":37,"attributes":{"route":"/api/pty/send-now","method":"POST","action":"prompt"}}
# {"timestamp":"2026-04-22T14:41:55.460Z","level":"info","service":"my-module","event":"metric.counter","name":"pty_bridge_send_total","delta":1,"total":38,"attributes":{"route":"/api/pty/send-now","method":"POST","action":"prompt"}}
# {"timestamp":"2026-04-22T14:41:55.460Z","level":"info","service":"my-module","event":"metric.counter","name":"pty_bridge_send_total","delta":1,"total":39,"attributes":{"route":"/api/pty/enter-now","method":"POST","action":"enter"}}
# {"timestamp":"2026-04-22T14:41:56.446Z","level":"info","service":"my-module","event":"metric.counter","name":"pty_scheduler_stop_total","delta":1,"total":15,"attributes":{"route":"/api/pty/scheduler/stop","method":"POST"}}
# {"timestamp":"2026-04-22T14:41:56.446Z","level":"info","service":"my-module","event":"span.end","trace_id":"6af9fd26e2324dd6a534583533e6cb32","span_id":"bec06aed159b4e1b","parent_span_id":"09a3aa63d7984c28","name":"pty.scheduler.stop","duration_ms":0,"status":"ok","attributes":{"http.route":"/api/pty/scheduler/stop","http.request.method":"POST","code.function":"createAppHandler","control_center.operation.duration_ms":0,"pty.scheduler.worker_count":2}}
# {"timestamp":"2026-04-22T14:41:56.446Z","level":"info","service":"my-module","event":"metric.histogram","name":"control_center_operation_duration_ms","value":0,"unit":"ms","attributes":{"operation":"pty.scheduler.stop","route":"/api/pty/scheduler/stop","method":"POST"}}
# {"timestamp":"2026-04-22T14:41:56.446Z","level":"info","service":"my-module","event":"control_center.operation","trace_id":"6af9fd26e2324dd6a534583533e6cb32","parent_span_id":"09a3aa63d7984c28","span_id":"bec06aed159b4e1b","correlation_id":"3ffdb632-e421-4546-b0d0-b4ed5e6be3ce","request_id":"3ffdb632-e421-4546-b0d0-b4ed5e6be3ce","operation":"pty.scheduler.stop","route":"/api/pty/scheduler/stop","method":"POST","duration_ms":0,"message":"ok","pty.scheduler.worker_count":2}
# {"timestamp":"2026-04-22T14:41:56.447Z","level":"info","service":"my-module","event":"metric.counter","name":"pty_scheduler_start_total","delta":1,"total":16,"attributes":{"route":"/api/pty/scheduler/start","method":"POST"}}
# {"timestamp":"2026-04-22T14:41:56.447Z","level":"info","service":"my-module","event":"span.end","trace_id":"103ebd0cc1034a32a0ff064a09129827","span_id":"4d73675c934148bb","parent_span_id":"1fbedd870cba4594","name":"pty.scheduler.start","duration_ms":0,"status":"ok","attributes":{"http.route":"/api/pty/scheduler/start","http.request.method":"POST","code.function":"createAppHandler","control_center.operation.duration_ms":0,"pty.scheduler.worker_count":2}}
# {"timestamp":"2026-04-22T14:41:56.447Z","level":"info","service":"my-module","event":"metric.histogram","name":"control_center_operation_duration_ms","value":0,"unit":"ms","attributes":{"operation":"pty.scheduler.start","route":"/api/pty/scheduler/start","method":"POST"}}
# {"timestamp":"2026-04-22T14:41:56.447Z","level":"info","service":"my-module","event":"control_center.operation","trace_id":"103ebd0cc1034a32a0ff064a09129827","parent_span_id":"1fbedd870cba4594","span_id":"4d73675c934148bb","correlation_id":"9b0cddba-96d8-4f8e-a9d0-6ad93180544c","request_id":"9b0cddba-96d8-4f8e-a9d0-6ad93180544c","operation":"pty.scheduler.start","route":"/api/pty/scheduler/start","method":"POST","duration_ms":0,"message":"ok","pty.scheduler.worker_count":2}
# {"timestamp":"2026-04-22T14:41:56.448Z","level":"info","service":"my-module","event":"metric.counter","name":"pty_bridge_failures_total","delta":1,"total":4,"attributes":{"route":"/api/pty/send-now","method":"POST","reason":"scheduler_send_now_failed"}}
# {"timestamp":"2026-04-22T14:41:56.449Z","level":"info","service":"my-module","event":"metric.counter","name":"pty_bridge_send_total","delta":1,"total":40,"attributes":{"route":"/api/pty/send-now","method":"POST","action":"prompt"}}
# {"timestamp":"2026-04-22T14:41:57.426Z","level":"info","service":"my-module","event":"metric.counter","name":"pty_scheduler_stop_total","delta":1,"total":16,"attributes":{"route":"/api/pty/scheduler/stop","method":"POST"}}
# {"timestamp":"2026-04-22T14:41:57.426Z","level":"info","service":"my-module","event":"span.end","trace_id":"b1a89e524c064721a6e488de8ef50d81","span_id":"9e57cb04996c47a7","parent_span_id":"bc1d647277044e5a","name":"pty.scheduler.stop","duration_ms":0,"status":"ok","attributes":{"http.route":"/api/pty/scheduler/stop","http.request.method":"POST","code.function":"createAppHandler","control_center.operation.duration_ms":0,"pty.scheduler.worker_count":2}}
# {"timestamp":"2026-04-22T14:41:57.426Z","level":"info","service":"my-module","event":"metric.histogram","name":"control_center_operation_duration_ms","value":0,"unit":"ms","attributes":{"operation":"pty.scheduler.stop","route":"/api/pty/scheduler/stop","method":"POST"}}
# {"timestamp":"2026-04-22T14:41:57.426Z","level":"info","service":"my-module","event":"control_center.operation","trace_id":"b1a89e524c064721a6e488de8ef50d81","parent_span_id":"bc1d647277044e5a","span_id":"9e57cb04996c47a7","correlation_id":"a32f86a5-a5c3-4bd5-a090-6147a6f89bd5","request_id":"a32f86a5-a5c3-4bd5-a090-6147a6f89bd5","operation":"pty.scheduler.stop","route":"/api/pty/scheduler/stop","method":"POST","duration_ms":0,"message":"ok","pty.scheduler.worker_count":2}
# {"timestamp":"2026-04-22T14:41:57.427Z","level":"info","service":"my-module","event":"metric.counter","name":"pty_scheduler_start_total","delta":1,"total":17,"attributes":{"route":"/api/pty/scheduler/start","method":"POST"}}
# {"timestamp":"2026-04-22T14:41:57.427Z","level":"info","service":"my-module","event":"span.end","trace_id":"29e6192cf8c744e08db3f144cc536120","span_id":"f427664298a24d1d","parent_span_id":"f657b915a86a4a36","name":"pty.scheduler.start","duration_ms":0,"status":"ok","attributes":{"http.route":"/api/pty/scheduler/start","http.request.method":"POST","code.function":"createAppHandler","control_center.operation.duration_ms":0,"pty.scheduler.worker_count":2}}
# {"timestamp":"2026-04-22T14:41:57.427Z","level":"info","service":"my-module","event":"metric.histogram","name":"control_center_operation_duration_ms","value":0,"unit":"ms","attributes":{"operation":"pty.scheduler.start","route":"/api/pty/scheduler/start","method":"POST"}}
# {"timestamp":"2026-04-22T14:41:57.427Z","level":"info","service":"my-module","event":"control_center.operation","trace_id":"29e6192cf8c744e08db3f144cc536120","parent_span_id":"f657b915a86a4a36","span_id":"f427664298a24d1d","correlation_id":"f2352512-28b7-4661-8530-7eee58875124","request_id":"f2352512-28b7-4661-8530-7eee58875124","operation":"pty.scheduler.start","route":"/api/pty/scheduler/start","method":"POST","duration_ms":0,"message":"ok","pty.scheduler.worker_count":2}
# {"timestamp":"2026-04-22T14:41:57.427Z","level":"info","service":"my-module","event":"metric.counter","name":"pty_bridge_send_total","delta":1,"total":41,"attributes":{"route":"/api/pty/send-now","method":"POST","action":"prompt"}}
# {"timestamp":"2026-04-22T14:41:57.428Z","level":"info","service":"my-module","event":"metric.counter","name":"pty_bridge_send_total","delta":1,"total":42,"attributes":{"route":"/api/pty/send-now","method":"POST","action":"prompt"}}
# {"timestamp":"2026-04-22T14:41:57.429Z","level":"info","service":"my-module","event":"metric.counter","name":"pty_bridge_send_total","delta":1,"total":43,"attributes":{"route":"/api/pty/enter-now","method":"POST","action":"enter"}}
# {"timestamp":"2026-04-22T14:41:58.473Z","level":"info","service":"my-module","event":"metric.counter","name":"pty_scheduler_stop_total","delta":1,"total":17,"attributes":{"route":"/api/pty/scheduler/stop","method":"POST"}}
# {"timestamp":"2026-04-22T14:41:58.473Z","level":"info","service":"my-module","event":"span.end","trace_id":"c1da4d26e4a8413f82aded1b16d5133d","span_id":"b28dcd510be04d5b","parent_span_id":"19b56cf59c5e49a2","name":"pty.scheduler.stop","duration_ms":0,"status":"ok","attributes":{"http.route":"/api/pty/scheduler/stop","http.request.method":"POST","code.function":"createAppHandler","control_center.operation.duration_ms":0,"pty.scheduler.worker_count":2}}
# {"timestamp":"2026-04-22T14:41:58.473Z","level":"info","service":"my-module","event":"metric.histogram","name":"control_center_operation_duration_ms","value":0,"unit":"ms","attributes":{"operation":"pty.scheduler.stop","route":"/api/pty/scheduler/stop","method":"POST"}}
# {"timestamp":"2026-04-22T14:41:58.473Z","level":"info","service":"my-module","event":"control_center.operation","trace_id":"c1da4d26e4a8413f82aded1b16d5133d","parent_span_id":"19b56cf59c5e49a2","span_id":"b28dcd510be04d5b","correlation_id":"6818d0e8-dc7f-40ba-9f62-ef640e0c7d86","request_id":"6818d0e8-dc7f-40ba-9f62-ef640e0c7d86","operation":"pty.scheduler.stop","route":"/api/pty/scheduler/stop","method":"POST","duration_ms":0,"message":"ok","pty.scheduler.worker_count":2}
# {"timestamp":"2026-04-22T14:41:58.474Z","level":"info","service":"my-module","event":"metric.counter","name":"pty_scheduler_start_total","delta":1,"total":18,"attributes":{"route":"/api/pty/scheduler/start","method":"POST"}}
# {"timestamp":"2026-04-22T14:41:58.474Z","level":"info","service":"my-module","event":"span.end","trace_id":"127e06797c844378bd229613e35c8f6b","span_id":"cfc3ac1898044416","parent_span_id":"42ce020451fd426a","name":"pty.scheduler.start","duration_ms":0,"status":"ok","attributes":{"http.route":"/api/pty/scheduler/start","http.request.method":"POST","code.function":"createAppHandler","control_center.operation.duration_ms":0,"pty.scheduler.worker_count":2}}
# {"timestamp":"2026-04-22T14:41:58.474Z","level":"info","service":"my-module","event":"metric.histogram","name":"control_center_operation_duration_ms","value":0,"unit":"ms","attributes":{"operation":"pty.scheduler.start","route":"/api/pty/scheduler/start","method":"POST"}}
# {"timestamp":"2026-04-22T14:41:58.474Z","level":"info","service":"my-module","event":"control_center.operation","trace_id":"127e06797c844378bd229613e35c8f6b","parent_span_id":"42ce020451fd426a","span_id":"cfc3ac1898044416","correlation_id":"c6a77591-9d41-401d-9fd9-46ec44ef28ed","request_id":"c6a77591-9d41-401d-9fd9-46ec44ef28ed","operation":"pty.scheduler.start","route":"/api/pty/scheduler/start","method":"POST","duration_ms":0,"message":"ok","pty.scheduler.worker_count":2}
# {"timestamp":"2026-04-22T14:41:58.475Z","level":"info","service":"my-module","event":"metric.counter","name":"pty_bridge_failures_total","delta":1,"total":5,"attributes":{"route":"/api/pty/enter-now","method":"POST","reason":"scheduler_enter_now_failed"}}
# {"timestamp":"2026-04-22T14:41:58.476Z","level":"info","service":"my-module","event":"metric.counter","name":"pty_bridge_send_total","delta":1,"total":44,"attributes":{"route":"/api/pty/enter-now","method":"POST","action":"enter"}}
# {"timestamp":"2026-04-22T14:41:59.669Z","level":"info","service":"my-module","event":"metric.counter","name":"pty_scheduler_stop_total","delta":1,"total":18,"attributes":{"route":"/api/pty/scheduler/stop","method":"POST"}}
# {"timestamp":"2026-04-22T14:41:59.669Z","level":"info","service":"my-module","event":"span.end","trace_id":"b109135be7db457191867f13fec4b121","span_id":"07f51cbf203f4f3b","parent_span_id":"6956396e5e6649bb","name":"pty.scheduler.stop","duration_ms":0,"status":"ok","attributes":{"http.route":"/api/pty/scheduler/stop","http.request.method":"POST","code.function":"createAppHandler","control_center.operation.duration_ms":0,"pty.scheduler.worker_count":2}}
# {"timestamp":"2026-04-22T14:41:59.669Z","level":"info","service":"my-module","event":"metric.histogram","name":"control_center_operation_duration_ms","value":0,"unit":"ms","attributes":{"operation":"pty.scheduler.stop","route":"/api/pty/scheduler/stop","method":"POST"}}
# {"timestamp":"2026-04-22T14:41:59.669Z","level":"info","service":"my-module","event":"control_center.operation","trace_id":"b109135be7db457191867f13fec4b121","parent_span_id":"6956396e5e6649bb","span_id":"07f51cbf203f4f3b","correlation_id":"a9bc1061-d256-4d3e-bc07-d3dec6c02347","request_id":"a9bc1061-d256-4d3e-bc07-d3dec6c02347","operation":"pty.scheduler.stop","route":"/api/pty/scheduler/stop","method":"POST","duration_ms":0,"message":"ok","pty.scheduler.worker_count":2}
# {"timestamp":"2026-04-22T14:41:59.670Z","level":"info","service":"my-module","event":"metric.counter","name":"pty_scheduler_start_total","delta":1,"total":19,"attributes":{"route":"/api/pty/scheduler/start","method":"POST"}}
# {"timestamp":"2026-04-22T14:41:59.670Z","level":"info","service":"my-module","event":"span.end","trace_id":"a6c28ac9fb03479ca0acc26f045a2a87","span_id":"bd416d7da1254572","parent_span_id":"f784c6bd090b4dec","name":"pty.scheduler.start","duration_ms":0,"status":"ok","attributes":{"http.route":"/api/pty/scheduler/start","http.request.method":"POST","code.function":"createAppHandler","control_center.operation.duration_ms":0,"pty.scheduler.worker_count":2}}
# {"timestamp":"2026-04-22T14:41:59.670Z","level":"info","service":"my-module","event":"metric.histogram","name":"control_center_operation_duration_ms","value":0,"unit":"ms","attributes":{"operation":"pty.scheduler.start","route":"/api/pty/scheduler/start","method":"POST"}}
# {"timestamp":"2026-04-22T14:41:59.670Z","level":"info","service":"my-module","event":"control_center.operation","trace_id":"a6c28ac9fb03479ca0acc26f045a2a87","parent_span_id":"f784c6bd090b4dec","span_id":"bd416d7da1254572","correlation_id":"e79ba1ca-b721-425c-ac81-615bbbb20cb7","request_id":"e79ba1ca-b721-425c-ac81-615bbbb20cb7","operation":"pty.scheduler.start","route":"/api/pty/scheduler/start","method":"POST","duration_ms":0,"message":"ok","pty.scheduler.worker_count":2}
# {"timestamp":"2026-04-22T14:41:59.670Z","level":"info","service":"my-module","event":"metric.counter","name":"pty_bridge_send_total","delta":1,"total":45,"attributes":{"route":"/api/pty/enter-now","method":"POST","action":"enter"}}
# {"timestamp":"2026-04-22T14:41:59.671Z","level":"info","service":"my-module","event":"metric.counter","name":"pty_bridge_failures_total","delta":1,"total":6,"attributes":{"route":"/api/pty/enter-now","method":"POST","reason":"scheduler_enter_now_failed"}}
# {"timestamp":"2026-04-22T14:41:59.672Z","level":"info","service":"my-module","event":"metric.counter","name":"pty_bridge_failures_total","delta":1,"total":7,"attributes":{"route":"/api/pty/enter-now","method":"POST","reason":"scheduler_enter_now_failed"}}
# {"timestamp":"2026-04-22T14:42:00.741Z","level":"info","service":"my-module","event":"metric.counter","name":"pty_scheduler_stop_total","delta":1,"total":19,"attributes":{"route":"/api/pty/scheduler/stop","method":"POST"}}
# {"timestamp":"2026-04-22T14:42:00.741Z","level":"info","service":"my-module","event":"span.end","trace_id":"63031fd908e540848e60d24f70e81293","span_id":"df8da9a192e54f56","parent_span_id":"1fbca1e94a14496f","name":"pty.scheduler.stop","duration_ms":0,"status":"ok","attributes":{"http.route":"/api/pty/scheduler/stop","http.request.method":"POST","code.function":"createAppHandler","control_center.operation.duration_ms":0,"pty.scheduler.worker_count":2}}
# {"timestamp":"2026-04-22T14:42:00.741Z","level":"info","service":"my-module","event":"metric.histogram","name":"control_center_operation_duration_ms","value":0,"unit":"ms","attributes":{"operation":"pty.scheduler.stop","route":"/api/pty/scheduler/stop","method":"POST"}}
# {"timestamp":"2026-04-22T14:42:00.741Z","level":"info","service":"my-module","event":"control_center.operation","trace_id":"63031fd908e540848e60d24f70e81293","parent_span_id":"1fbca1e94a14496f","span_id":"df8da9a192e54f56","correlation_id":"9e00a150-285b-4cd9-87d4-732ae69403d4","request_id":"9e00a150-285b-4cd9-87d4-732ae69403d4","operation":"pty.scheduler.stop","route":"/api/pty/scheduler/stop","method":"POST","duration_ms":0,"message":"ok","pty.scheduler.worker_count":2}
# {"timestamp":"2026-04-22T14:42:00.742Z","level":"info","service":"my-module","event":"metric.counter","name":"pty_scheduler_start_total","delta":1,"total":20,"attributes":{"route":"/api/pty/scheduler/start","method":"POST"}}
# {"timestamp":"2026-04-22T14:42:00.742Z","level":"info","service":"my-module","event":"span.end","trace_id":"02423c4d2f764bf6ad39fc41470502b3","span_id":"1b67ecf7b3b24f4c","parent_span_id":"556c36ce95ba46c4","name":"pty.scheduler.start","duration_ms":0,"status":"ok","attributes":{"http.route":"/api/pty/scheduler/start","http.request.method":"POST","code.function":"createAppHandler","control_center.operation.duration_ms":0,"pty.scheduler.worker_count":2}}
# {"timestamp":"2026-04-22T14:42:00.742Z","level":"info","service":"my-module","event":"metric.histogram","name":"control_center_operation_duration_ms","value":0,"unit":"ms","attributes":{"operation":"pty.scheduler.start","route":"/api/pty/scheduler/start","method":"POST"}}
# {"timestamp":"2026-04-22T14:42:00.742Z","level":"info","service":"my-module","event":"control_center.operation","trace_id":"02423c4d2f764bf6ad39fc41470502b3","parent_span_id":"556c36ce95ba46c4","span_id":"1b67ecf7b3b24f4c","correlation_id":"fe30711a-5198-4b48-b579-d8d791111b64","request_id":"fe30711a-5198-4b48-b579-d8d791111b64","operation":"pty.scheduler.start","route":"/api/pty/scheduler/start","method":"POST","duration_ms":0,"message":"ok","pty.scheduler.worker_count":2}
# {"timestamp":"2026-04-22T14:42:00.743Z","level":"info","service":"my-module","event":"metric.counter","name":"pty_bridge_failures_total","delta":1,"total":8,"attributes":{"route":"/api/pty/send-now","method":"POST","reason":"scheduler_send_now_failed"}}
# {"timestamp":"2026-04-22T14:42:00.743Z","level":"info","service":"my-module","event":"metric.counter","name":"pty_bridge_failures_total","delta":1,"total":9,"attributes":{"route":"/api/pty/enter-now","method":"POST","reason":"scheduler_enter_now_failed"}}
# {"timestamp":"2026-04-22T14:42:00.744Z","level":"info","service":"my-module","event":"metric.counter","name":"pty_bridge_send_total","delta":1,"total":46,"attributes":{"route":"/api/pty/send-now","method":"POST","action":"prompt"}}
# {"timestamp":"2026-04-22T14:42:00.745Z","level":"info","service":"my-module","event":"metric.counter","name":"pty_bridge_failures_total","delta":1,"total":10,"attributes":{"route":"/api/pty/enter-now","method":"POST","reason":"scheduler_enter_now_failed"}}
# {"timestamp":"2026-04-22T14:42:00.745Z","level":"info","service":"my-module","event":"metric.counter","name":"pty_bridge_failures_total","delta":1,"total":11,"attributes":{"route":"/api/pty/enter-now","method":"POST","reason":"scheduler_enter_now_failed"}}
# {"timestamp":"2026-04-22T14:42:01.771Z","level":"info","service":"my-module","event":"metric.counter","name":"pty_scheduler_stop_total","delta":1,"total":20,"attributes":{"route":"/api/pty/scheduler/stop","method":"POST"}}
# {"timestamp":"2026-04-22T14:42:01.771Z","level":"info","service":"my-module","event":"span.end","trace_id":"f8f93515caf9401e9e3e6886d0ddd580","span_id":"88b9d98c01b74e08","parent_span_id":"581e8da4b31e4f29","name":"pty.scheduler.stop","duration_ms":0,"status":"ok","attributes":{"http.route":"/api/pty/scheduler/stop","http.request.method":"POST","code.function":"createAppHandler","control_center.operation.duration_ms":0,"pty.scheduler.worker_count":2}}
# {"timestamp":"2026-04-22T14:42:01.771Z","level":"info","service":"my-module","event":"metric.histogram","name":"control_center_operation_duration_ms","value":0,"unit":"ms","attributes":{"operation":"pty.scheduler.stop","route":"/api/pty/scheduler/stop","method":"POST"}}
# {"timestamp":"2026-04-22T14:42:01.771Z","level":"info","service":"my-module","event":"control_center.operation","trace_id":"f8f93515caf9401e9e3e6886d0ddd580","parent_span_id":"581e8da4b31e4f29","span_id":"88b9d98c01b74e08","correlation_id":"0afa6c46-fa8b-499d-b07d-de5e8b3050a3","request_id":"0afa6c46-fa8b-499d-b07d-de5e8b3050a3","operation":"pty.scheduler.stop","route":"/api/pty/scheduler/stop","method":"POST","duration_ms":0,"message":"ok","pty.scheduler.worker_count":2}
# {"timestamp":"2026-04-22T14:42:01.772Z","level":"info","service":"my-module","event":"metric.counter","name":"pty_scheduler_start_total","delta":1,"total":21,"attributes":{"route":"/api/pty/scheduler/start","method":"POST"}}
# {"timestamp":"2026-04-22T14:42:01.772Z","level":"info","service":"my-module","event":"span.end","trace_id":"50ac384786a646389ac8d49d97df361c","span_id":"9876f73c7dc5473f","parent_span_id":"40c209b1b1b34d6a","name":"pty.scheduler.start","duration_ms":0,"status":"ok","attributes":{"http.route":"/api/pty/scheduler/start","http.request.method":"POST","code.function":"createAppHandler","control_center.operation.duration_ms":0,"pty.scheduler.worker_count":2}}
# {"timestamp":"2026-04-22T14:42:01.772Z","level":"info","service":"my-module","event":"metric.histogram","name":"control_center_operation_duration_ms","value":0,"unit":"ms","attributes":{"operation":"pty.scheduler.start","route":"/api/pty/scheduler/start","method":"POST"}}
# {"timestamp":"2026-04-22T14:42:01.772Z","level":"info","service":"my-module","event":"control_center.operation","trace_id":"50ac384786a646389ac8d49d97df361c","parent_span_id":"40c209b1b1b34d6a","span_id":"9876f73c7dc5473f","correlation_id":"a555d540-5530-41a9-abc0-da4b8f22227c","request_id":"a555d540-5530-41a9-abc0-da4b8f22227c","operation":"pty.scheduler.start","route":"/api/pty/scheduler/start","method":"POST","duration_ms":0,"message":"ok","pty.scheduler.worker_count":2}
# {"timestamp":"2026-04-22T14:42:01.773Z","level":"info","service":"my-module","event":"metric.counter","name":"pty_bridge_failures_total","delta":1,"total":12,"attributes":{"route":"/api/pty/enter-now","method":"POST","reason":"scheduler_enter_now_failed"}}
# {"timestamp":"2026-04-22T14:42:02.753Z","level":"info","service":"my-module","event":"metric.counter","name":"pty_scheduler_stop_total","delta":1,"total":21,"attributes":{"route":"/api/pty/scheduler/stop","method":"POST"}}
# {"timestamp":"2026-04-22T14:42:02.753Z","level":"info","service":"my-module","event":"span.end","trace_id":"e2c54f25675d451b97817d5ccbbca423","span_id":"2d01a3d1ed724959","parent_span_id":"74f4dc47434846a1","name":"pty.scheduler.stop","duration_ms":0,"status":"ok","attributes":{"http.route":"/api/pty/scheduler/stop","http.request.method":"POST","code.function":"createAppHandler","control_center.operation.duration_ms":0,"pty.scheduler.worker_count":2}}
# {"timestamp":"2026-04-22T14:42:02.753Z","level":"info","service":"my-module","event":"metric.histogram","name":"control_center_operation_duration_ms","value":0,"unit":"ms","attributes":{"operation":"pty.scheduler.stop","route":"/api/pty/scheduler/stop","method":"POST"}}
# {"timestamp":"2026-04-22T14:42:02.753Z","level":"info","service":"my-module","event":"control_center.operation","trace_id":"e2c54f25675d451b97817d5ccbbca423","parent_span_id":"74f4dc47434846a1","span_id":"2d01a3d1ed724959","correlation_id":"084786d9-056c-49b9-a9e9-0c67b2564c5a","request_id":"084786d9-056c-49b9-a9e9-0c67b2564c5a","operation":"pty.scheduler.stop","route":"/api/pty/scheduler/stop","method":"POST","duration_ms":0,"message":"ok","pty.scheduler.worker_count":2}
# {"timestamp":"2026-04-22T14:42:02.754Z","level":"info","service":"my-module","event":"metric.counter","name":"pty_scheduler_start_total","delta":1,"total":22,"attributes":{"route":"/api/pty/scheduler/start","method":"POST"}}
# {"timestamp":"2026-04-22T14:42:02.754Z","level":"info","service":"my-module","event":"span.end","trace_id":"76ffdbc75d824762af472926f2a10a22","span_id":"5e009059b7b843c9","parent_span_id":"bbafb8ae0dfa4e58","name":"pty.scheduler.start","duration_ms":0,"status":"ok","attributes":{"http.route":"/api/pty/scheduler/start","http.request.method":"POST","code.function":"createAppHandler","control_center.operation.duration_ms":0,"pty.scheduler.worker_count":2}}
# {"timestamp":"2026-04-22T14:42:02.754Z","level":"info","service":"my-module","event":"metric.histogram","name":"control_center_operation_duration_ms","value":0,"unit":"ms","attributes":{"operation":"pty.scheduler.start","route":"/api/pty/scheduler/start","method":"POST"}}
# {"timestamp":"2026-04-22T14:42:02.754Z","level":"info","service":"my-module","event":"control_center.operation","trace_id":"76ffdbc75d824762af472926f2a10a22","parent_span_id":"bbafb8ae0dfa4e58","span_id":"5e009059b7b843c9","correlation_id":"7a82126f-f3ad-43a6-adb8-4de8e7b91df7","request_id":"7a82126f-f3ad-43a6-adb8-4de8e7b91df7","operation":"pty.scheduler.start","route":"/api/pty/scheduler/start","method":"POST","duration_ms":0,"message":"ok","pty.scheduler.worker_count":2}
# {"timestamp":"2026-04-22T14:42:02.755Z","level":"info","service":"my-module","event":"metric.counter","name":"pty_bridge_send_total","delta":1,"total":47,"attributes":{"route":"/api/pty/send-now","method":"POST","action":"prompt"}}
# {"timestamp":"2026-04-22T14:42:03.682Z","level":"info","service":"my-module","event":"metric.counter","name":"pty_scheduler_stop_total","delta":1,"total":22,"attributes":{"route":"/api/pty/scheduler/stop","method":"POST"}}
# {"timestamp":"2026-04-22T14:42:03.682Z","level":"info","service":"my-module","event":"span.end","trace_id":"d11249a049794eb38c94c812a4191f85","span_id":"031451dd60284844","parent_span_id":"5ea14b64742e4d50","name":"pty.scheduler.stop","duration_ms":0,"status":"ok","attributes":{"http.route":"/api/pty/scheduler/stop","http.request.method":"POST","code.function":"createAppHandler","control_center.operation.duration_ms":0,"pty.scheduler.worker_count":2}}
# {"timestamp":"2026-04-22T14:42:03.682Z","level":"info","service":"my-module","event":"metric.histogram","name":"control_center_operation_duration_ms","value":0,"unit":"ms","attributes":{"operation":"pty.scheduler.stop","route":"/api/pty/scheduler/stop","method":"POST"}}
# {"timestamp":"2026-04-22T14:42:03.682Z","level":"info","service":"my-module","event":"control_center.operation","trace_id":"d11249a049794eb38c94c812a4191f85","parent_span_id":"5ea14b64742e4d50","span_id":"031451dd60284844","correlation_id":"dae7b2a2-ef0e-44b7-bb44-74e448c22527","request_id":"dae7b2a2-ef0e-44b7-bb44-74e448c22527","operation":"pty.scheduler.stop","route":"/api/pty/scheduler/stop","method":"POST","duration_ms":0,"message":"ok","pty.scheduler.worker_count":2}
# {"timestamp":"2026-04-22T14:42:03.683Z","level":"info","service":"my-module","event":"metric.counter","name":"pty_scheduler_start_total","delta":1,"total":23,"attributes":{"route":"/api/pty/scheduler/start","method":"POST"}}
# {"timestamp":"2026-04-22T14:42:03.683Z","level":"info","service":"my-module","event":"span.end","trace_id":"87470c4c8a8a42e89711b1624271ec60","span_id":"43e7d2ac9e2d40ad","parent_span_id":"265a03e335a84c76","name":"pty.scheduler.start","duration_ms":0,"status":"ok","attributes":{"http.route":"/api/pty/scheduler/start","http.request.method":"POST","code.function":"createAppHandler","control_center.operation.duration_ms":0,"pty.scheduler.worker_count":2}}
# {"timestamp":"2026-04-22T14:42:03.683Z","level":"info","service":"my-module","event":"metric.histogram","name":"control_center_operation_duration_ms","value":0,"unit":"ms","attributes":{"operation":"pty.scheduler.start","route":"/api/pty/scheduler/start","method":"POST"}}
# {"timestamp":"2026-04-22T14:42:03.683Z","level":"info","service":"my-module","event":"control_center.operation","trace_id":"87470c4c8a8a42e89711b1624271ec60","parent_span_id":"265a03e335a84c76","span_id":"43e7d2ac9e2d40ad","correlation_id":"9e28a0c1-de83-4d4b-b389-676d721c701e","request_id":"9e28a0c1-de83-4d4b-b389-676d721c701e","operation":"pty.scheduler.start","route":"/api/pty/scheduler/start","method":"POST","duration_ms":0,"message":"ok","pty.scheduler.worker_count":2}
# {"timestamp":"2026-04-22T14:42:03.684Z","level":"info","service":"my-module","event":"metric.counter","name":"pty_bridge_failures_total","delta":1,"total":13,"attributes":{"route":"/api/pty/enter-now","method":"POST","reason":"scheduler_enter_now_failed"}}
# {"timestamp":"2026-04-22T14:42:03.684Z","level":"info","service":"my-module","event":"metric.counter","name":"pty_bridge_failures_total","delta":1,"total":14,"attributes":{"route":"/api/pty/enter-now","method":"POST","reason":"scheduler_enter_now_failed"}}
# {"timestamp":"2026-04-22T14:42:03.685Z","level":"info","service":"my-module","event":"metric.counter","name":"pty_bridge_failures_total","delta":1,"total":15,"attributes":{"route":"/api/pty/send-now","method":"POST","reason":"scheduler_send_now_failed"}}
# {"timestamp":"2026-04-22T14:42:03.686Z","level":"info","service":"my-module","event":"metric.counter","name":"pty_bridge_send_total","delta":1,"total":48,"attributes":{"route":"/api/pty/send-now","method":"POST","action":"prompt"}}
# {"timestamp":"2026-04-22T14:42:04.630Z","level":"info","service":"my-module","event":"metric.counter","name":"pty_scheduler_stop_total","delta":1,"total":23,"attributes":{"route":"/api/pty/scheduler/stop","method":"POST"}}
# {"timestamp":"2026-04-22T14:42:04.630Z","level":"info","service":"my-module","event":"span.end","trace_id":"5e528dff565742bea4038a251bead616","span_id":"bd6af19e4b434416","parent_span_id":"98a5108b7aa54630","name":"pty.scheduler.stop","duration_ms":0,"status":"ok","attributes":{"http.route":"/api/pty/scheduler/stop","http.request.method":"POST","code.function":"createAppHandler","control_center.operation.duration_ms":0,"pty.scheduler.worker_count":2}}
# {"timestamp":"2026-04-22T14:42:04.630Z","level":"info","service":"my-module","event":"metric.histogram","name":"control_center_operation_duration_ms","value":0,"unit":"ms","attributes":{"operation":"pty.scheduler.stop","route":"/api/pty/scheduler/stop","method":"POST"}}
# {"timestamp":"2026-04-22T14:42:04.630Z","level":"info","service":"my-module","event":"control_center.operation","trace_id":"5e528dff565742bea4038a251bead616","parent_span_id":"98a5108b7aa54630","span_id":"bd6af19e4b434416","correlation_id":"12a76af4-b827-4570-853c-c230256764ef","request_id":"12a76af4-b827-4570-853c-c230256764ef","operation":"pty.scheduler.stop","route":"/api/pty/scheduler/stop","method":"POST","duration_ms":0,"message":"ok","pty.scheduler.worker_count":2}
# {"timestamp":"2026-04-22T14:42:04.631Z","level":"info","service":"my-module","event":"metric.counter","name":"pty_scheduler_start_total","delta":1,"total":24,"attributes":{"route":"/api/pty/scheduler/start","method":"POST"}}
# {"timestamp":"2026-04-22T14:42:04.631Z","level":"info","service":"my-module","event":"span.end","trace_id":"d7c35783d26b45d0a3f06fe0404fab8e","span_id":"d3c917b6f67a4e33","parent_span_id":"b578efd4d3ec4381","name":"pty.scheduler.start","duration_ms":0,"status":"ok","attributes":{"http.route":"/api/pty/scheduler/start","http.request.method":"POST","code.function":"createAppHandler","control_center.operation.duration_ms":0,"pty.scheduler.worker_count":2}}
# {"timestamp":"2026-04-22T14:42:04.631Z","level":"info","service":"my-module","event":"metric.histogram","name":"control_center_operation_duration_ms","value":0,"unit":"ms","attributes":{"operation":"pty.scheduler.start","route":"/api/pty/scheduler/start","method":"POST"}}
# {"timestamp":"2026-04-22T14:42:04.631Z","level":"info","service":"my-module","event":"control_center.operation","trace_id":"d7c35783d26b45d0a3f06fe0404fab8e","parent_span_id":"b578efd4d3ec4381","span_id":"d3c917b6f67a4e33","correlation_id":"3686f489-1ce0-4228-8266-901c9973bf9d","request_id":"3686f489-1ce0-4228-8266-901c9973bf9d","operation":"pty.scheduler.start","route":"/api/pty/scheduler/start","method":"POST","duration_ms":0,"message":"ok","pty.scheduler.worker_count":2}
# {"timestamp":"2026-04-22T14:42:04.632Z","level":"info","service":"my-module","event":"metric.counter","name":"pty_bridge_send_total","delta":1,"total":49,"attributes":{"route":"/api/pty/send-now","method":"POST","action":"prompt"}}
# {"timestamp":"2026-04-22T14:42:04.632Z","level":"info","service":"my-module","event":"metric.counter","name":"pty_bridge_send_total","delta":1,"total":50,"attributes":{"route":"/api/pty/enter-now","method":"POST","action":"enter"}}
# {"timestamp":"2026-04-22T14:42:05.568Z","level":"info","service":"my-module","event":"metric.counter","name":"pty_scheduler_stop_total","delta":1,"total":24,"attributes":{"route":"/api/pty/scheduler/stop","method":"POST"}}
# {"timestamp":"2026-04-22T14:42:05.568Z","level":"info","service":"my-module","event":"span.end","trace_id":"4c3c163de83340cb83226583f32355fe","span_id":"f12e3c2c6fff4f14","parent_span_id":"a8ae57db57fb42b5","name":"pty.scheduler.stop","duration_ms":0,"status":"ok","attributes":{"http.route":"/api/pty/scheduler/stop","http.request.method":"POST","code.function":"createAppHandler","control_center.operation.duration_ms":0,"pty.scheduler.worker_count":2}}
# {"timestamp":"2026-04-22T14:42:05.568Z","level":"info","service":"my-module","event":"metric.histogram","name":"control_center_operation_duration_ms","value":0,"unit":"ms","attributes":{"operation":"pty.scheduler.stop","route":"/api/pty/scheduler/stop","method":"POST"}}
# {"timestamp":"2026-04-22T14:42:05.568Z","level":"info","service":"my-module","event":"control_center.operation","trace_id":"4c3c163de83340cb83226583f32355fe","parent_span_id":"a8ae57db57fb42b5","span_id":"f12e3c2c6fff4f14","correlation_id":"7b9e884e-90e6-4a45-befb-8cfe5f6f6c5f","request_id":"7b9e884e-90e6-4a45-befb-8cfe5f6f6c5f","operation":"pty.scheduler.stop","route":"/api/pty/scheduler/stop","method":"POST","duration_ms":0,"message":"ok","pty.scheduler.worker_count":2}
# {"timestamp":"2026-04-22T14:42:05.569Z","level":"warn","service":"my-module","event":"server.draining","reason":"test","drain_started_at":"2026-04-22T14:42:05.569Z"}
# Subtest: [property] scheduler failures never overwrite the last successful current activity
ok 131 - [property] scheduler failures never overwrite the last successful current activity
  ---
  duration_ms: 12254.613983
  type: 'test'
  ...
# (node:37176) ExperimentalWarning: SQLite is an experimental feature and might change at any time
# (Use `node --trace-warnings ...` to show where the warning was created)
# {"timestamp":"2026-04-22T14:41:34.937Z","level":"info","service":"my-module","event":"metric.counter","name":"pty_bridge_sessions_read_total","delta":1,"total":1,"attributes":{"route":"/api/pty/sessions","method":"GET"}}
# {"timestamp":"2026-04-22T14:41:34.937Z","level":"info","service":"my-module","event":"span.end","trace_id":"d6d333e7a0734e99958b54e53c94991d","span_id":"d6f5ff62756d42b3","parent_span_id":"fa56bb17bb5b4880","name":"pty.bridge.sessions","duration_ms":0,"status":"ok","attributes":{"http.route":"/api/pty/sessions","http.request.method":"GET","code.function":"createAppHandler","control_center.operation.duration_ms":0,"pty.session.count":1}}
# {"timestamp":"2026-04-22T14:41:34.937Z","level":"info","service":"my-module","event":"metric.histogram","name":"control_center_operation_duration_ms","value":0,"unit":"ms","attributes":{"operation":"pty.bridge.sessions","route":"/api/pty/sessions","method":"GET"}}
# {"timestamp":"2026-04-22T14:41:34.937Z","level":"info","service":"my-module","event":"control_center.operation","trace_id":"d6d333e7a0734e99958b54e53c94991d","parent_span_id":"fa56bb17bb5b4880","span_id":"d6f5ff62756d42b3","correlation_id":"025db74a-6020-46a0-b6cc-ae93d83a50ae","request_id":"025db74a-6020-46a0-b6cc-ae93d83a50ae","operation":"pty.bridge.sessions","route":"/api/pty/sessions","method":"GET","duration_ms":0,"message":"ok","pty.session.count":1}
# {"timestamp":"2026-04-22T14:41:34.952Z","level":"info","service":"my-module","event":"metric.counter","name":"pty_scheduler_start_total","delta":1,"total":1,"attributes":{"route":"/api/pty/scheduler/start","method":"POST"}}
# {"timestamp":"2026-04-22T14:41:34.952Z","level":"info","service":"my-module","event":"span.end","trace_id":"e0c8496293d7497091420d04d4e11947","span_id":"1079508ef5344a10","parent_span_id":"7d53516a5bda4f9e","name":"pty.scheduler.start","duration_ms":0,"status":"ok","attributes":{"http.route":"/api/pty/scheduler/start","http.request.method":"POST","code.function":"createAppHandler","control_center.operation.duration_ms":0,"pty.scheduler.worker_count":2}}
# {"timestamp":"2026-04-22T14:41:34.952Z","level":"info","service":"my-module","event":"metric.histogram","name":"control_center_operation_duration_ms","value":0,"unit":"ms","attributes":{"operation":"pty.scheduler.start","route":"/api/pty/scheduler/start","method":"POST"}}
# {"timestamp":"2026-04-22T14:41:34.952Z","level":"info","service":"my-module","event":"control_center.operation","trace_id":"e0c8496293d7497091420d04d4e11947","parent_span_id":"7d53516a5bda4f9e","span_id":"1079508ef5344a10","correlation_id":"e3b0c601-79db-435c-b1dc-5fa5ae568bf9","request_id":"e3b0c601-79db-435c-b1dc-5fa5ae568bf9","operation":"pty.scheduler.start","route":"/api/pty/scheduler/start","method":"POST","duration_ms":0,"message":"ok","pty.scheduler.worker_count":2}
# {"timestamp":"2026-04-22T14:41:34.960Z","level":"info","service":"my-module","event":"metric.counter","name":"pty_bridge_send_total","delta":1,"total":1,"attributes":{"route":"/api/pty/send-now","method":"POST","action":"prompt"}}
# {"timestamp":"2026-04-22T14:41:37.217Z","level":"warn","service":"my-module","event":"server.draining","reason":"test","drain_started_at":"2026-04-22T14:41:37.217Z"}
# Subtest: [scheduler current activity smoke] successful send-now selects dispatched worker as current activity
ok 132 - [scheduler current activity smoke] successful send-now selects dispatched worker as current activity
  ---
  duration_ms: 2331.258759
  type: 'test'
  ...
# {"timestamp":"2026-04-22T14:41:37.227Z","level":"info","service":"my-module","event":"metric.counter","name":"pty_bridge_sessions_read_total","delta":1,"total":2,"attributes":{"route":"/api/pty/sessions","method":"GET"}}
# {"timestamp":"2026-04-22T14:41:37.227Z","level":"info","service":"my-module","event":"span.end","trace_id":"02989afe217a4843a735d5d00c36309a","span_id":"046f9b8a0a8d4024","parent_span_id":"64907c6b1bfb4a21","name":"pty.bridge.sessions","duration_ms":0,"status":"ok","attributes":{"http.route":"/api/pty/sessions","http.request.method":"GET","code.function":"createAppHandler","control_center.operation.duration_ms":0,"pty.session.count":1}}
# {"timestamp":"2026-04-22T14:41:37.227Z","level":"info","service":"my-module","event":"metric.histogram","name":"control_center_operation_duration_ms","value":0,"unit":"ms","attributes":{"operation":"pty.bridge.sessions","route":"/api/pty/sessions","method":"GET"}}
# {"timestamp":"2026-04-22T14:41:37.227Z","level":"info","service":"my-module","event":"control_center.operation","trace_id":"02989afe217a4843a735d5d00c36309a","parent_span_id":"64907c6b1bfb4a21","span_id":"046f9b8a0a8d4024","correlation_id":"ba9fb3e1-67ed-42e3-92df-5ba233a6e561","request_id":"ba9fb3e1-67ed-42e3-92df-5ba233a6e561","operation":"pty.bridge.sessions","route":"/api/pty/sessions","method":"GET","duration_ms":0,"message":"ok","pty.session.count":1}
# {"timestamp":"2026-04-22T14:41:37.233Z","level":"info","service":"my-module","event":"metric.counter","name":"pty_scheduler_start_total","delta":1,"total":2,"attributes":{"route":"/api/pty/scheduler/start","method":"POST"}}
# {"timestamp":"2026-04-22T14:41:37.233Z","level":"info","service":"my-module","event":"span.end","trace_id":"f96ee749fa804d7f89b172ce8af19de9","span_id":"25b8ac77194c467c","parent_span_id":"3041a842af054f5d","name":"pty.scheduler.start","duration_ms":1,"status":"ok","attributes":{"http.route":"/api/pty/scheduler/start","http.request.method":"POST","code.function":"createAppHandler","control_center.operation.duration_ms":1,"pty.scheduler.worker_count":2}}
# {"timestamp":"2026-04-22T14:41:37.234Z","level":"info","service":"my-module","event":"metric.histogram","name":"control_center_operation_duration_ms","value":1,"unit":"ms","attributes":{"operation":"pty.scheduler.start","route":"/api/pty/scheduler/start","method":"POST"}}
# {"timestamp":"2026-04-22T14:41:37.234Z","level":"info","service":"my-module","event":"control_center.operation","trace_id":"f96ee749fa804d7f89b172ce8af19de9","parent_span_id":"3041a842af054f5d","span_id":"25b8ac77194c467c","correlation_id":"0ab5a891-1c4c-4b41-bf56-de321d4e13ff","request_id":"0ab5a891-1c4c-4b41-bf56-de321d4e13ff","operation":"pty.scheduler.start","route":"/api/pty/scheduler/start","method":"POST","duration_ms":1,"message":"ok","pty.scheduler.worker_count":2}
# {"timestamp":"2026-04-22T14:41:37.236Z","level":"info","service":"my-module","event":"metric.counter","name":"pty_bridge_send_total","delta":1,"total":2,"attributes":{"route":"/api/pty/send-now","method":"POST","action":"prompt"}}
# {"timestamp":"2026-04-22T14:41:37.239Z","level":"info","service":"my-module","event":"metric.counter","name":"pty_bridge_failures_total","delta":1,"total":1,"attributes":{"route":"/api/pty/send-now","method":"POST","reason":"scheduler_send_now_failed"}}
# {"timestamp":"2026-04-22T14:41:39.063Z","level":"warn","service":"my-module","event":"server.draining","reason":"test","drain_started_at":"2026-04-22T14:41:39.062Z"}
# Subtest: [scheduler current activity smoke] failed send-now keeps last successful current activity while exposing failure details
ok 133 - [scheduler current activity smoke] failed send-now keeps last successful current activity while exposing failure details
  ---
  duration_ms: 1843.407666
  type: 'test'
  ...
# {"timestamp":"2026-04-22T14:41:39.066Z","level":"info","service":"my-module","event":"metric.counter","name":"pty_bridge_sessions_read_total","delta":1,"total":3,"attributes":{"route":"/api/pty/sessions","method":"GET"}}
# {"timestamp":"2026-04-22T14:41:39.066Z","level":"info","service":"my-module","event":"span.end","trace_id":"ec0c2653463d4d25b5b31e35b0703386","span_id":"99d12ecddcca4cbc","parent_span_id":"e2975d99ed4d494e","name":"pty.bridge.sessions","duration_ms":0,"status":"ok","attributes":{"http.route":"/api/pty/sessions","http.request.method":"GET","code.function":"createAppHandler","control_center.operation.duration_ms":0,"pty.session.count":1}}
# {"timestamp":"2026-04-22T14:41:39.066Z","level":"info","service":"my-module","event":"metric.histogram","name":"control_center_operation_duration_ms","value":0,"unit":"ms","attributes":{"operation":"pty.bridge.sessions","route":"/api/pty/sessions","method":"GET"}}
# {"timestamp":"2026-04-22T14:41:39.066Z","level":"info","service":"my-module","event":"control_center.operation","trace_id":"ec0c2653463d4d25b5b31e35b0703386","parent_span_id":"e2975d99ed4d494e","span_id":"99d12ecddcca4cbc","correlation_id":"ef1320cc-1e8f-464f-9a18-60ff13d4707e","request_id":"ef1320cc-1e8f-464f-9a18-60ff13d4707e","operation":"pty.bridge.sessions","route":"/api/pty/sessions","method":"GET","duration_ms":0,"message":"ok","pty.session.count":1}
# {"timestamp":"2026-04-22T14:41:39.069Z","level":"info","service":"my-module","event":"metric.counter","name":"pty_scheduler_start_total","delta":1,"total":3,"attributes":{"route":"/api/pty/scheduler/start","method":"POST"}}
# {"timestamp":"2026-04-22T14:41:39.069Z","level":"info","service":"my-module","event":"span.end","trace_id":"6b1a304be30a4b1c980fe4d9a682777c","span_id":"09aa1e04f27c4b93","parent_span_id":"243d2e81970b4fd7","name":"pty.scheduler.start","duration_ms":1,"status":"ok","attributes":{"http.route":"/api/pty/scheduler/start","http.request.method":"POST","code.function":"createAppHandler","control_center.operation.duration_ms":1,"pty.scheduler.worker_count":2}}
# {"timestamp":"2026-04-22T14:41:39.069Z","level":"info","service":"my-module","event":"metric.histogram","name":"control_center_operation_duration_ms","value":1,"unit":"ms","attributes":{"operation":"pty.scheduler.start","route":"/api/pty/scheduler/start","method":"POST"}}
# {"timestamp":"2026-04-22T14:41:39.069Z","level":"info","service":"my-module","event":"control_center.operation","trace_id":"6b1a304be30a4b1c980fe4d9a682777c","parent_span_id":"243d2e81970b4fd7","span_id":"09aa1e04f27c4b93","correlation_id":"ac8cadde-f717-4815-947a-53267c185ff4","request_id":"ac8cadde-f717-4815-947a-53267c185ff4","operation":"pty.scheduler.start","route":"/api/pty/scheduler/start","method":"POST","duration_ms":1,"message":"ok","pty.scheduler.worker_count":2}
# {"timestamp":"2026-04-22T14:41:39.071Z","level":"info","service":"my-module","event":"metric.counter","name":"pty_bridge_send_total","delta":1,"total":3,"attributes":{"route":"/api/pty/enter-now","method":"POST","action":"enter"}}
# {"timestamp":"2026-04-22T14:41:40.691Z","level":"warn","service":"my-module","event":"server.draining","reason":"test","drain_started_at":"2026-04-22T14:41:40.691Z"}
# Subtest: [scheduler current activity smoke] targeted enter-now moves current activity to the selected worker
ok 134 - [scheduler current activity smoke] targeted enter-now moves current activity to the selected worker
  ---
  duration_ms: 1628.767672
  type: 'test'
  ...
# (node:37182) ExperimentalWarning: SQLite is an experimental feature and might change at any time
# (Use `node --trace-warnings ...` to show where the warning was created)
# {"timestamp":"2026-04-22T14:41:34.921Z","level":"info","service":"my-module","event":"metric.counter","name":"pty_bridge_sessions_read_total","delta":1,"total":1,"attributes":{"route":"/api/pty/sessions","method":"GET"}}
# {"timestamp":"2026-04-22T14:41:34.921Z","level":"info","service":"my-module","event":"span.end","trace_id":"6dda966f96bf43079ea99a21cf03eb52","span_id":"d98135ba58fd4563","parent_span_id":"29418b18c15e46b6","name":"pty.bridge.sessions","duration_ms":0,"status":"ok","attributes":{"http.route":"/api/pty/sessions","http.request.method":"GET","code.function":"createAppHandler","control_center.operation.duration_ms":0,"pty.session.count":1}}
# {"timestamp":"2026-04-22T14:41:34.921Z","level":"info","service":"my-module","event":"metric.histogram","name":"control_center_operation_duration_ms","value":0,"unit":"ms","attributes":{"operation":"pty.bridge.sessions","route":"/api/pty/sessions","method":"GET"}}
# {"timestamp":"2026-04-22T14:41:34.921Z","level":"info","service":"my-module","event":"control_center.operation","trace_id":"6dda966f96bf43079ea99a21cf03eb52","parent_span_id":"29418b18c15e46b6","span_id":"d98135ba58fd4563","correlation_id":"023ab5a3-9cde-4921-b03e-3eff8ca17833","request_id":"023ab5a3-9cde-4921-b03e-3eff8ca17833","operation":"pty.bridge.sessions","route":"/api/pty/sessions","method":"GET","duration_ms":0,"message":"ok","pty.session.count":1}
# {"timestamp":"2026-04-22T14:41:34.934Z","level":"info","service":"my-module","event":"metric.counter","name":"pty_scheduler_start_total","delta":1,"total":1,"attributes":{"route":"/api/pty/scheduler/start","method":"POST"}}
# {"timestamp":"2026-04-22T14:41:34.934Z","level":"info","service":"my-module","event":"span.end","trace_id":"44dcb3cdc28a49ef959f821ca5700bd8","span_id":"e420eb9a32674656","parent_span_id":"154a1a895cc34c80","name":"pty.scheduler.start","duration_ms":0,"status":"ok","attributes":{"http.route":"/api/pty/scheduler/start","http.request.method":"POST","code.function":"createAppHandler","control_center.operation.duration_ms":0,"pty.scheduler.worker_count":2}}
# {"timestamp":"2026-04-22T14:41:34.934Z","level":"info","service":"my-module","event":"metric.histogram","name":"control_center_operation_duration_ms","value":0,"unit":"ms","attributes":{"operation":"pty.scheduler.start","route":"/api/pty/scheduler/start","method":"POST"}}
# {"timestamp":"2026-04-22T14:41:34.934Z","level":"info","service":"my-module","event":"control_center.operation","trace_id":"44dcb3cdc28a49ef959f821ca5700bd8","parent_span_id":"154a1a895cc34c80","span_id":"e420eb9a32674656","correlation_id":"9316e454-f7c3-4e6f-a785-4fde0b6f5c2a","request_id":"9316e454-f7c3-4e6f-a785-4fde0b6f5c2a","operation":"pty.scheduler.start","route":"/api/pty/scheduler/start","method":"POST","duration_ms":0,"message":"ok","pty.scheduler.worker_count":2}
# {"timestamp":"2026-04-22T14:41:34.944Z","level":"info","service":"my-module","event":"metric.counter","name":"pty_bridge_send_total","delta":1,"total":1,"attributes":{"route":"/api/pty/send-now","method":"POST","action":"prompt"}}
# {"timestamp":"2026-04-22T14:41:37.287Z","level":"warn","service":"my-module","event":"server.draining","reason":"test","drain_started_at":"2026-04-22T14:41:37.287Z"}
# Subtest: [adversarial scheduler state smoke] invalid send-now index keeps last successful current activity
ok 135 - [adversarial scheduler state smoke] invalid send-now index keeps last successful current activity
  ---
  duration_ms: 2403.487423
  type: 'test'
  ...
# {"timestamp":"2026-04-22T14:41:37.296Z","level":"info","service":"my-module","event":"metric.counter","name":"pty_bridge_sessions_read_total","delta":1,"total":2,"attributes":{"route":"/api/pty/sessions","method":"GET"}}
# {"timestamp":"2026-04-22T14:41:37.296Z","level":"info","service":"my-module","event":"span.end","trace_id":"396e99153a07400593b722e173f0b561","span_id":"a39f0b4fc16640eb","parent_span_id":"5197dec19f554d55","name":"pty.bridge.sessions","duration_ms":0,"status":"ok","attributes":{"http.route":"/api/pty/sessions","http.request.method":"GET","code.function":"createAppHandler","control_center.operation.duration_ms":0,"pty.session.count":1}}
# {"timestamp":"2026-04-22T14:41:37.296Z","level":"info","service":"my-module","event":"metric.histogram","name":"control_center_operation_duration_ms","value":0,"unit":"ms","attributes":{"operation":"pty.bridge.sessions","route":"/api/pty/sessions","method":"GET"}}
# {"timestamp":"2026-04-22T14:41:37.296Z","level":"info","service":"my-module","event":"control_center.operation","trace_id":"396e99153a07400593b722e173f0b561","parent_span_id":"5197dec19f554d55","span_id":"a39f0b4fc16640eb","correlation_id":"8ec1de97-6bf3-4c61-8e25-327830ded48b","request_id":"8ec1de97-6bf3-4c61-8e25-327830ded48b","operation":"pty.bridge.sessions","route":"/api/pty/sessions","method":"GET","duration_ms":0,"message":"ok","pty.session.count":1}
# {"timestamp":"2026-04-22T14:41:37.301Z","level":"info","service":"my-module","event":"metric.counter","name":"pty_scheduler_start_total","delta":1,"total":2,"attributes":{"route":"/api/pty/scheduler/start","method":"POST"}}
# {"timestamp":"2026-04-22T14:41:37.301Z","level":"info","service":"my-module","event":"span.end","trace_id":"7f13b56cd8284ac5abddabee327a0436","span_id":"58a43b7ba71e4554","parent_span_id":"edb2c0ca990b45a7","name":"pty.scheduler.start","duration_ms":0,"status":"ok","attributes":{"http.route":"/api/pty/scheduler/start","http.request.method":"POST","code.function":"createAppHandler","control_center.operation.duration_ms":0,"pty.scheduler.worker_count":2}}
# {"timestamp":"2026-04-22T14:41:37.301Z","level":"info","service":"my-module","event":"metric.histogram","name":"control_center_operation_duration_ms","value":0,"unit":"ms","attributes":{"operation":"pty.scheduler.start","route":"/api/pty/scheduler/start","method":"POST"}}
# {"timestamp":"2026-04-22T14:41:37.301Z","level":"info","service":"my-module","event":"control_center.operation","trace_id":"7f13b56cd8284ac5abddabee327a0436","parent_span_id":"edb2c0ca990b45a7","span_id":"58a43b7ba71e4554","correlation_id":"bba250b5-a252-4857-a105-b69786b03c6d","request_id":"bba250b5-a252-4857-a105-b69786b03c6d","operation":"pty.scheduler.start","route":"/api/pty/scheduler/start","method":"POST","duration_ms":0,"message":"ok","pty.scheduler.worker_count":2}
# {"timestamp":"2026-04-22T14:41:37.304Z","level":"info","service":"my-module","event":"metric.counter","name":"pty_bridge_send_total","delta":1,"total":2,"attributes":{"route":"/api/pty/send-now","method":"POST","action":"prompt"}}
# {"timestamp":"2026-04-22T14:41:39.138Z","level":"warn","service":"my-module","event":"server.draining","reason":"test","drain_started_at":"2026-04-22T14:41:39.138Z"}
# Subtest: [adversarial scheduler state smoke] invalid enter-now index keeps last successful current activity
ok 136 - [adversarial scheduler state smoke] invalid enter-now index keeps last successful current activity
  ---
  duration_ms: 1849.751724
  type: 'test'
  ...
# {"timestamp":"2026-04-22T14:41:39.142Z","level":"info","service":"my-module","event":"metric.counter","name":"pty_bridge_sessions_read_total","delta":1,"total":3,"attributes":{"route":"/api/pty/sessions","method":"GET"}}
# {"timestamp":"2026-04-22T14:41:39.142Z","level":"info","service":"my-module","event":"span.end","trace_id":"f732d5cb29534b94aa3423beb7f62adf","span_id":"3de6825f7a184534","parent_span_id":"5dca27f8dcbe47b8","name":"pty.bridge.sessions","duration_ms":0,"status":"ok","attributes":{"http.route":"/api/pty/sessions","http.request.method":"GET","code.function":"createAppHandler","control_center.operation.duration_ms":0,"pty.session.count":1}}
# {"timestamp":"2026-04-22T14:41:39.142Z","level":"info","service":"my-module","event":"metric.histogram","name":"control_center_operation_duration_ms","value":0,"unit":"ms","attributes":{"operation":"pty.bridge.sessions","route":"/api/pty/sessions","method":"GET"}}
# {"timestamp":"2026-04-22T14:41:39.142Z","level":"info","service":"my-module","event":"control_center.operation","trace_id":"f732d5cb29534b94aa3423beb7f62adf","parent_span_id":"5dca27f8dcbe47b8","span_id":"3de6825f7a184534","correlation_id":"0ad1f3b9-9c66-4077-9f21-8185d793277e","request_id":"0ad1f3b9-9c66-4077-9f21-8185d793277e","operation":"pty.bridge.sessions","route":"/api/pty/sessions","method":"GET","duration_ms":0,"message":"ok","pty.session.count":1}
# {"timestamp":"2026-04-22T14:41:39.145Z","level":"info","service":"my-module","event":"metric.counter","name":"pty_scheduler_start_total","delta":1,"total":3,"attributes":{"route":"/api/pty/scheduler/start","method":"POST"}}
# {"timestamp":"2026-04-22T14:41:39.145Z","level":"info","service":"my-module","event":"span.end","trace_id":"d3081df5ac9c49ae8a9b5d7fe6c16b22","span_id":"3be338d9836d4ea9","parent_span_id":"3a1277fbccfc4722","name":"pty.scheduler.start","duration_ms":0,"status":"ok","attributes":{"http.route":"/api/pty/scheduler/start","http.request.method":"POST","code.function":"createAppHandler","control_center.operation.duration_ms":0,"pty.scheduler.worker_count":2}}
# {"timestamp":"2026-04-22T14:41:39.145Z","level":"info","service":"my-module","event":"metric.histogram","name":"control_center_operation_duration_ms","value":0,"unit":"ms","attributes":{"operation":"pty.scheduler.start","route":"/api/pty/scheduler/start","method":"POST"}}
# {"timestamp":"2026-04-22T14:41:39.145Z","level":"info","service":"my-module","event":"control_center.operation","trace_id":"d3081df5ac9c49ae8a9b5d7fe6c16b22","parent_span_id":"3a1277fbccfc4722","span_id":"3be338d9836d4ea9","correlation_id":"a2d0364c-6dcb-48da-a930-245bf0fcc412","request_id":"a2d0364c-6dcb-48da-a930-245bf0fcc412","operation":"pty.scheduler.start","route":"/api/pty/scheduler/start","method":"POST","duration_ms":0,"message":"ok","pty.scheduler.worker_count":2}
# {"timestamp":"2026-04-22T14:41:39.147Z","level":"info","service":"my-module","event":"metric.counter","name":"pty_bridge_send_total","delta":1,"total":3,"attributes":{"route":"/api/pty/send-now","method":"POST","action":"prompt"}}
# {"timestamp":"2026-04-22T14:41:40.733Z","level":"warn","service":"my-module","event":"server.draining","reason":"test","drain_started_at":"2026-04-22T14:41:40.733Z"}
# Subtest: [adversarial scheduler state smoke] invalid send-now idempotency replay preserves failure surface and current activity
ok 137 - [adversarial scheduler state smoke] invalid send-now idempotency replay preserves failure surface and current activity
  ---
  duration_ms: 1594.577206
  type: 'test'
  ...
# (node:37253) ExperimentalWarning: SQLite is an experimental feature and might change at any time
# (Use `node --trace-warnings ...` to show where the warning was created)
# {"timestamp":"2026-04-22T14:41:35.123Z","level":"info","service":"my-module","event":"metric.counter","name":"http_requests_total","delta":1,"total":1,"attributes":{"route":"/livez","method":"GET"}}
# {"timestamp":"2026-04-22T14:41:35.123Z","level":"info","service":"my-module","event":"span.end","trace_id":"4bf92f3577b34da6a3ce929d0e0e4736","span_id":"1c84b91382e0469e","parent_span_id":"00f067aa0ba902b7","name":"http.GET /livez","duration_ms":0,"status":"ok","attributes":{"http.method":"GET","http.route":"/livez"}}
# {"timestamp":"2026-04-22T14:41:35.127Z","level":"info","service":"my-module","event":"metric.counter","name":"http_requests_total","delta":1,"total":2,"attributes":{"route":"/startupz","method":"GET"}}
# {"timestamp":"2026-04-22T14:41:35.127Z","level":"info","service":"my-module","event":"span.end","trace_id":"32ccb24f5d764248bd90b4a45bd74a81","span_id":"aae831105796447d","parent_span_id":null,"name":"http.GET /startupz","duration_ms":0,"status":"ok","attributes":{"http.method":"GET","http.route":"/startupz"}}
# {"timestamp":"2026-04-22T14:41:35.128Z","level":"info","service":"my-module","event":"metric.counter","name":"http_requests_total","delta":1,"total":3,"attributes":{"route":"/readyz","method":"GET","status":200}}
# {"timestamp":"2026-04-22T14:41:35.128Z","level":"info","service":"my-module","event":"span.end","trace_id":"ae031b3ac4804f429cafb103295cf382","span_id":"eda87675f9324522","parent_span_id":null,"name":"http.GET /readyz","duration_ms":0,"status":"ok","attributes":{"http.method":"GET","http.route":"/readyz","http.status_code":200}}
# {"timestamp":"2026-04-22T14:41:35.130Z","level":"info","service":"my-module","event":"metric.counter","name":"http_requests_total","delta":1,"total":4,"attributes":{"route":"/health","method":"GET"}}
# {"timestamp":"2026-04-22T14:41:35.130Z","level":"info","service":"my-module","event":"span.end","trace_id":"9ba61e83e42841baa2be68880ba6893f","span_id":"603becde88544b06","parent_span_id":null,"name":"http.GET /health","duration_ms":0,"status":"ok","attributes":{"http.method":"GET","http.route":"/health"}}
# {"timestamp":"2026-04-22T14:41:35.140Z","level":"warn","service":"my-module","event":"server.draining","reason":"smoke-test","drain_started_at":"2026-04-22T14:41:35.139Z"}
# Subtest: [server wiring smoke] probe endpoints and task flow succeed over HTTP transport
ok 138 - [server wiring smoke] probe endpoints and task flow succeed over HTTP transport
  ---
  duration_ms: 30.759588
  type: 'test'
  ...
# {"timestamp":"2026-04-22T14:41:35.146Z","level":"info","service":"my-module","event":"metric.counter","name":"http_requests_total","delta":1,"total":5,"attributes":{"route":"/readyz","method":"GET","status":503}}
# {"timestamp":"2026-04-22T14:41:35.149Z","level":"info","service":"my-module","event":"span.end","trace_id":"282638eefb39443b8b5f3896c55c73a1","span_id":"629f91756d054429","parent_span_id":null,"name":"http.GET /readyz","duration_ms":3,"status":"error","attributes":{"http.method":"GET","http.route":"/readyz","http.status_code":503}}
# {"timestamp":"2026-04-22T14:41:35.151Z","level":"info","service":"my-module","event":"metric.counter","name":"http_errors_total","delta":1,"total":1,"attributes":{"route":"/tasks","method":"GET","status":503}}
# {"timestamp":"2026-04-22T14:41:35.152Z","level":"info","service":"my-module","event":"metric.histogram","name":"http_duration_ms","value":0,"unit":"ms","attributes":{"route":"/tasks","error":true}}
# {"timestamp":"2026-04-22T14:41:35.152Z","level":"info","service":"my-module","event":"span.end","trace_id":"aac66b741a6e41a594cdf48122f2900f","span_id":"18b0b97fa6a54bb3","parent_span_id":null,"name":"http.GET /tasks","duration_ms":1,"status":"error","attributes":{"http.method":"GET","http.route":"/tasks","http.status_code":503,"exception.type":"Error","exception.message":"Server is draining and not accepting new requests"}}
# {"timestamp":"2026-04-22T14:41:35.152Z","level":"error","service":"my-module","event":"http.error","trace_id":"aac66b741a6e41a594cdf48122f2900f","correlation_id":"2cb9bac1-34c3-4a1e-a414-452be8269416","route":"/tasks","status":503,"message":"Server is draining and not accepting new requests"}
# Subtest: [server wiring smoke] drain mode flips readiness and rejects business traffic
ok 139 - [server wiring smoke] drain mode flips readiness and rejects business traffic
  ---
  duration_ms: 14.720166
  type: 'test'
  ...
# {"timestamp":"2026-04-22T14:41:35.159Z","level":"info","service":"my-module","event":"metric.counter","name":"http_errors_total","delta":1,"total":2,"attributes":{"route":"/tasks","method":"POST","status":413}}
# {"timestamp":"2026-04-22T14:41:35.159Z","level":"info","service":"my-module","event":"metric.histogram","name":"http_duration_ms","value":1,"unit":"ms","attributes":{"route":"/tasks","error":true}}
# {"timestamp":"2026-04-22T14:41:35.159Z","level":"info","service":"my-module","event":"span.end","trace_id":"de9b9edc69614864a975e3b289311da4","span_id":"e14bb327de06429f","parent_span_id":null,"name":"http.POST /tasks","duration_ms":1,"status":"error","attributes":{"http.method":"POST","http.route":"/tasks","http.status_code":413,"exception.type":"Error","exception.message":"Request body exceeds 24 bytes"}}
# {"timestamp":"2026-04-22T14:41:35.159Z","level":"error","service":"my-module","event":"http.error","trace_id":"de9b9edc69614864a975e3b289311da4","correlation_id":"e6a93605-6df2-48fc-a2f3-34e479bfdf9f","route":"/tasks","status":413,"message":"Request body exceeds 24 bytes"}
# Subtest: [server wiring smoke] body limit returns 413 over HTTP transport
ok 140 - [server wiring smoke] body limit returns 413 over HTTP transport
  ---
  duration_ms: 7.071406
  type: 'test'
  ...
# {"timestamp":"2026-04-22T14:41:35.183Z","level":"info","service":"my-module","event":"metric.counter","name":"http_errors_total","delta":1,"total":3,"attributes":{"route":"/tasks","method":"POST","status":408}}
# {"timestamp":"2026-04-22T14:41:35.184Z","level":"info","service":"my-module","event":"metric.histogram","name":"http_duration_ms","value":22,"unit":"ms","attributes":{"route":"/tasks","error":true}}
# {"timestamp":"2026-04-22T14:41:35.184Z","level":"info","service":"my-module","event":"span.end","trace_id":"b9224c8aaaca43958baf1158660ba99e","span_id":"803f4c6f63b642fc","parent_span_id":null,"name":"http.POST /tasks","duration_ms":22,"status":"error","attributes":{"http.method":"POST","http.route":"/tasks","http.status_code":408,"exception.type":"Error","exception.message":"Request body was not fully received within 20ms"}}
# {"timestamp":"2026-04-22T14:41:35.184Z","level":"error","service":"my-module","event":"http.error","trace_id":"b9224c8aaaca43958baf1158660ba99e","correlation_id":"6002bf59-88dc-478f-88c9-9fdf6f3cd63d","route":"/tasks","status":408,"message":"Request body was not fully received within 20ms"}
# Subtest: [server wiring smoke] slow request body returns 408 over HTTP transport
ok 141 - [server wiring smoke] slow request body returns 408 over HTTP transport
  ---
  duration_ms: 25.949032
  type: 'test'
  ...
# {"timestamp":"2026-04-22T14:41:35.190Z","level":"info","service":"my-module","event":"metric.counter","name":"http_errors_total","delta":1,"total":4,"attributes":{"route":"/tasks/task-1776868895188-2","method":"GET","status":429}}
# {"timestamp":"2026-04-22T14:41:35.190Z","level":"info","service":"my-module","event":"metric.histogram","name":"http_duration_ms","value":0,"unit":"ms","attributes":{"route":"/tasks/task-1776868895188-2","error":true}}
# {"timestamp":"2026-04-22T14:41:35.190Z","level":"info","service":"my-module","event":"span.end","trace_id":"59fb720f15dd4199a3183ceb1bf4d923","span_id":"192da276232f4d5f","parent_span_id":null,"name":"http.GET /tasks/task-1776868895188-2","duration_ms":0,"status":"error","attributes":{"http.method":"GET","http.route":"/tasks/task-1776868895188-2","http.status_code":429,"exception.type":"Error","exception.message":"Rate limit exceeded for this caller"}}
# {"timestamp":"2026-04-22T14:41:35.190Z","level":"error","service":"my-module","event":"http.error","trace_id":"59fb720f15dd4199a3183ceb1bf4d923","correlation_id":"975d8293-e777-452d-b303-4a768388ff9e","route":"/tasks/task-1776868895188-2","status":429,"message":"Rate limit exceeded for this caller"}
# Subtest: [server wiring smoke] rate limit returns 429 with retry headers
ok 142 - [server wiring smoke] rate limit returns 429 with retry headers
  ---
  duration_ms: 7.73978
  type: 'test'
  ...
# {"timestamp":"2026-04-22T14:41:35.200Z","level":"info","service":"my-module","event":"metric.counter","name":"http_errors_total","delta":1,"total":5,"attributes":{"route":"/tasks","method":"POST","status":422}}
# {"timestamp":"2026-04-22T14:41:35.200Z","level":"info","service":"my-module","event":"metric.histogram","name":"http_duration_ms","value":0,"unit":"ms","attributes":{"route":"/tasks","error":true}}
# {"timestamp":"2026-04-22T14:41:35.200Z","level":"info","service":"my-module","event":"span.end","trace_id":"39e7d8d997924e34bc0b1f76893d08f0","span_id":"ecf0d269a32d425e","parent_span_id":null,"name":"http.POST /tasks","duration_ms":0,"status":"error","attributes":{"http.method":"POST","http.route":"/tasks","http.status_code":422,"exception.type":"Error","exception.message":"Idempotency-Key reuse detected with a different request payload"}}
# {"timestamp":"2026-04-22T14:41:35.200Z","level":"error","service":"my-module","event":"http.error","trace_id":"39e7d8d997924e34bc0b1f76893d08f0","correlation_id":"3f5344be-6bcc-4832-bda7-cfc51c430398","route":"/tasks","status":422,"message":"Idempotency-Key reuse detected with a different request payload"}
# Subtest: [server wiring smoke] POST idempotency replays identical task create and rejects mismatched reuse
ok 143 - [server wiring smoke] POST idempotency replays identical task create and rejects mismatched reuse
  ---
  duration_ms: 7.076382
  type: 'test'
  ...
# Subtest: [server wiring smoke] billing permission denial survives HTTP transport
ok 144 - [server wiring smoke] billing permission denial survives HTTP transport
  ---
  duration_ms: 2.726175
  type: 'test'
  ...
# Subtest: [server wiring smoke] video flow succeeds over HTTP transport and preserves zero-valued fields
ok 145 - [server wiring smoke] video flow succeeds over HTTP transport and preserves zero-valued fields
  ---
  duration_ms: 7.089483
  type: 'test'
  ...
# Subtest: [server wiring smoke] disabled task-management flag returns 404 over HTTP transport
ok 146 - [server wiring smoke] disabled task-management flag returns 404 over HTTP transport
  ---
  duration_ms: 3.404888
  type: 'test'
  ...
# Subtest: [server wiring smoke] disabled video transcode flag returns 404 over HTTP transport
ok 147 - [server wiring smoke] disabled video transcode flag returns 404 over HTTP transport
  ---
  duration_ms: 3.725914
  type: 'test'
  ...
# {"timestamp":"2026-04-22T14:41:35.220Z","level":"info","service":"my-module","event":"metric.counter","name":"http_requests_total","delta":1,"total":6,"attributes":{"route":"/unknown-route","method":"GET","status":404}}
# {"timestamp":"2026-04-22T14:41:35.220Z","level":"info","service":"my-module","event":"metric.histogram","name":"http_duration_ms","value":0,"unit":"ms","attributes":{"route":"/unknown-route"}}
# {"timestamp":"2026-04-22T14:41:35.220Z","level":"info","service":"my-module","event":"span.end","trace_id":"2c3c71dcb1a64dbf92fca81f9f9252aa","span_id":"afd592fffa4c4b58","parent_span_id":null,"name":"http.GET /unknown-route","duration_ms":0,"status":"error","attributes":{"http.method":"GET","http.route":"/unknown-route","http.status_code":404}}
# Subtest: [server wiring smoke] unknown route returns RFC 9457 content type over HTTP transport
ok 148 - [server wiring smoke] unknown route returns RFC 9457 content type over HTTP transport
  ---
  duration_ms: 3.534232
  type: 'test'
  ...
# Subtest: [session bootstrap smoke] bootstrap summary narrows session reads, commands, and prompt seed
ok 149 - [session bootstrap smoke] bootstrap summary narrows session reads, commands, and prompt seed
  ---
  duration_ms: 875.461339
  type: 'test'
  ...
# (node:37313) ExperimentalWarning: SQLite is an experimental feature and might change at any time
# (Use `node --trace-warnings ...` to show where the warning was created)
# {"timestamp":"2026-04-22T14:41:35.896Z","level":"info","service":"my-module","event":"span.end","trace_id":"0194d9a237cf41e99d2ae7a403738d91","span_id":"b2c2086504ec4e2a","parent_span_id":"d782e0bb85814b18","name":"planning_studio.stage_run","duration_ms":554,"status":"ok","attributes":{"http.route":"/api/planning-studio/stage-run","http.request.method":"POST","code.function":"createAppHandler","control_center.operation.duration_ms":554,"stage_run.stage":"D","stage_run.module":"task-management","stage_run.mode":"dry-run","stage_run.status":"ready","stage_run.report_saved":true,"stage_run.release_evidence.generated":false}}
# {"timestamp":"2026-04-22T14:41:35.896Z","level":"info","service":"my-module","event":"metric.histogram","name":"control_center_operation_duration_ms","value":554,"unit":"ms","attributes":{"operation":"planning_studio.stage_run","route":"/api/planning-studio/stage-run","method":"POST"}}
# {"timestamp":"2026-04-22T14:41:35.896Z","level":"info","service":"my-module","event":"control_center.operation","trace_id":"0194d9a237cf41e99d2ae7a403738d91","parent_span_id":"d782e0bb85814b18","span_id":"b2c2086504ec4e2a","correlation_id":"a3007457-cbb4-4a1d-aeb1-762e933815f7","request_id":"a3007457-cbb4-4a1d-aeb1-762e933815f7","operation":"planning_studio.stage_run","route":"/api/planning-studio/stage-run","method":"POST","duration_ms":554,"message":"ok","stage_run.stage":"D","stage_run.module":"task-management","stage_run.mode":"dry-run","stage_run.status":"ready","stage_run.report_saved":true,"stage_run.release_evidence.generated":false}
# {"timestamp":"2026-04-22T14:41:35.897Z","level":"info","service":"my-module","event":"metric.counter","name":"stage_run_report_saved_total","delta":1,"total":1,"attributes":{"route":"/api/planning-studio/stage-run","method":"POST","stage":"D","module":"task-management","mode":"dry-run"}}
# {"timestamp":"2026-04-22T14:41:35.897Z","level":"info","service":"my-module","event":"stage_run.save_ok","correlation_id":"a3007457-cbb4-4a1d-aeb1-762e933815f7","request_id":"a3007457-cbb4-4a1d-aeb1-762e933815f7","stage":"D","module":"task-management"}
# {"timestamp":"2026-04-22T14:41:36.137Z","level":"warn","service":"my-module","event":"server.draining","reason":"manual","drain_started_at":"2026-04-22T14:41:36.137Z"}
# Subtest: [stage run smoke] POST /api/planning-studio/stage-run returns dry-run report and replays idempotently
not ok 150 - [stage run smoke] POST /api/planning-studio/stage-run returns dry-run report and replays idempotently
  ---
  duration_ms: 818.458424
  type: 'test'
  location: '/root/workspace/my-module/src/tests/smoke/stageRun.smoke.test.js:44:1'
  failureType: 'testCodeFailure'
  error: |-
    Expected values to be strictly equal:
    + actual - expected
    
    + 'not-requested'
    - 'dry-run-only'
    
  code: 'ERR_ASSERTION'
  name: 'AssertionError'
  expected: 'dry-run-only'
  actual: 'not-requested'
  operator: 'strictEqual'
  stack: |-
    TestContext.<anonymous> (/root/workspace/my-module/src/tests/smoke/stageRun.smoke.test.js:125:12)
    process.processTicksAndRejections (node:internal/process/task_queues:103:5)
    async Test.run (node:internal/test_runner/test:1054:7)
    async startSubtestAfterBootstrap (node:internal/test_runner/harness:296:3)
  ...
# Subtest: [stage run smoke] runStage execute mode returns PASS and FAIL reports from command outcomes
ok 151 - [stage run smoke] runStage execute mode returns PASS and FAIL reports from command outcomes
  ---
  duration_ms: 411.672473
  type: 'test'
  ...
# {"timestamp":"2026-04-22T14:41:36.561Z","level":"info","service":"my-module","event":"span.end","trace_id":"0c03e30ab41341d8af42b9ec986c0640","span_id":"79a7b76f41a94acf","parent_span_id":"fb5ce4a98a2044ed","name":"planning_studio.stage_run","duration_ms":1,"status":"error","attributes":{"http.route":"/api/planning-studio/stage-run","http.request.method":"POST","code.function":"createAppHandler","exception.type":"Error","exception.message":"stage must be one of A, B, C, D, E","control_center.operation.duration_ms":0,"stage_run.reason":"invalid_stage","stage_run.stage":"Z"}}
# {"timestamp":"2026-04-22T14:41:36.561Z","level":"info","service":"my-module","event":"metric.histogram","name":"control_center_operation_duration_ms","value":0,"unit":"ms","attributes":{"operation":"planning_studio.stage_run","route":"/api/planning-studio/stage-run","method":"POST","error":true}}
# {"timestamp":"2026-04-22T14:41:36.561Z","level":"info","service":"my-module","event":"control_center.operation.failed","trace_id":"0c03e30ab41341d8af42b9ec986c0640","parent_span_id":"fb5ce4a98a2044ed","span_id":"79a7b76f41a94acf","correlation_id":"afd1cbc1-a234-4d62-bdc4-d919a26b2d8a","request_id":"afd1cbc1-a234-4d62-bdc4-d919a26b2d8a","operation":"planning_studio.stage_run","route":"/api/planning-studio/stage-run","method":"POST","duration_ms":0,"error_message":"stage must be one of A, B, C, D, E","stage_run.reason":"invalid_stage","stage_run.stage":"Z"}
# {"timestamp":"2026-04-22T14:41:36.562Z","level":"warn","service":"my-module","event":"server.draining","reason":"manual","drain_started_at":"2026-04-22T14:41:36.562Z"}
# Subtest: [stage run smoke] POST /api/planning-studio/stage-run returns RFC 7807 400 on invalid stage name
ok 152 - [stage run smoke] POST /api/planning-studio/stage-run returns RFC 7807 400 on invalid stage name
  ---
  duration_ms: 7.743424
  type: 'test'
  ...
# {"timestamp":"2026-04-22T14:41:36.565Z","level":"info","service":"my-module","event":"span.end","trace_id":"f5ea1eaead824e8ebf56fe3ee05250f6","span_id":"42fa722a007d4cc1","parent_span_id":"309a4d2d0e914926","name":"planning_studio.stage_run","duration_ms":0,"status":"error","attributes":{"http.route":"/api/planning-studio/stage-run","http.request.method":"POST","code.function":"createAppHandler","exception.type":"Error","exception.message":"module must match ^[a-z][a-z0-9-]{0,62}$","control_center.operation.duration_ms":0,"stage_run.reason":"invalid_module","stage_run.module":"INVALID MODULE!"}}
# {"timestamp":"2026-04-22T14:41:36.566Z","level":"info","service":"my-module","event":"metric.histogram","name":"control_center_operation_duration_ms","value":0,"unit":"ms","attributes":{"operation":"planning_studio.stage_run","route":"/api/planning-studio/stage-run","method":"POST","error":true}}
# {"timestamp":"2026-04-22T14:41:36.566Z","level":"info","service":"my-module","event":"control_center.operation.failed","trace_id":"f5ea1eaead824e8ebf56fe3ee05250f6","parent_span_id":"309a4d2d0e914926","span_id":"42fa722a007d4cc1","correlation_id":"e25a69c6-e91c-4e1f-839a-897f3ddef28e","request_id":"e25a69c6-e91c-4e1f-839a-897f3ddef28e","operation":"planning_studio.stage_run","route":"/api/planning-studio/stage-run","method":"POST","duration_ms":0,"error_message":"module must match ^[a-z][a-z0-9-]{0,62}$","stage_run.reason":"invalid_module","stage_run.module":"INVALID MODULE!"}
# {"timestamp":"2026-04-22T14:41:36.567Z","level":"warn","service":"my-module","event":"server.draining","reason":"manual","drain_started_at":"2026-04-22T14:41:36.567Z"}
# Subtest: [stage run smoke] POST /api/planning-studio/stage-run returns RFC 7807 400 on invalid module pattern
ok 153 - [stage run smoke] POST /api/planning-studio/stage-run returns RFC 7807 400 on invalid module pattern
  ---
  duration_ms: 4.802597
  type: 'test'
  ...
# {"timestamp":"2026-04-22T14:41:36.569Z","level":"info","service":"my-module","event":"span.end","trace_id":"87ca8df48d254db59a3cfe288934c2e7","span_id":"082240fdc2ba4b6f","parent_span_id":"e531c764f36a4100","name":"planning_studio.stage_run","duration_ms":0,"status":"error","attributes":{"http.route":"/api/planning-studio/stage-run","http.request.method":"POST","code.function":"createAppHandler","exception.type":"Error","exception.message":"stage execute 모드는 system.admin 권한이 필요합니다.","control_center.operation.duration_ms":0,"stage_run.reason":"forbidden_execute","stage_run.stage":"D"}}
# {"timestamp":"2026-04-22T14:41:36.569Z","level":"info","service":"my-module","event":"metric.histogram","name":"control_center_operation_duration_ms","value":0,"unit":"ms","attributes":{"operation":"planning_studio.stage_run","route":"/api/planning-studio/stage-run","method":"POST","error":true}}
# {"timestamp":"2026-04-22T14:41:36.569Z","level":"info","service":"my-module","event":"control_center.operation.failed","trace_id":"87ca8df48d254db59a3cfe288934c2e7","parent_span_id":"e531c764f36a4100","span_id":"082240fdc2ba4b6f","correlation_id":"8488a3c0-2f5f-4b02-99bc-0679d44dbc52","request_id":"8488a3c0-2f5f-4b02-99bc-0679d44dbc52","operation":"planning_studio.stage_run","route":"/api/planning-studio/stage-run","method":"POST","duration_ms":0,"error_message":"stage execute 모드는 system.admin 권한이 필요합니다.","stage_run.reason":"forbidden_execute","stage_run.stage":"D"}
# {"timestamp":"2026-04-22T14:41:37.082Z","level":"info","service":"my-module","event":"span.end","trace_id":"43553d35960f437daa277d57f57441db","span_id":"415e7ea885a446e0","parent_span_id":"266e4cb448fe4576","name":"planning_studio.stage_run","duration_ms":512,"status":"ok","attributes":{"http.route":"/api/planning-studio/stage-run","http.request.method":"POST","code.function":"createAppHandler","control_center.operation.duration_ms":512,"stage_run.stage":"D","stage_run.module":"all","stage_run.mode":"dry-run","stage_run.status":"ready","stage_run.report_saved":true,"stage_run.release_evidence.generated":false}}
# {"timestamp":"2026-04-22T14:41:37.083Z","level":"info","service":"my-module","event":"metric.histogram","name":"control_center_operation_duration_ms","value":512,"unit":"ms","attributes":{"operation":"planning_studio.stage_run","route":"/api/planning-studio/stage-run","method":"POST"}}
# {"timestamp":"2026-04-22T14:41:37.083Z","level":"info","service":"my-module","event":"control_center.operation","trace_id":"43553d35960f437daa277d57f57441db","parent_span_id":"266e4cb448fe4576","span_id":"415e7ea885a446e0","correlation_id":"893edc1b-2939-4a87-b672-4e946543b568","request_id":"893edc1b-2939-4a87-b672-4e946543b568","operation":"planning_studio.stage_run","route":"/api/planning-studio/stage-run","method":"POST","duration_ms":512,"message":"ok","stage_run.stage":"D","stage_run.module":"all","stage_run.mode":"dry-run","stage_run.status":"ready","stage_run.report_saved":true,"stage_run.release_evidence.generated":false}
# {"timestamp":"2026-04-22T14:41:37.083Z","level":"info","service":"my-module","event":"metric.counter","name":"stage_run_report_saved_total","delta":1,"total":2,"attributes":{"route":"/api/planning-studio/stage-run","method":"POST","stage":"D","module":"all","mode":"dry-run"}}
# {"timestamp":"2026-04-22T14:41:37.083Z","level":"info","service":"my-module","event":"stage_run.save_ok","correlation_id":"893edc1b-2939-4a87-b672-4e946543b568","request_id":"893edc1b-2939-4a87-b672-4e946543b568","stage":"D","module":""}
# {"timestamp":"2026-04-22T14:41:37.084Z","level":"warn","service":"my-module","event":"server.draining","reason":"manual","drain_started_at":"2026-04-22T14:41:37.084Z"}
# Subtest: [stage run smoke] POST /api/planning-studio/stage-run execute mode returns RFC 7807 403 without system.admin
ok 154 - [stage run smoke] POST /api/planning-studio/stage-run execute mode returns RFC 7807 403 without system.admin
  ---
  duration_ms: 517.08082
  type: 'test'
  ...
# (node:37315) ExperimentalWarning: SQLite is an experimental feature and might change at any time
# (Use `node --trace-warnings ...` to show where the warning was created)
# {"timestamp":"2026-04-22T14:41:35.345Z","level":"info","service":"my-module","event":"metric.counter","name":"stage_run_release_evidence_generated_total","delta":1,"total":1,"attributes":{"route":"/api/planning-studio/stage-run","method":"POST","stage":"D","module":"task-management"}}
# {"timestamp":"2026-04-22T14:41:35.346Z","level":"info","service":"my-module","event":"stage_run.release_evidence_ok","correlation_id":"4c2e0a80-f408-43b0-b568-ebd6897cbd5d","request_id":"4c2e0a80-f408-43b0-b568-ebd6897cbd5d","stage":"D","module":"task-management"}
# {"timestamp":"2026-04-22T14:41:35.346Z","level":"info","service":"my-module","event":"span.end","trace_id":"cd6a60c7c2ec40f79316735a266a523c","span_id":"d2f7d9ebf87f422b","parent_span_id":"599d5a3442aa436d","name":"planning_studio.stage_run","duration_ms":1,"status":"ok","attributes":{"http.route":"/api/planning-studio/stage-run","http.request.method":"POST","code.function":"createAppHandler","control_center.operation.duration_ms":1,"stage_run.stage":"D","stage_run.module":"task-management","stage_run.mode":"execute","stage_run.status":"pass","stage_run.report_saved":true,"stage_run.release_evidence.generated":true}}
# {"timestamp":"2026-04-22T14:41:35.346Z","level":"info","service":"my-module","event":"metric.histogram","name":"control_center_operation_duration_ms","value":1,"unit":"ms","attributes":{"operation":"planning_studio.stage_run","route":"/api/planning-studio/stage-run","method":"POST"}}
# {"timestamp":"2026-04-22T14:41:35.346Z","level":"info","service":"my-module","event":"control_center.operation","trace_id":"cd6a60c7c2ec40f79316735a266a523c","parent_span_id":"599d5a3442aa436d","span_id":"d2f7d9ebf87f422b","correlation_id":"4c2e0a80-f408-43b0-b568-ebd6897cbd5d","request_id":"4c2e0a80-f408-43b0-b568-ebd6897cbd5d","operation":"planning_studio.stage_run","route":"/api/planning-studio/stage-run","method":"POST","duration_ms":1,"message":"ok","stage_run.stage":"D","stage_run.module":"task-management","stage_run.mode":"execute","stage_run.status":"pass","stage_run.report_saved":true,"stage_run.release_evidence.generated":true}
# {"timestamp":"2026-04-22T14:41:35.346Z","level":"info","service":"my-module","event":"metric.counter","name":"stage_run_report_saved_total","delta":1,"total":1,"attributes":{"route":"/api/planning-studio/stage-run","method":"POST","stage":"D","module":"task-management","mode":"execute"}}
# {"timestamp":"2026-04-22T14:41:35.346Z","level":"info","service":"my-module","event":"stage_run.save_ok","correlation_id":"4c2e0a80-f408-43b0-b568-ebd6897cbd5d","request_id":"4c2e0a80-f408-43b0-b568-ebd6897cbd5d","stage":"D","module":"task-management"}
# {"timestamp":"2026-04-22T14:41:35.553Z","level":"warn","service":"my-module","event":"server.draining","reason":"manual","drain_started_at":"2026-04-22T14:41:35.553Z"}
# Subtest: [stage run release evidence smoke] execute PASS auto-generates release evidence once and replays idempotently
not ok 155 - [stage run release evidence smoke] execute PASS auto-generates release evidence once and replays idempotently
  ---
  duration_ms: 281.030578
  type: 'test'
  location: '/root/workspace/my-module/src/tests/smoke/stageRunReleaseEvidence.smoke.test.js:174:1'
  failureType: 'testCodeFailure'
  error: |-
    Expected values to be strictly equal:
    
    false !== true
    
  code: 'ERR_ASSERTION'
  name: 'AssertionError'
  expected: true
  actual: false
  operator: 'strictEqual'
  stack: |-
    TestContext.<anonymous> (/root/workspace/my-module/src/tests/smoke/stageRunReleaseEvidence.smoke.test.js:215:12)
    process.processTicksAndRejections (node:internal/process/task_queues:103:5)
    async Test.run (node:internal/test_runner/test:1054:7)
    async startSubtestAfterBootstrap (node:internal/test_runner/harness:296:3)
  ...
# {"timestamp":"2026-04-22T14:41:35.562Z","level":"info","service":"my-module","event":"metric.counter","name":"stage_run_release_evidence_failures_total","delta":1,"total":1,"attributes":{"route":"/api/planning-studio/stage-run","method":"POST","stage":"D","module":"task-management"}}
# {"timestamp":"2026-04-22T14:41:35.562Z","level":"warn","service":"my-module","event":"stage_run.release_evidence_failed","correlation_id":"02712f4d-78a8-4c2b-8b96-dfeb9c3ff057","request_id":"02712f4d-78a8-4c2b-8b96-dfeb9c3ff057","stage":"D","module":"task-management","exit_code":17,"stderr":"simulated release evidence failure","error":null}
# {"timestamp":"2026-04-22T14:41:35.562Z","level":"info","service":"my-module","event":"span.end","trace_id":"cc9ffdfcd720488da6afa7708d456d59","span_id":"de2a07e8b0b24d1a","parent_span_id":"00fcfafc42f04448","name":"planning_studio.stage_run","duration_ms":0,"status":"ok","attributes":{"http.route":"/api/planning-studio/stage-run","http.request.method":"POST","code.function":"createAppHandler","control_center.operation.duration_ms":0,"stage_run.stage":"D","stage_run.module":"task-management","stage_run.mode":"execute","stage_run.status":"pass","stage_run.report_saved":true,"stage_run.release_evidence.generated":false}}
# {"timestamp":"2026-04-22T14:41:35.562Z","level":"info","service":"my-module","event":"metric.histogram","name":"control_center_operation_duration_ms","value":0,"unit":"ms","attributes":{"operation":"planning_studio.stage_run","route":"/api/planning-studio/stage-run","method":"POST"}}
# {"timestamp":"2026-04-22T14:41:35.563Z","level":"info","service":"my-module","event":"control_center.operation","trace_id":"cc9ffdfcd720488da6afa7708d456d59","parent_span_id":"00fcfafc42f04448","span_id":"de2a07e8b0b24d1a","correlation_id":"02712f4d-78a8-4c2b-8b96-dfeb9c3ff057","request_id":"02712f4d-78a8-4c2b-8b96-dfeb9c3ff057","operation":"planning_studio.stage_run","route":"/api/planning-studio/stage-run","method":"POST","duration_ms":0,"message":"ok","stage_run.stage":"D","stage_run.module":"task-management","stage_run.mode":"execute","stage_run.status":"pass","stage_run.report_saved":true,"stage_run.release_evidence.generated":false}
# {"timestamp":"2026-04-22T14:41:35.563Z","level":"info","service":"my-module","event":"metric.counter","name":"stage_run_report_saved_total","delta":1,"total":2,"attributes":{"route":"/api/planning-studio/stage-run","method":"POST","stage":"D","module":"task-management","mode":"execute"}}
# {"timestamp":"2026-04-22T14:41:35.563Z","level":"info","service":"my-module","event":"stage_run.save_ok","correlation_id":"02712f4d-78a8-4c2b-8b96-dfeb9c3ff057","request_id":"02712f4d-78a8-4c2b-8b96-dfeb9c3ff057","stage":"D","module":"task-management"}
# {"timestamp":"2026-04-22T14:41:35.751Z","level":"warn","service":"my-module","event":"server.draining","reason":"manual","drain_started_at":"2026-04-22T14:41:35.751Z"}
# Subtest: [stage run release evidence smoke] execute PASS keeps stage-run success even when release evidence generation fails
not ok 156 - [stage run release evidence smoke] execute PASS keeps stage-run success even when release evidence generation fails
  ---
  duration_ms: 197.345406
  type: 'test'
  location: '/root/workspace/my-module/src/tests/smoke/stageRunReleaseEvidence.smoke.test.js:242:1'
  failureType: 'testCodeFailure'
  error: |-
    Expected values to be strictly equal:
    + actual - expected
    
    + 'None'
    - 'simulated release evidence failure'
    
  code: 'ERR_ASSERTION'
  name: 'AssertionError'
  expected: 'simulated release evidence failure'
  actual: 'None'
  operator: 'strictEqual'
  stack: |-
    TestContext.<anonymous> (/root/workspace/my-module/src/tests/smoke/stageRunReleaseEvidence.smoke.test.js:279:12)
    process.processTicksAndRejections (node:internal/process/task_queues:103:5)
    async Test.run (node:internal/test_runner/test:1054:7)
    async Test.processPendingSubtests (node:internal/test_runner/test:744:7)
  ...
# (node:37420) ExperimentalWarning: SQLite is an experimental feature and might change at any time
# (Use `node --trace-warnings ...` to show where the warning was created)
# {"timestamp":"2026-04-22T14:41:35.913Z","level":"info","service":"my-module","event":"span.end","trace_id":"b20bc5c4e7eb4f8386de6fb81c74cab7","span_id":"f72eff89a76c44aa","parent_span_id":"96a8d196b187420b","name":"planning_studio.stage_run","duration_ms":226,"status":"ok","attributes":{"http.route":"/api/planning-studio/stage-run","http.request.method":"POST","code.function":"createAppHandler","control_center.operation.duration_ms":226,"stage_run.stage":"D","stage_run.module":"task-management","stage_run.mode":"dry-run","stage_run.status":"ready","stage_run.report_saved":false,"stage_run.release_evidence.generated":false}}
# {"timestamp":"2026-04-22T14:41:35.913Z","level":"info","service":"my-module","event":"metric.histogram","name":"control_center_operation_duration_ms","value":226,"unit":"ms","attributes":{"operation":"planning_studio.stage_run","route":"/api/planning-studio/stage-run","method":"POST"}}
# {"timestamp":"2026-04-22T14:41:35.913Z","level":"info","service":"my-module","event":"control_center.operation","trace_id":"b20bc5c4e7eb4f8386de6fb81c74cab7","parent_span_id":"96a8d196b187420b","span_id":"f72eff89a76c44aa","correlation_id":"d8da0915-f782-44e5-b733-7f8837462345","request_id":"d8da0915-f782-44e5-b733-7f8837462345","operation":"planning_studio.stage_run","route":"/api/planning-studio/stage-run","method":"POST","duration_ms":226,"message":"ok","stage_run.stage":"D","stage_run.module":"task-management","stage_run.mode":"dry-run","stage_run.status":"ready","stage_run.report_saved":false,"stage_run.release_evidence.generated":false}
# {"timestamp":"2026-04-22T14:41:35.913Z","level":"info","service":"my-module","event":"metric.counter","name":"stage_run_report_save_failures_total","delta":1,"total":1,"attributes":{"route":"/api/planning-studio/stage-run","method":"POST","stage":"D","module":"task-management","mode":"dry-run"}}
# {"timestamp":"2026-04-22T14:41:35.913Z","level":"warn","service":"my-module","event":"stage_run.save_failed","correlation_id":"d8da0915-f782-44e5-b733-7f8837462345","request_id":"d8da0915-f782-44e5-b733-7f8837462345","stage":"D","module":"task-management","exit_code":23,"stderr":"simulated save-stage-run failure","error":null}
# {"timestamp":"2026-04-22T14:41:35.923Z","level":"warn","service":"my-module","event":"server.draining","reason":"manual","drain_started_at":"2026-04-22T14:41:35.923Z"}
# Subtest: [stage run save failure smoke] stage-run responds with runtime observability when report persistence fails
ok 157 - [stage run save failure smoke] stage-run responds with runtime observability when report persistence fails
  ---
  duration_ms: 310.352426
  type: 'test'
  ...
# Subtest: [starter preset] goal-specific planning/routing/template preset is generated
ok 158 - [starter preset] goal-specific planning/routing/template preset is generated
  ---
  duration_ms: 120.02137
  type: 'test'
  ...
# Subtest: [startup diagnostic] shows env-absent hint when .env not found
ok 159 - [startup diagnostic] shows env-absent hint when .env not found
  ---
  duration_ms: 1.153383
  type: 'test'
  ...
# Subtest: [startup diagnostic] shows loaded flags when .env present with overrides
ok 160 - [startup diagnostic] shows loaded flags when .env present with overrides
  ---
  duration_ms: 0.405908
  type: 'test'
  ...
# Subtest: [startup diagnostic] shows hint when .env present but no WOS_FLAG_ vars
ok 161 - [startup diagnostic] shows hint when .env present but no WOS_FLAG_ vars
  ---
  duration_ms: 0.190984
  type: 'test'
  ...
# Subtest: [startup diagnostic] shows flags.yaml load failure warning
ok 162 - [startup diagnostic] shows flags.yaml load failure warning
  ---
  duration_ms: 0.127952
  type: 'test'
  ...
# Subtest: [startup diagnostic] separator lines present for terminal readability
ok 163 - [startup diagnostic] separator lines present for terminal readability
  ---
  duration_ms: 0.231664
  type: 'test'
  ...
# Subtest: [static analysis gate smoke] eslint reports zero errors across src/ domains/ scripts/
not ok 164 - [static analysis gate smoke] eslint reports zero errors across src/ domains/ scripts/
  ---
  duration_ms: 2995.701431
  type: 'test'
  location: '/root/workspace/my-module/src/tests/smoke/staticAnalysisGate.smoke.test.js:12:1'
  failureType: 'testCodeFailure'
  error: |-
    ESLint found lint errors or warnings — fix before releasing:
    
    /root/workspace/my-module/scripts/db-migrate.js
      51:5  warning  Unexpected console statement  no-console
      53:5  warning  Unexpected console statement  no-console
      59:1  warning  Unexpected console statement  no-console
    
    /root/workspace/my-module/src/server/createServer.js
      37:3   error  'PostgresInvoiceRepository' is assigned a value but never used           no-unused-vars
      38:3   error  'PostgresPaymentRepository' is assigned a value but never used           no-unused-vars
      39:3   error  'PostgresBillingExceptionRepository' is assigned a value but never used  no-unused-vars
      41:9   error  'SQLiteBillingRepository' is assigned a value but never used             no-unused-vars
      44:9   error  'PostgresVideoRepository' is assigned a value but never used             no-unused-vars
      44:34  error  'PostgresTranscodeJobRepository' is assigned a value but never used      no-unused-vars
      45:9   error  'SQLiteVideoRepository' is assigned a value but never used               no-unused-vars
      45:32  error  'SQLiteTranscodeJobRepository' is assigned a value but never used        no-unused-vars
    
    ✖ 11 problems (8 errors, 3 warnings)
    
    
    + actual - expected
    
    + '\n' +
    +   '/root/workspace/my-module/scripts/db-migrate.js\n' +
    +   '  51:5  warning  Unexpected console statement  no-console\n' +
    +   '  53:5  warning  Unexpected console statement  no-console\n' +
    +   '  59:1  warning  Unexpected console statement  no-console\n' +
    +   '\n' +
    +   '/root/workspace/my-module/src/server/createServer.js\n' +
    +   "  37:3   error  'PostgresInvoiceRepository' is assigned a value but never used           no-unused-vars\n" +
    +   "  38:3   error  'PostgresPaymentRepository' is assigned a value but never used           no-unused-vars\n" +
    +   "  39:3   error  'PostgresBillingExceptionRepository' is assigned a value but never used  no-unused-vars\n" +
    +   "  41:9   error  'SQLiteBillingRepository' is assigned a value but never used             no-unused-vars\n" +
    +   "  44:9   error  'PostgresVideoRepository' is assigned a value but never used             no-unused-vars\n" +
    +   "  44:34  error  'PostgresTranscodeJobRepository' is assigned a value but never used      no-unused-vars\n" +
    +   "  45:9   error  'SQLiteVideoRepository' is assigned a value but never used               no-unused-vars\n" +
    +   "  45:32  error  'SQLiteTranscodeJobRepository' is assigned a value but never used        no-unused-vars\n" +
    +   '\n' +
    +   '✖ 11 problems (8 errors, 3 warnings)\n' +
    +   '\n'
    - ''
    
  code: 'ERR_ASSERTION'
  name: 'AssertionError'
  expected: ''
  actual: |-
    
    /root/workspace/my-module/scripts/db-migrate.js
      51:5  warning  Unexpected console statement  no-console
      53:5  warning  Unexpected console statement  no-console
      59:1  warning  Unexpected console statement  no-console
    
    /root/workspace/my-module/src/server/createServer.js
      37:3   error  'PostgresInvoiceRepository' is assigned a value but never used           no-unused-vars
      38:3   error  'PostgresPaymentRepository' is assigned a value but never used           no-unused-vars
      39:3   error  'PostgresBillingExceptionRepository' is assigned a value but never used  no-unused-vars
      41:9   error  'SQLiteBillingRepository' is assigned a value but never used             no-unused-vars
      44:9   error  'PostgresVideoRepository' is assigned a value but never used             no-unused-vars
      44:34  error  'PostgresTranscodeJobRepository' is assigned a value but never used      no-unused-vars
      45:9   error  'SQLiteVideoRepository' is assigned a value but never used               no-unused-vars
      45:32  error  'SQLiteTranscodeJobRepository' is assigned a value but never used        no-unused-vars
    
    ✖ 11 problems (8 errors, 3 warnings)
    
    
  operator: 'strictEqual'
  stack: |-
    TestContext.<anonymous> (/root/workspace/my-module/src/tests/smoke/staticAnalysisGate.smoke.test.js:26:10)
    process.processTicksAndRejections (node:internal/process/task_queues:103:5)
    async Test.run (node:internal/test_runner/test:1054:7)
    async startSubtestAfterBootstrap (node:internal/test_runner/harness:296:3)
  ...
# Subtest: [static ui home] artifacts root home is generated with core navigation links
ok 165 - [static ui home] artifacts root home is generated with core navigation links
  ---
  duration_ms: 2459.397225
  type: 'test'
  ...
# (node:37697) ExperimentalWarning: SQLite is an experimental feature and might change at any time
# (Use `node --trace-warnings ...` to show where the warning was created)
# {"timestamp":"2026-04-22T14:41:36.259Z","level":"warn","service":"my-module","event":"server.draining","reason":"test","drain_started_at":"2026-04-22T14:41:36.259Z"}
# Subtest: [system api adversarial smoke] unauthorized admin actions return structured 403
ok 166 - [system api adversarial smoke] unauthorized admin actions return structured 403
  ---
  duration_ms: 59.172359
  type: 'test'
  ...
# {"timestamp":"2026-04-22T14:41:36.288Z","level":"warn","service":"my-module","event":"server.draining","reason":"test","drain_started_at":"2026-04-22T14:41:36.288Z"}
# Subtest: [system api adversarial smoke] SSE client can reconnect after disconnect with trace headers preserved
ok 167 - [system api adversarial smoke] SSE client can reconnect after disconnect with trace headers preserved
  ---
  duration_ms: 4027.156216
  type: 'test'
  ...
# (node:38027) ExperimentalWarning: SQLite is an experimental feature and might change at any time
# (Use `node --trace-warnings ...` to show where the warning was created)
# {"timestamp":"2026-04-22T14:41:37.248Z","level":"warn","service":"my-module","event":"server.draining","reason":"test","drain_started_at":"2026-04-22T14:41:37.248Z"}
# Subtest: [system api runtime smoke] system routes are mounted when system_api.enabled=true
ok 168 - [system api runtime smoke] system routes are mounted when system_api.enabled=true
  ---
  duration_ms: 67.686592
  type: 'test'
  ...
# {"timestamp":"2026-04-22T14:41:37.260Z","level":"warn","service":"my-module","event":"server.draining","reason":"test","drain_started_at":"2026-04-22T14:41:37.260Z"}
# Subtest: [system api runtime smoke] system routes return 404 when system_api.enabled=false
ok 169 - [system api runtime smoke] system routes return 404 when system_api.enabled=false
  ---
  duration_ms: 8.928132
  type: 'test'
  ...
# {"timestamp":"2026-04-22T14:41:37.267Z","level":"warn","service":"my-module","event":"server.draining","reason":"test","drain_started_at":"2026-04-22T14:41:37.267Z"}
# Subtest: [system api runtime smoke] sub-feature gates return 503 when disabled
not ok 170 - [system api runtime smoke] sub-feature gates return 503 when disabled
  ---
  duration_ms: 5006.974008
  type: 'test'
  location: '/root/workspace/my-module/src/tests/smoke/systemApiRuntime.smoke.test.js:126:1'
  failureType: 'testCodeFailure'
  error: |-
    Expected values to be strictly equal:
    
    200 !== 503
    
  code: 'ERR_ASSERTION'
  name: 'AssertionError'
  expected: 503
  actual: 200
  operator: 'strictEqual'
  stack: |-
    TestContext.<anonymous> (/root/workspace/my-module/src/tests/smoke/systemApiRuntime.smoke.test.js:135:12)
    process.processTicksAndRejections (node:internal/process/task_queues:103:5)
    async Test.run (node:internal/test_runner/test:1054:7)
    async Test.processPendingSubtests (node:internal/test_runner/test:744:7)
  ...
# (node:38589) ExperimentalWarning: SQLite is an experimental feature and might change at any time
# (Use `node --trace-warnings ...` to show where the warning was created)
# Subtest: [Stage E] 7개 System OS 아티팩트 파일 존재
ok 171 - [Stage E] 7개 System OS 아티팩트 파일 존재
  ---
  duration_ms: 0.91325
  type: 'test'
  ...
# Subtest: [Stage E] 모든 아티팩트에 shell.js + data-sse-connect 통합 확인
ok 172 - [Stage E] 모든 아티팩트에 shell.js + data-sse-connect 통합 확인
  ---
  duration_ms: 1.893367
  type: 'test'
  ...
# Subtest: [Stage E] shared 자산 파일 존재 및 최소 크기
ok 173 - [Stage E] shared 자산 파일 존재 및 최소 크기
  ---
  duration_ms: 0.249756
  type: 'test'
  ...
# Subtest: [Stage E] ui-shell.js 모듈 API 계약
ok 174 - [Stage E] ui-shell.js 모듈 API 계약
  ---
  duration_ms: 2.16481
  type: 'test'
  ...
# Subtest: [Stage E] SystemApiClient file mode 6개 메서드 응답 형태
ok 175 - [Stage E] SystemApiClient file mode 6개 메서드 응답 형태
  ---
  duration_ms: 3.561273
  type: 'test'
  ...
# {"timestamp":"2026-04-22T14:41:38.635Z","level":"warn","service":"my-module","event":"server.draining","reason":"test","drain_started_at":"2026-04-22T14:41:38.635Z"}
# Subtest: [Stage E] INV-SYS-001: toggleFlag — system.admin 없음 → 403
ok 176 - [Stage E] INV-SYS-001: toggleFlag — system.admin 없음 → 403
  ---
  duration_ms: 43.6404
  type: 'test'
  ...
# {"timestamp":"2026-04-22T14:41:38.646Z","level":"warn","service":"my-module","event":"server.draining","reason":"test","drain_started_at":"2026-04-22T14:41:38.646Z"}
# Subtest: [Stage E] INV-SYS-002: triggerRollback — system.admin 없음 → 403
ok 177 - [Stage E] INV-SYS-002: triggerRollback — system.admin 없음 → 403
  ---
  duration_ms: 10.756541
  type: 'test'
  ...
# {"timestamp":"2026-04-22T14:41:38.651Z","level":"warn","service":"my-module","event":"server.draining","reason":"test","drain_started_at":"2026-04-22T14:41:38.651Z"}
# Subtest: [Stage E] INV-SYS-003: system_api.enabled=false → GET /health → 404
ok 178 - [Stage E] INV-SYS-003: system_api.enabled=false → GET /health → 404
  ---
  duration_ms: 5.202655
  type: 'test'
  ...
# {"timestamp":"2026-04-22T14:41:38.657Z","level":"warn","service":"my-module","event":"server.draining","reason":"test","drain_started_at":"2026-04-22T14:41:38.657Z"}
# Subtest: [Stage E] INV-SYS-004: flag_toggle_ui=false → PATCH /flags/:id → 503
ok 179 - [Stage E] INV-SYS-004: flag_toggle_ui=false → PATCH /flags/:id → 503
  ---
  duration_ms: 5.31103
  type: 'test'
  ...
# {"timestamp":"2026-04-22T14:41:38.663Z","level":"warn","service":"my-module","event":"server.draining","reason":"test","drain_started_at":"2026-04-22T14:41:38.663Z"}
# Subtest: [Stage E] INV-SYS-005: rollback_ui=false → POST /rollback → 503
ok 180 - [Stage E] INV-SYS-005: rollback_ui=false → POST /rollback → 503
  ---
  duration_ms: 6.072223
  type: 'test'
  ...
# {"timestamp":"2026-04-22T14:41:38.668Z","level":"warn","service":"my-module","event":"server.draining","reason":"test","drain_started_at":"2026-04-22T14:41:38.668Z"}
# Subtest: [Stage E] GET /api/v1/system/events → text/event-stream (SSE 연결 확인)
ok 181 - [Stage E] GET /api/v1/system/events → text/event-stream (SSE 연결 확인)
  ---
  duration_ms: 6.356706
  type: 'test'
  ...
# Subtest: [token roi] context lock and exception routing produce token ROI guidance
ok 182 - [token roi] context lock and exception routing produce token ROI guidance
  ---
  duration_ms: 79.943974
  type: 'test'
  ...
# Subtest: [token roi routing] token ROI turns into a concrete routing patch
ok 183 - [token roi routing] token ROI turns into a concrete routing patch
  ---
  duration_ms: 77.105937
  type: 'test'
  ...
# Subtest: [validation profiles smoke] packet type and stage resolve to a stable minimum command bundle
ok 184 - [validation profiles smoke] packet type and stage resolve to a stable minimum command bundle
  ---
  duration_ms: 132.72014
  type: 'test'
  ...
# Subtest: [verified auto commit guard smoke] dry-run summary exposes commit candidate and validation bundle
ok 185 - [verified auto commit guard smoke] dry-run summary exposes commit candidate and validation bundle
  ---
  duration_ms: 128.632184
  type: 'test'
  ...
# Subtest: [verified auto commit guard smoke] guard blocks protected branches and failed validation
ok 186 - [verified auto commit guard smoke] guard blocks protected branches and failed validation
  ---
  duration_ms: 0.250884
  type: 'test'
  ...
# Subtest: [wp scheduler readiness] json output includes promotion pipeline readiness
ok 187 - [wp scheduler readiness] json output includes promotion pipeline readiness
  ---
  duration_ms: 246.637465
  type: 'test'
  ...
1..187
# tests 192
# suites 2
# pass 186
# fail 6
# cancelled 0
# skipped 0
# todo 0
# duration_ms 33127.676959