$ npm run test:e2e-smoke

> my-module@0.2.0 test:e2e-smoke
> node --test --test-force-exit 'domains/**/tests/smoke/**/*.test.js' 'src/tests/smoke/**/*.test.js'

TAP version 13
# Subtest: [billing smoke] 인보이스 목록 조회 성공
ok 1 - [billing smoke] 인보이스 목록 조회 성공
  ---
  duration_ms: 1.925558
  type: 'test'
  ...
# Subtest: [billing smoke] 권한 없는 인보이스 생성 거부
ok 2 - [billing smoke] 권한 없는 인보이스 생성 거부
  ---
  duration_ms: 1.560972
  type: 'test'
  ...
# Subtest: [billing smoke] 존재하지 않는 결제 조회는 404
ok 3 - [billing smoke] 존재하지 않는 결제 조회는 404
  ---
  duration_ms: 0.376647
  type: 'test'
  ...
# Subtest: [task-management smoke] 생성 후 상세 조회 성공
ok 4 - [task-management smoke] 생성 후 상세 조회 성공
  ---
  duration_ms: 1.701134
  type: 'test'
  ...
# Subtest: [task-management smoke] 권한 없는 목록 조회 거부
ok 5 - [task-management smoke] 권한 없는 목록 조회 거부
  ---
  duration_ms: 0.275946
  type: 'test'
  ...
# Subtest: [task-management smoke] 존재하지 않는 작업 조회는 404
ok 6 - [task-management smoke] 존재하지 않는 작업 조회는 404
  ---
  duration_ms: 0.184943
  type: 'test'
  ...
# Subtest: [adaptive starter] learned preset memory is promoted into starter defaults
ok 7 - [adaptive starter] learned preset memory is promoted into starter defaults
  ---
  duration_ms: 271.801665
  type: 'test'
  ...
# Subtest: [apply checkpoint] pre-apply review artifact is generated from decision and promotion state
ok 8 - [apply checkpoint] pre-apply review artifact is generated from decision and promotion state
  ---
  duration_ms: 917.402276
  type: 'test'
  ...
# Subtest: [execution packet apply] exported packet can be applied to current-wp and next-actions
ok 9 - [execution packet apply] exported packet can be applied to current-wp and next-actions
  ---
  duration_ms: 53.612069
  type: 'test'
  ...
# Subtest: [apply outcome scorecard] apply history and token efficiency are summarized
ok 10 - [apply outcome scorecard] apply history and token efficiency are summarized
  ---
  duration_ms: 718.529098
  type: 'test'
  ...
# Subtest: [apply timeline] recent decision/apply history is summarized
ok 11 - [apply timeline] recent decision/apply history is summarized
  ---
  duration_ms: 938.219642
  type: 'test'
  ...
# Subtest: [architecture fitness smoke] boundary guardrails pass for current domains
ok 12 - [architecture fitness smoke] boundary guardrails pass for current domains
  ---
  duration_ms: 46.540628
  type: 'test'
  ...
# Subtest: [benchmark pack] goal-specific benchmark action pack is generated
ok 13 - [benchmark pack] goal-specific benchmark action pack is generated
  ---
  duration_ms: 74.382317
  type: 'test'
  ...
# (node:45043) ExperimentalWarning: SQLite is an experimental feature and might change at any time
# (Use `node --trace-warnings ...` to show where the warning was created)
# {"timestamp":"2026-04-22T14:42:17.636Z","level":"warn","service":"my-module","event":"server.draining","reason":"manual","drain_started_at":"2026-04-22T14:42:17.636Z"}
# Subtest: [billing video event wiring smoke] POST /invoices → InvoiceCreated 이벤트가 ring buffer에 기록된다
ok 14 - [billing video event wiring smoke] POST /invoices → InvoiceCreated 이벤트가 ring buffer에 기록된다
  ---
  duration_ms: 20.450793
  type: 'test'
  ...
# {"timestamp":"2026-04-22T14:42:17.643Z","level":"warn","service":"my-module","event":"server.draining","reason":"manual","drain_started_at":"2026-04-22T14:42:17.643Z"}
# Subtest: [billing video event wiring smoke] POST /videos → VideoUploaded 이벤트가 ring buffer에 기록된다
ok 15 - [billing video event wiring smoke] POST /videos → VideoUploaded 이벤트가 ring buffer에 기록된다
  ---
  duration_ms: 5.573011
  type: 'test'
  ...
# {"timestamp":"2026-04-22T14:42:17.646Z","level":"info","service":"my-module","event":"metric.counter","name":"http_requests_total","delta":1,"total":1,"attributes":{"route":"/health","method":"GET"}}
# {"timestamp":"2026-04-22T14:42:17.646Z","level":"info","service":"my-module","event":"span.end","trace_id":"f9bbdee0f3a4456194b7a103a657d4ec","span_id":"2ec68e61ca4f4c99","parent_span_id":null,"name":"http.GET /health","duration_ms":1,"status":"ok","attributes":{"http.method":"GET","http.route":"/health"}}
# {"timestamp":"2026-04-22T14:42:17.649Z","level":"info","service":"my-module","event":"metric.counter","name":"http_requests_total","delta":1,"total":2,"attributes":{"route":"/health","method":"GET"}}
# {"timestamp":"2026-04-22T14:42:17.649Z","level":"info","service":"my-module","event":"span.end","trace_id":"7348183a045e40f4a6dee48cb371195d","span_id":"986b29fc9e8146f4","parent_span_id":null,"name":"http.GET /health","duration_ms":0,"status":"ok","attributes":{"http.method":"GET","http.route":"/health"}}
# {"timestamp":"2026-04-22T14:42:17.650Z","level":"warn","service":"my-module","event":"server.draining","reason":"manual","drain_started_at":"2026-04-22T14:42:17.650Z"}
# Subtest: [billing video event wiring smoke] EventBus getStats().publishCount가 billing+video 액션 후 증가한다
ok 16 - [billing video event wiring smoke] EventBus getStats().publishCount가 billing+video 액션 후 증가한다
  ---
  duration_ms: 6.53759
  type: 'test'
  ...
# Subtest: [blueprint launch] blueprint start deck is generated for the current goal
ok 17 - [blueprint launch] blueprint start deck is generated for the current goal
  ---
  duration_ms: 116.076489
  type: 'test'
  ...
# Subtest: [branch bootstrap smoke] current packet maps to a branch recommendation and commit template
ok 18 - [branch bootstrap smoke] current packet maps to a branch recommendation and commit template
  ---
  duration_ms: 77.959169
  type: 'test'
  ...
# Subtest: [capability brief] current capability summary joins hierarchy, planning mode, and benchmark focus
ok 19 - [capability brief] current capability summary joins hierarchy, planning mode, and benchmark focus
  ---
  duration_ms: 160.865817
  type: 'test'
  ...
# Subtest: [capability seed] capability-specific planning seed sections are generated
ok 20 - [capability seed] capability-specific planning seed sections are generated
  ---
  duration_ms: 200.706935
  type: 'test'
  ...
# Subtest: [capability seed tuning] mapped planning sections are generated from seed and feedback
ok 21 - [capability seed tuning] mapped planning sections are generated from seed and feedback
  ---
  duration_ms: 180.158921
  type: 'test'
  ...
# Subtest: [planning fit] constraint and adapter fit report is generated from current state
ok 22 - [planning fit] constraint and adapter fit report is generated from current state
  ---
  duration_ms: 62.467084
  type: 'test'
  ...
# Subtest: [handoff bundle] context, fit, and replay are composed into one artifact
ok 23 - [handoff bundle] context, fit, and replay are composed into one artifact
  ---
  duration_ms: 82.302971
  type: 'test'
  ...
# Subtest: [context drift] changed and missing files are surfaced from a lock manifest
ok 24 - [context drift] changed and missing files are surfaced from a lock manifest
  ---
  duration_ms: 52.022187
  type: 'test'
  ...
# Subtest: [context exception] bounded extra-read ledger is generated from remaining headroom
ok 25 - [context exception] bounded extra-read ledger is generated from remaining headroom
  ---
  duration_ms: 52.614654
  type: 'test'
  ...
# Subtest: [contract drift smoke] requirement-defined contracts validate cleanly
not ok 26 - [contract drift smoke] requirement-defined contracts validate cleanly
  ---
  duration_ms: 348.296722
  type: 'test'
  location: '/root/workspace/my-module/src/tests/smoke/contractDrift.smoke.test.js:11:1'
  failureType: 'testCodeFailure'
  error: |-
    Command failed: python3 scripts/validate_contract_drift.py
    
  code: 1
  stack: |-
    genericNodeError (node:internal/errors:983:15)
    wrappedFn (node:internal/errors:537:14)
    ChildProcess.exithandler (node:child_process:417:12)
    ChildProcess.emit (node:events:519:28)
    maybeClose (node:internal/child_process:1101:16)
    ChildProcess._handle.onexit (node:internal/child_process:304:5)
  ...
# Subtest: [contract drift smoke] ui shell control api contract stays aligned with frontend and runtime endpoints
ok 27 - [contract drift smoke] ui shell control api contract stays aligned with frontend and runtime endpoints
  ---
  duration_ms: 106.608754
  type: 'test'
  ...
# (node:45189) ExperimentalWarning: SQLite is an experimental feature and might change at any time
# (Use `node --trace-warnings ...` to show where the warning was created)
# {"timestamp":"2026-04-22T14:42:18.047Z","level":"info","service":"my-module","event":"metric.counter","name":"control_center_prompt_recommendations_total","delta":1,"total":1,"attributes":{"route":"/api/automation/optimize-prompt","method":"GET"}}
# {"timestamp":"2026-04-22T14:42:18.047Z","level":"info","service":"my-module","event":"span.end","trace_id":"7b8013741e3f4f92b2b6611149b5aa60","span_id":"a8f68577850a4f9c","parent_span_id":"b43d7f54d2c847f1","name":"control_center.optimize_prompt","duration_ms":164,"status":"ok","attributes":{"http.route":"/api/automation/optimize-prompt","http.request.method":"GET","code.function":"createAppHandler","control_center.operation.duration_ms":164,"control_center.prompt.source":"planning-studio-snapshot","control_center.snapshot.ok":true}}
# {"timestamp":"2026-04-22T14:42:18.047Z","level":"info","service":"my-module","event":"metric.histogram","name":"control_center_operation_duration_ms","value":164,"unit":"ms","attributes":{"operation":"control_center.optimize_prompt","route":"/api/automation/optimize-prompt","method":"GET"}}
# {"timestamp":"2026-04-22T14:42:18.047Z","level":"info","service":"my-module","event":"control_center.operation","trace_id":"7b8013741e3f4f92b2b6611149b5aa60","parent_span_id":"b43d7f54d2c847f1","span_id":"a8f68577850a4f9c","correlation_id":"f62c05d8-ef37-442a-867a-a057d2eeef18","request_id":"f62c05d8-ef37-442a-867a-a057d2eeef18","operation":"control_center.optimize_prompt","route":"/api/automation/optimize-prompt","method":"GET","duration_ms":164,"message":"ok","control_center.prompt.source":"planning-studio-snapshot","control_center.snapshot.ok":true}
# {"timestamp":"2026-04-22T14:42:18.058Z","level":"info","service":"my-module","event":"metric.counter","name":"pty_bridge_sessions_read_total","delta":1,"total":1,"attributes":{"route":"/api/pty/sessions","method":"GET"}}
# {"timestamp":"2026-04-22T14:42:18.058Z","level":"info","service":"my-module","event":"span.end","trace_id":"3c2c4f8cf3184bcc90939ff72aa1ba4d","span_id":"ceecf1d19c8942ec","parent_span_id":"b9cab109c58847f0","name":"pty.bridge.sessions","duration_ms":0,"status":"ok","attributes":{"http.route":"/api/pty/sessions","http.request.method":"GET","code.function":"createAppHandler","control_center.operation.duration_ms":0,"pty.session.count":1}}
# {"timestamp":"2026-04-22T14:42:18.058Z","level":"info","service":"my-module","event":"metric.histogram","name":"control_center_operation_duration_ms","value":0,"unit":"ms","attributes":{"operation":"pty.bridge.sessions","route":"/api/pty/sessions","method":"GET"}}
# {"timestamp":"2026-04-22T14:42:18.058Z","level":"info","service":"my-module","event":"control_center.operation","trace_id":"3c2c4f8cf3184bcc90939ff72aa1ba4d","parent_span_id":"b9cab109c58847f0","span_id":"ceecf1d19c8942ec","correlation_id":"0825ce2a-4492-406e-9350-62db101a3d6c","request_id":"0825ce2a-4492-406e-9350-62db101a3d6c","operation":"pty.bridge.sessions","route":"/api/pty/sessions","method":"GET","duration_ms":0,"message":"ok","pty.session.count":1}
# {"timestamp":"2026-04-22T14:42:18.074Z","level":"info","service":"my-module","event":"metric.counter","name":"pty_bridge_send_total","delta":1,"total":1,"attributes":{"route":"/api/pty/send","method":"POST","action":"prompt"}}
# {"timestamp":"2026-04-22T14:42:18.074Z","level":"info","service":"my-module","event":"span.end","trace_id":"341a9b7d52d840bf89fd0511b5bc0c3d","span_id":"116c668db0084c7a","parent_span_id":"bbe7663b8f8242b5","name":"pty.bridge.send","duration_ms":0,"status":"ok","attributes":{"http.route":"/api/pty/send","http.request.method":"POST","code.function":"createAppHandler","control_center.operation.duration_ms":0,"pty.session.pts":"node-control-center","pty.send.action":"prompt","pty.packet.id":"WP-OBS-1"}}
# {"timestamp":"2026-04-22T14:42:18.074Z","level":"info","service":"my-module","event":"metric.histogram","name":"control_center_operation_duration_ms","value":0,"unit":"ms","attributes":{"operation":"pty.bridge.send","route":"/api/pty/send","method":"POST"}}
# {"timestamp":"2026-04-22T14:42:18.074Z","level":"info","service":"my-module","event":"control_center.operation","trace_id":"341a9b7d52d840bf89fd0511b5bc0c3d","parent_span_id":"bbe7663b8f8242b5","span_id":"116c668db0084c7a","correlation_id":"9df076b2-1838-494f-9d43-40162950b7eb","request_id":"9df076b2-1838-494f-9d43-40162950b7eb","operation":"pty.bridge.send","route":"/api/pty/send","method":"POST","duration_ms":0,"message":"ok","pty.session.pts":"node-control-center","pty.send.action":"prompt","pty.packet.id":"WP-OBS-1"}
# {"timestamp":"2026-04-22T14:42:18.078Z","level":"info","service":"my-module","event":"metric.counter","name":"pty_bridge_failures_total","delta":1,"total":1,"attributes":{"route":"/api/pty/send","method":"POST","reason":"missing_pts"}}
# {"timestamp":"2026-04-22T14:42:18.078Z","level":"info","service":"my-module","event":"span.end","trace_id":"52b0b71aad0a4b05ab08bc9426fa8366","span_id":"21a12f29be644d98","parent_span_id":"6479c61bcf604cec","name":"pty.bridge.send","duration_ms":0,"status":"error","attributes":{"http.route":"/api/pty/send","http.request.method":"POST","code.function":"createAppHandler","exception.type":"Error","exception.message":"pts required","control_center.operation.duration_ms":0,"pty.send.reason":"missing_pts"}}
# {"timestamp":"2026-04-22T14:42:18.078Z","level":"info","service":"my-module","event":"metric.histogram","name":"control_center_operation_duration_ms","value":0,"unit":"ms","attributes":{"operation":"pty.bridge.send","route":"/api/pty/send","method":"POST","error":true}}
# {"timestamp":"2026-04-22T14:42:18.079Z","level":"info","service":"my-module","event":"control_center.operation.failed","trace_id":"52b0b71aad0a4b05ab08bc9426fa8366","parent_span_id":"6479c61bcf604cec","span_id":"21a12f29be644d98","correlation_id":"ae9dda1f-3204-414f-88e0-aad416e4ebe2","request_id":"ae9dda1f-3204-414f-88e0-aad416e4ebe2","operation":"pty.bridge.send","route":"/api/pty/send","method":"POST","duration_ms":0,"error_message":"pts required","pty.send.reason":"missing_pts"}
# {"timestamp":"2026-04-22T14:42:18.080Z","level":"info","service":"my-module","event":"metric.counter","name":"pty_scheduler_status_read_total","delta":1,"total":1,"attributes":{"route":"/api/pty/scheduler/status","method":"GET"}}
# {"timestamp":"2026-04-22T14:42:18.080Z","level":"info","service":"my-module","event":"span.end","trace_id":"fb6416c06b2448c28b6811528dd54aaa","span_id":"7d9bce1c6e7641bc","parent_span_id":"6ae4d500eef24a22","name":"pty.scheduler.status","duration_ms":0,"status":"ok","attributes":{"http.route":"/api/pty/scheduler/status","http.request.method":"GET","code.function":"createAppHandler","control_center.operation.duration_ms":0,"pty.scheduler.running":false,"pty.scheduler.worker_count":0}}
# {"timestamp":"2026-04-22T14:42:18.080Z","level":"info","service":"my-module","event":"metric.histogram","name":"control_center_operation_duration_ms","value":0,"unit":"ms","attributes":{"operation":"pty.scheduler.status","route":"/api/pty/scheduler/status","method":"GET"}}
# {"timestamp":"2026-04-22T14:42:18.080Z","level":"info","service":"my-module","event":"control_center.operation","trace_id":"fb6416c06b2448c28b6811528dd54aaa","parent_span_id":"6ae4d500eef24a22","span_id":"7d9bce1c6e7641bc","correlation_id":"1fd10a40-3a70-4b9a-9970-ae594e7fcfe7","request_id":"1fd10a40-3a70-4b9a-9970-ae594e7fcfe7","operation":"pty.scheduler.status","route":"/api/pty/scheduler/status","method":"GET","duration_ms":0,"message":"ok","pty.scheduler.running":false,"pty.scheduler.worker_count":0}
# {"timestamp":"2026-04-22T14:42:18.083Z","level":"info","service":"my-module","event":"metric.counter","name":"pty_scheduler_start_total","delta":1,"total":1,"attributes":{"route":"/api/pty/scheduler/start","method":"POST"}}
# {"timestamp":"2026-04-22T14:42:18.083Z","level":"info","service":"my-module","event":"span.end","trace_id":"03276cbe263e49ab8a6d8e0a7997f1e0","span_id":"180f669cb98d4c27","parent_span_id":"3133eb6d5978421c","name":"pty.scheduler.start","duration_ms":0,"status":"ok","attributes":{"http.route":"/api/pty/scheduler/start","http.request.method":"POST","code.function":"createAppHandler","control_center.operation.duration_ms":0,"pty.scheduler.worker_count":1}}
# {"timestamp":"2026-04-22T14:42:18.083Z","level":"info","service":"my-module","event":"metric.histogram","name":"control_center_operation_duration_ms","value":0,"unit":"ms","attributes":{"operation":"pty.scheduler.start","route":"/api/pty/scheduler/start","method":"POST"}}
# {"timestamp":"2026-04-22T14:42:18.083Z","level":"info","service":"my-module","event":"control_center.operation","trace_id":"03276cbe263e49ab8a6d8e0a7997f1e0","parent_span_id":"3133eb6d5978421c","span_id":"180f669cb98d4c27","correlation_id":"cd7d0bfc-b4d3-4f94-9b66-6d493df0e8b4","request_id":"cd7d0bfc-b4d3-4f94-9b66-6d493df0e8b4","operation":"pty.scheduler.start","route":"/api/pty/scheduler/start","method":"POST","duration_ms":0,"message":"ok","pty.scheduler.worker_count":1}
# {"timestamp":"2026-04-22T14:42:18.086Z","level":"info","service":"my-module","event":"metric.counter","name":"pty_scheduler_status_read_total","delta":1,"total":2,"attributes":{"route":"/api/pty/scheduler/status","method":"GET"}}
# {"timestamp":"2026-04-22T14:42:18.086Z","level":"info","service":"my-module","event":"span.end","trace_id":"21196ebbdad14e8e94ba72e4c689db27","span_id":"92d62504b3314c5c","parent_span_id":"74322dc32a054338","name":"pty.scheduler.status","duration_ms":0,"status":"ok","attributes":{"http.route":"/api/pty/scheduler/status","http.request.method":"GET","code.function":"createAppHandler","control_center.operation.duration_ms":0,"pty.scheduler.running":true,"pty.scheduler.worker_count":1}}
# {"timestamp":"2026-04-22T14:42:18.086Z","level":"info","service":"my-module","event":"metric.histogram","name":"control_center_operation_duration_ms","value":0,"unit":"ms","attributes":{"operation":"pty.scheduler.status","route":"/api/pty/scheduler/status","method":"GET"}}
# {"timestamp":"2026-04-22T14:42:18.086Z","level":"info","service":"my-module","event":"control_center.operation","trace_id":"21196ebbdad14e8e94ba72e4c689db27","parent_span_id":"74322dc32a054338","span_id":"92d62504b3314c5c","correlation_id":"7ac48586-299a-45f3-a030-9a9545cdcf48","request_id":"7ac48586-299a-45f3-a030-9a9545cdcf48","operation":"pty.scheduler.status","route":"/api/pty/scheduler/status","method":"GET","duration_ms":0,"message":"ok","pty.scheduler.running":true,"pty.scheduler.worker_count":1}
# {"timestamp":"2026-04-22T14:42:18.088Z","level":"info","service":"my-module","event":"metric.counter","name":"pty_scheduler_stop_total","delta":1,"total":1,"attributes":{"route":"/api/pty/scheduler/stop","method":"POST"}}
# {"timestamp":"2026-04-22T14:42:18.088Z","level":"info","service":"my-module","event":"span.end","trace_id":"d0e923b2bf6746d8ad82aafcdee94861","span_id":"9a555d9407a2401f","parent_span_id":"d14221cd8a5c4152","name":"pty.scheduler.stop","duration_ms":0,"status":"ok","attributes":{"http.route":"/api/pty/scheduler/stop","http.request.method":"POST","code.function":"createAppHandler","control_center.operation.duration_ms":0,"pty.scheduler.worker_count":1}}
# {"timestamp":"2026-04-22T14:42:18.088Z","level":"info","service":"my-module","event":"metric.histogram","name":"control_center_operation_duration_ms","value":0,"unit":"ms","attributes":{"operation":"pty.scheduler.stop","route":"/api/pty/scheduler/stop","method":"POST"}}
# {"timestamp":"2026-04-22T14:42:18.088Z","level":"info","service":"my-module","event":"control_center.operation","trace_id":"d0e923b2bf6746d8ad82aafcdee94861","parent_span_id":"d14221cd8a5c4152","span_id":"9a555d9407a2401f","correlation_id":"0bdf9daf-ff4b-4bf4-b329-1acab767ca84","request_id":"0bdf9daf-ff4b-4bf4-b329-1acab767ca84","operation":"pty.scheduler.stop","route":"/api/pty/scheduler/stop","method":"POST","duration_ms":0,"message":"ok","pty.scheduler.worker_count":1}
# {"timestamp":"2026-04-22T14:42:18.494Z","level":"info","service":"my-module","event":"span.end","trace_id":"11e3d33d781a49989d08c1f9b9070bc6","span_id":"015ecb0d97704c01","parent_span_id":"91281c989d6e401c","name":"planning_studio.stage_run","duration_ms":404,"status":"ok","attributes":{"http.route":"/api/planning-studio/stage-run","http.request.method":"POST","code.function":"createAppHandler","control_center.operation.duration_ms":404,"stage_run.stage":"D","stage_run.module":"task-management","stage_run.mode":"dry-run","stage_run.status":"ready","stage_run.report_saved":true,"stage_run.release_evidence.generated":false}}
# {"timestamp":"2026-04-22T14:42:18.495Z","level":"info","service":"my-module","event":"metric.histogram","name":"control_center_operation_duration_ms","value":404,"unit":"ms","attributes":{"operation":"planning_studio.stage_run","route":"/api/planning-studio/stage-run","method":"POST"}}
# {"timestamp":"2026-04-22T14:42:18.495Z","level":"info","service":"my-module","event":"control_center.operation","trace_id":"11e3d33d781a49989d08c1f9b9070bc6","parent_span_id":"91281c989d6e401c","span_id":"015ecb0d97704c01","correlation_id":"ed2e4b2c-ed90-41c3-8a95-e6720617a839","request_id":"ed2e4b2c-ed90-41c3-8a95-e6720617a839","operation":"planning_studio.stage_run","route":"/api/planning-studio/stage-run","method":"POST","duration_ms":404,"message":"ok","stage_run.stage":"D","stage_run.module":"task-management","stage_run.mode":"dry-run","stage_run.status":"ready","stage_run.report_saved":true,"stage_run.release_evidence.generated":false}
# {"timestamp":"2026-04-22T14:42:18.495Z","level":"info","service":"my-module","event":"metric.counter","name":"stage_run_report_saved_total","delta":1,"total":1,"attributes":{"route":"/api/planning-studio/stage-run","method":"POST","stage":"D","module":"task-management","mode":"dry-run"}}
# {"timestamp":"2026-04-22T14:42:18.495Z","level":"info","service":"my-module","event":"stage_run.save_ok","correlation_id":"ed2e4b2c-ed90-41c3-8a95-e6720617a839","request_id":"ed2e4b2c-ed90-41c3-8a95-e6720617a839","stage":"D","module":"task-management"}
# {"timestamp":"2026-04-22T14:42:18.497Z","level":"warn","service":"my-module","event":"server.draining","reason":"test","drain_started_at":"2026-04-22T14:42:18.497Z"}
# Subtest: [control center observability smoke] node bridge emits control-center metrics
ok 28 - [control center observability smoke] node bridge emits control-center metrics
  ---
  duration_ms: 651.186598
  type: 'test'
  ...
# {"timestamp":"2026-04-22T14:42:18.506Z","level":"info","service":"my-module","event":"metric.counter","name":"http_requests_total","delta":1,"total":1,"attributes":{"route":"/flags","method":"GET"}}
# {"timestamp":"2026-04-22T14:42:18.506Z","level":"info","service":"my-module","event":"span.end","trace_id":"507bbc420525411ba896f5586967a49e","span_id":"da60a453339344b9","parent_span_id":null,"name":"http.GET /flags","duration_ms":0,"status":"ok","attributes":{"http.method":"GET","http.route":"/flags"}}
# {"timestamp":"2026-04-22T14:42:18.508Z","level":"warn","service":"my-module","event":"server.draining","reason":"test","drain_started_at":"2026-04-22T14:42:18.508Z"}
# Subtest: [control center observability smoke] GET /flags returns full flag state with env-override visibility
ok 29 - [control center observability smoke] GET /flags returns full flag state with env-override visibility
  ---
  duration_ms: 9.179789
  type: 'test'
  ...
# {"timestamp":"2026-04-22T14:42:18.511Z","level":"info","service":"my-module","event":"metric.counter","name":"http_requests_total","delta":1,"total":2,"attributes":{"route":"/readyz","method":"GET","status":200}}
# {"timestamp":"2026-04-22T14:42:18.511Z","level":"info","service":"my-module","event":"span.end","trace_id":"0d35c65932364bad89a4864584df5bf4","span_id":"1a461ca2d23b4d45","parent_span_id":null,"name":"http.GET /readyz","duration_ms":0,"status":"ok","attributes":{"http.method":"GET","http.route":"/readyz","http.status_code":200}}
# {"timestamp":"2026-04-22T14:42:18.511Z","level":"warn","service":"my-module","event":"server.draining","reason":"test","drain_started_at":"2026-04-22T14:42:18.511Z"}
# Subtest: [control center observability smoke] GET /readyz includes env_overridden_flags and enabled_flags
ok 30 - [control center observability smoke] GET /readyz includes env_overridden_flags and enabled_flags
  ---
  duration_ms: 3.376543
  type: 'test'
  ...
# Subtest: [decision apply] promotion decision can bridge directly to apply flow
ok 31 - [decision apply] promotion decision can bridge directly to apply flow
  ---
  duration_ms: 1008.608104
  type: 'test'
  ...
# Subtest: [deployment ingress failure] unreachable target produces FAIL artifact with failure recorded
ok 32 - [deployment ingress failure] unreachable target produces FAIL artifact with failure recorded
  ---
  duration_ms: 72.857557
  type: 'test'
  ...
# Subtest: [deployment ingress failure] --require-https with HTTP target fails with ingress-https step and rollback_trigger
ok 33 - [deployment ingress failure] --require-https with HTTP target fails with ingress-https step and rollback_trigger
  ---
  duration_ms: 27.07555
  type: 'test'
  ...
# Subtest: [deployment ingress failure] --require-https with HTTPS base-url passes the ingress gate (regression check)
ok 34 - [deployment ingress failure] --require-https with HTTPS base-url passes the ingress gate (regression check)
  ---
  duration_ms: 46.915246
  type: 'test'
  ...
# (node:45205) ExperimentalWarning: SQLite is an experimental feature and might change at any time
# (Use `node --trace-warnings ...` to show where the warning was created)
# Subtest: [domain event bus smoke] InMemoryEventPublisher observer pattern
    # Subtest: onPublish callback fires for each published event
    ok 1 - onPublish callback fires for each published event
      ---
      duration_ms: 1.013197
      type: 'test'
      ...
    # Subtest: multiple subscribers all receive the same event
    ok 2 - multiple subscribers all receive the same event
      ---
      duration_ms: 0.693334
      type: 'test'
      ...
    # Subtest: subscriber error does not break subsequent subscribers or publisher
    ok 3 - subscriber error does not break subsequent subscribers or publisher
      ---
      duration_ms: 0.380127
      type: 'test'
      ...
    # Subtest: published events still accumulate in .published array
    ok 4 - published events still accumulate in .published array
      ---
      duration_ms: 0.215765
      type: 'test'
      ...
    # Subtest: toCloudEvent wraps domain event in CloudEvents v1.0 envelope
    ok 5 - toCloudEvent wraps domain event in CloudEvents v1.0 envelope
      ---
      duration_ms: 0.755145
      type: 'test'
      ...
    # Subtest: single event (non-array) published via onPublish fires callback once
    ok 6 - single event (non-array) published via onPublish fires callback once
      ---
      duration_ms: 0.148903
      type: 'test'
      ...
    1..6
ok 35 - [domain event bus smoke] InMemoryEventPublisher observer pattern
  ---
  duration_ms: 4.369222
  type: 'suite'
  ...
# {"timestamp":"2026-04-22T14:42:17.890Z","level":"warn","service":"my-module","event":"server.draining","reason":"manual","drain_started_at":"2026-04-22T14:42:17.890Z"}
# Subtest: [domain event bus smoke] GET /api/v1/domain-events — ring buffer observable
    # Subtest: domain events from POST /tasks appear at GET /api/v1/domain-events
    ok 1 - domain events from POST /tasks appear at GET /api/v1/domain-events
      ---
      duration_ms: 27.85765
      type: 'test'
      ...
    1..1
ok 36 - [domain event bus smoke] GET /api/v1/domain-events — ring buffer observable
  ---
  duration_ms: 29.113345
  type: 'suite'
  ...
# (node:45238) ExperimentalWarning: SQLite is an experimental feature and might change at any time
# (Use `node --trace-warnings ...` to show where the warning was created)
# {"timestamp":"2026-04-22T14:42:25.079Z","level":"info","service":"my-module","event":"metric.counter","name":"control_center_prompt_recommendations_total","delta":1,"total":1,"attributes":{"route":"/api/automation/optimize-prompt","method":"GET"}}
# {"timestamp":"2026-04-22T14:42:25.080Z","level":"info","service":"my-module","event":"span.end","trace_id":"31d816e9abb84d18b15f50f55fb1fecb","span_id":"1a2a20c7a0894260","parent_span_id":"50451fd2e6b14c71","name":"control_center.optimize_prompt","duration_ms":134,"status":"ok","attributes":{"http.route":"/api/automation/optimize-prompt","http.request.method":"GET","code.function":"createAppHandler","control_center.operation.duration_ms":134,"control_center.prompt.source":"planning-studio-snapshot","control_center.snapshot.ok":true}}
# {"timestamp":"2026-04-22T14:42:25.080Z","level":"info","service":"my-module","event":"metric.histogram","name":"control_center_operation_duration_ms","value":134,"unit":"ms","attributes":{"operation":"control_center.optimize_prompt","route":"/api/automation/optimize-prompt","method":"GET"}}
# {"timestamp":"2026-04-22T14:42:25.080Z","level":"info","service":"my-module","event":"control_center.operation","trace_id":"31d816e9abb84d18b15f50f55fb1fecb","parent_span_id":"50451fd2e6b14c71","span_id":"1a2a20c7a0894260","correlation_id":"fa1df31c-09d7-4065-b179-de6a8a6ffa78","request_id":"fa1df31c-09d7-4065-b179-de6a8a6ffa78","operation":"control_center.optimize_prompt","route":"/api/automation/optimize-prompt","method":"GET","duration_ms":134,"message":"ok","control_center.prompt.source":"planning-studio-snapshot","control_center.snapshot.ok":true}
# {"timestamp":"2026-04-22T14:42:25.083Z","level":"info","service":"my-module","event":"metric.counter","name":"pty_bridge_sessions_read_total","delta":1,"total":1,"attributes":{"route":"/api/pty/sessions","method":"GET"}}
# {"timestamp":"2026-04-22T14:42:25.083Z","level":"info","service":"my-module","event":"span.end","trace_id":"07938becd94540cf96cf3ff342ca93df","span_id":"5085cb9af45a4836","parent_span_id":"b5b9fd29283e4a68","name":"pty.bridge.sessions","duration_ms":0,"status":"ok","attributes":{"http.route":"/api/pty/sessions","http.request.method":"GET","code.function":"createAppHandler","control_center.operation.duration_ms":0,"pty.session.count":1}}
# {"timestamp":"2026-04-22T14:42:25.083Z","level":"info","service":"my-module","event":"metric.histogram","name":"control_center_operation_duration_ms","value":0,"unit":"ms","attributes":{"operation":"pty.bridge.sessions","route":"/api/pty/sessions","method":"GET"}}
# {"timestamp":"2026-04-22T14:42:25.083Z","level":"info","service":"my-module","event":"control_center.operation","trace_id":"07938becd94540cf96cf3ff342ca93df","parent_span_id":"b5b9fd29283e4a68","span_id":"5085cb9af45a4836","correlation_id":"d83664aa-8400-48ec-affb-6629bc2e2d36","request_id":"d83664aa-8400-48ec-affb-6629bc2e2d36","operation":"pty.bridge.sessions","route":"/api/pty/sessions","method":"GET","duration_ms":0,"message":"ok","pty.session.count":1}
# {"timestamp":"2026-04-22T14:42:25.089Z","level":"info","service":"my-module","event":"metric.counter","name":"pty_bridge_send_total","delta":1,"total":1,"attributes":{"route":"/api/pty/send","method":"POST","action":"prompt"}}
# {"timestamp":"2026-04-22T14:42:25.089Z","level":"info","service":"my-module","event":"span.end","trace_id":"2ed0a42687414563935d0663ad0f8191","span_id":"37a7231543b34eba","parent_span_id":"cf10560200fa4eb7","name":"pty.bridge.send","duration_ms":0,"status":"ok","attributes":{"http.route":"/api/pty/send","http.request.method":"POST","code.function":"createAppHandler","control_center.operation.duration_ms":0,"pty.session.pts":"node-control-center","pty.send.action":"prompt","pty.packet.id":"WP-SMOKE"}}
# {"timestamp":"2026-04-22T14:42:25.089Z","level":"info","service":"my-module","event":"metric.histogram","name":"control_center_operation_duration_ms","value":0,"unit":"ms","attributes":{"operation":"pty.bridge.send","route":"/api/pty/send","method":"POST"}}
# {"timestamp":"2026-04-22T14:42:25.089Z","level":"info","service":"my-module","event":"control_center.operation","trace_id":"2ed0a42687414563935d0663ad0f8191","parent_span_id":"cf10560200fa4eb7","span_id":"37a7231543b34eba","correlation_id":"7ffd51e5-ed6a-48f3-babf-c569cc10e9eb","request_id":"7ffd51e5-ed6a-48f3-babf-c569cc10e9eb","operation":"pty.bridge.send","route":"/api/pty/send","method":"POST","duration_ms":0,"message":"ok","pty.session.pts":"node-control-center","pty.send.action":"prompt","pty.packet.id":"WP-SMOKE"}
# {"timestamp":"2026-04-22T14:42:29.573Z","level":"info","service":"my-module","event":"metric.counter","name":"pty_scheduler_status_read_total","delta":1,"total":1,"attributes":{"route":"/api/pty/scheduler/status","method":"GET"}}
# {"timestamp":"2026-04-22T14:42:29.573Z","level":"info","service":"my-module","event":"span.end","trace_id":"c066886a410f476e81df1eaedd5c9a9f","span_id":"76e218ce6fb14b05","parent_span_id":"ec26f56fc63145d7","name":"pty.scheduler.status","duration_ms":0,"status":"ok","attributes":{"http.route":"/api/pty/scheduler/status","http.request.method":"GET","code.function":"createAppHandler","control_center.operation.duration_ms":0,"pty.scheduler.running":false,"pty.scheduler.worker_count":0}}
# {"timestamp":"2026-04-22T14:42:29.573Z","level":"info","service":"my-module","event":"metric.histogram","name":"control_center_operation_duration_ms","value":0,"unit":"ms","attributes":{"operation":"pty.scheduler.status","route":"/api/pty/scheduler/status","method":"GET"}}
# {"timestamp":"2026-04-22T14:42:29.573Z","level":"info","service":"my-module","event":"control_center.operation","trace_id":"c066886a410f476e81df1eaedd5c9a9f","parent_span_id":"ec26f56fc63145d7","span_id":"76e218ce6fb14b05","correlation_id":"618b9666-091a-47e3-a3a7-cb266a7ae167","request_id":"618b9666-091a-47e3-a3a7-cb266a7ae167","operation":"pty.scheduler.status","route":"/api/pty/scheduler/status","method":"GET","duration_ms":0,"message":"ok","pty.scheduler.running":false,"pty.scheduler.worker_count":0}
# {"timestamp":"2026-04-22T14:42:29.574Z","level":"info","service":"my-module","event":"metric.counter","name":"pty_scheduler_start_total","delta":1,"total":1,"attributes":{"route":"/api/pty/scheduler/start","method":"POST"}}
# {"timestamp":"2026-04-22T14:42:29.574Z","level":"info","service":"my-module","event":"span.end","trace_id":"a89cfe1e8d464faebc5b66cfcd431062","span_id":"9807ee99fdc4483f","parent_span_id":"048d365c71c24f2c","name":"pty.scheduler.start","duration_ms":0,"status":"ok","attributes":{"http.route":"/api/pty/scheduler/start","http.request.method":"POST","code.function":"createAppHandler","control_center.operation.duration_ms":0,"pty.scheduler.worker_count":1}}
# {"timestamp":"2026-04-22T14:42:29.574Z","level":"info","service":"my-module","event":"metric.histogram","name":"control_center_operation_duration_ms","value":0,"unit":"ms","attributes":{"operation":"pty.scheduler.start","route":"/api/pty/scheduler/start","method":"POST"}}
# {"timestamp":"2026-04-22T14:42:29.574Z","level":"info","service":"my-module","event":"control_center.operation","trace_id":"a89cfe1e8d464faebc5b66cfcd431062","parent_span_id":"048d365c71c24f2c","span_id":"9807ee99fdc4483f","correlation_id":"a9c8f0dd-f968-4c9b-a16b-69905b8bd809","request_id":"a9c8f0dd-f968-4c9b-a16b-69905b8bd809","operation":"pty.scheduler.start","route":"/api/pty/scheduler/start","method":"POST","duration_ms":0,"message":"ok","pty.scheduler.worker_count":1}
# {"timestamp":"2026-04-22T14:42:29.577Z","level":"info","service":"my-module","event":"metric.counter","name":"pty_scheduler_status_read_total","delta":1,"total":2,"attributes":{"route":"/api/pty/scheduler/status","method":"GET"}}
# {"timestamp":"2026-04-22T14:42:29.577Z","level":"info","service":"my-module","event":"span.end","trace_id":"cd4bfebca4cd44c4b7d9e1c71f4c3f52","span_id":"5413578ddcd6423c","parent_span_id":"15f1b3374bce4dd7","name":"pty.scheduler.status","duration_ms":0,"status":"ok","attributes":{"http.route":"/api/pty/scheduler/status","http.request.method":"GET","code.function":"createAppHandler","control_center.operation.duration_ms":0,"pty.scheduler.running":true,"pty.scheduler.worker_count":1}}
# {"timestamp":"2026-04-22T14:42:29.577Z","level":"info","service":"my-module","event":"metric.histogram","name":"control_center_operation_duration_ms","value":0,"unit":"ms","attributes":{"operation":"pty.scheduler.status","route":"/api/pty/scheduler/status","method":"GET"}}
# {"timestamp":"2026-04-22T14:42:29.577Z","level":"info","service":"my-module","event":"control_center.operation","trace_id":"cd4bfebca4cd44c4b7d9e1c71f4c3f52","parent_span_id":"15f1b3374bce4dd7","span_id":"5413578ddcd6423c","correlation_id":"e42f302e-4c82-4a3b-9fdf-6833cbe35210","request_id":"e42f302e-4c82-4a3b-9fdf-6833cbe35210","operation":"pty.scheduler.status","route":"/api/pty/scheduler/status","method":"GET","duration_ms":0,"message":"ok","pty.scheduler.running":true,"pty.scheduler.worker_count":1}
# {"timestamp":"2026-04-22T14:42:29.578Z","level":"info","service":"my-module","event":"metric.counter","name":"pty_bridge_send_total","delta":1,"total":2,"attributes":{"route":"/api/pty/send-now","method":"POST","action":"prompt"}}
# {"timestamp":"2026-04-22T14:42:30.707Z","level":"info","service":"my-module","event":"metric.counter","name":"pty_bridge_send_total","delta":1,"total":3,"attributes":{"route":"/api/pty/enter-now","method":"POST","action":"enter"}}
# {"timestamp":"2026-04-22T14:42:30.708Z","level":"info","service":"my-module","event":"metric.counter","name":"pty_scheduler_stop_total","delta":1,"total":1,"attributes":{"route":"/api/pty/scheduler/stop","method":"POST"}}
# {"timestamp":"2026-04-22T14:42:30.709Z","level":"info","service":"my-module","event":"span.end","trace_id":"0b351184f0884fa2901daac1a4cc007f","span_id":"37941a8fd34f45f4","parent_span_id":"8942aba89c7f4657","name":"pty.scheduler.stop","duration_ms":1,"status":"ok","attributes":{"http.route":"/api/pty/scheduler/stop","http.request.method":"POST","code.function":"createAppHandler","control_center.operation.duration_ms":1,"pty.scheduler.worker_count":1}}
# {"timestamp":"2026-04-22T14:42:30.709Z","level":"info","service":"my-module","event":"metric.histogram","name":"control_center_operation_duration_ms","value":1,"unit":"ms","attributes":{"operation":"pty.scheduler.stop","route":"/api/pty/scheduler/stop","method":"POST"}}
# {"timestamp":"2026-04-22T14:42:30.709Z","level":"info","service":"my-module","event":"control_center.operation","trace_id":"0b351184f0884fa2901daac1a4cc007f","parent_span_id":"8942aba89c7f4657","span_id":"37941a8fd34f45f4","correlation_id":"662f3290-c2ac-4aee-aa9f-a30e0e0814a4","request_id":"662f3290-c2ac-4aee-aa9f-a30e0e0814a4","operation":"pty.scheduler.stop","route":"/api/pty/scheduler/stop","method":"POST","duration_ms":1,"message":"ok","pty.scheduler.worker_count":1}
# {"timestamp":"2026-04-22T14:42:30.711Z","level":"info","service":"my-module","event":"metric.counter","name":"pty_scheduler_status_read_total","delta":1,"total":3,"attributes":{"route":"/api/pty/scheduler/status","method":"GET"}}
# {"timestamp":"2026-04-22T14:42:30.711Z","level":"info","service":"my-module","event":"span.end","trace_id":"2597017ce9e84f8c966844a147d72702","span_id":"e52c41c043a24fb9","parent_span_id":"a60b7ad21eb14a2f","name":"pty.scheduler.status","duration_ms":0,"status":"ok","attributes":{"http.route":"/api/pty/scheduler/status","http.request.method":"GET","code.function":"createAppHandler","control_center.operation.duration_ms":0,"pty.scheduler.running":false,"pty.scheduler.worker_count":1}}
# {"timestamp":"2026-04-22T14:42:30.711Z","level":"info","service":"my-module","event":"metric.histogram","name":"control_center_operation_duration_ms","value":0,"unit":"ms","attributes":{"operation":"pty.scheduler.status","route":"/api/pty/scheduler/status","method":"GET"}}
# {"timestamp":"2026-04-22T14:42:30.711Z","level":"info","service":"my-module","event":"control_center.operation","trace_id":"2597017ce9e84f8c966844a147d72702","parent_span_id":"a60b7ad21eb14a2f","span_id":"e52c41c043a24fb9","correlation_id":"efe02747-06ef-44e2-a3aa-20ac8c9e94cf","request_id":"efe02747-06ef-44e2-a3aa-20ac8c9e94cf","operation":"pty.scheduler.status","route":"/api/pty/scheduler/status","method":"GET","duration_ms":0,"message":"ok","pty.scheduler.running":false,"pty.scheduler.worker_count":1}
# {"timestamp":"2026-04-22T14:42:30.712Z","level":"warn","service":"my-module","event":"server.draining","reason":"test","drain_started_at":"2026-04-22T14:42:30.712Z"}
# Subtest: [dynamic frontend server smoke] node server renders dynamic frontend surfaces and keeps planning api alive
ok 37 - [dynamic frontend server smoke] node server renders dynamic frontend surfaces and keeps planning api alive
  ---
  duration_ms: 11650.756609
  type: 'test'
  ...
# {"timestamp":"2026-04-22T14:42:30.715Z","level":"info","service":"my-module","event":"metric.counter","name":"pty_bridge_failures_total","delta":1,"total":1,"attributes":{"route":"/api/pty/send","method":"POST","reason":"missing_pts"}}
# {"timestamp":"2026-04-22T14:42:30.715Z","level":"info","service":"my-module","event":"span.end","trace_id":"2e2d88831f274236a4bdb3e8d682a4f0","span_id":"68cc8bead0934863","parent_span_id":"1ff2f9f520844c25","name":"pty.bridge.send","duration_ms":0,"status":"error","attributes":{"http.route":"/api/pty/send","http.request.method":"POST","code.function":"createAppHandler","exception.type":"Error","exception.message":"pts required","control_center.operation.duration_ms":0,"pty.send.reason":"missing_pts"}}
# {"timestamp":"2026-04-22T14:42:30.715Z","level":"info","service":"my-module","event":"metric.histogram","name":"control_center_operation_duration_ms","value":0,"unit":"ms","attributes":{"operation":"pty.bridge.send","route":"/api/pty/send","method":"POST","error":true}}
# {"timestamp":"2026-04-22T14:42:30.715Z","level":"info","service":"my-module","event":"control_center.operation.failed","trace_id":"2e2d88831f274236a4bdb3e8d682a4f0","parent_span_id":"1ff2f9f520844c25","span_id":"68cc8bead0934863","correlation_id":"4f3c622e-5352-4b5d-a22f-884f9a9e3fb9","request_id":"4f3c622e-5352-4b5d-a22f-884f9a9e3fb9","operation":"pty.bridge.send","route":"/api/pty/send","method":"POST","duration_ms":0,"error_message":"pts required","pty.send.reason":"missing_pts"}
# {"timestamp":"2026-04-22T14:42:31.923Z","level":"info","service":"my-module","event":"metric.counter","name":"pty_bridge_failures_total","delta":1,"total":2,"attributes":{"route":"/api/pty/send","method":"POST","reason":"unknown_pts"}}
# {"timestamp":"2026-04-22T14:42:31.923Z","level":"info","service":"my-module","event":"span.end","trace_id":"78143e9690ed47ee98005a2d5e960179","span_id":"bb9905abe65d4c9b","parent_span_id":"09d230e5ab6349d4","name":"pty.bridge.send","duration_ms":0,"status":"error","attributes":{"http.route":"/api/pty/send","http.request.method":"POST","code.function":"createAppHandler","exception.type":"Error","exception.message":"unknown pts","control_center.operation.duration_ms":0,"pty.send.reason":"unknown_pts","pty.session.pts":"/dev/pts/99999"}}
# {"timestamp":"2026-04-22T14:42:31.923Z","level":"info","service":"my-module","event":"metric.histogram","name":"control_center_operation_duration_ms","value":0,"unit":"ms","attributes":{"operation":"pty.bridge.send","route":"/api/pty/send","method":"POST","error":true}}
# {"timestamp":"2026-04-22T14:42:31.923Z","level":"info","service":"my-module","event":"control_center.operation.failed","trace_id":"78143e9690ed47ee98005a2d5e960179","parent_span_id":"09d230e5ab6349d4","span_id":"bb9905abe65d4c9b","correlation_id":"8dbe7a1b-bdb8-4d56-a8eb-1be33fd206e1","request_id":"8dbe7a1b-bdb8-4d56-a8eb-1be33fd206e1","operation":"pty.bridge.send","route":"/api/pty/send","method":"POST","duration_ms":0,"error_message":"unknown pts","pty.send.reason":"unknown_pts","pty.session.pts":"/dev/pts/99999"}
# {"timestamp":"2026-04-22T14:42:33.041Z","level":"warn","service":"my-module","event":"server.draining","reason":"test","drain_started_at":"2026-04-22T14:42:33.041Z"}
# Subtest: [dynamic frontend server smoke] PTY send errors return RFC 7807 Problem Details
ok 38 - [dynamic frontend server smoke] PTY send errors return RFC 7807 Problem Details
  ---
  duration_ms: 2328.898482
  type: 'test'
  ...
# Subtest: [env-init] --dry-run outputs scaffold without writing file
ok 39 - [env-init] --dry-run outputs scaffold without writing file
  ---
  duration_ms: 28.222722
  type: 'test'
  ...
# Subtest: [env-init] generates .env scaffold in empty temp directory
ok 40 - [env-init] generates .env scaffold in empty temp directory
  ---
  duration_ms: 23.382691
  type: 'test'
  ...
# Subtest: [env-init] preserves existing active settings on incremental add
ok 41 - [env-init] preserves existing active settings on incremental add
  ---
  duration_ms: 28.913156
  type: 'test'
  ...
# Subtest: [env-init] groups flags into released/internal sections when metadata.json is present
ok 42 - [env-init] groups flags into released/internal sections when metadata.json is present
  ---
  duration_ms: 26.303828
  type: 'test'
  ...
# Subtest: [env-init] --force rewrites .env and creates .env.bak
ok 43 - [env-init] --force rewrites .env and creates .env.bak
  ---
  duration_ms: 28.584933
  type: 'test'
  ...
# (node:45248) ExperimentalWarning: SQLite is an experimental feature and might change at any time
# (Use `node --trace-warnings ...` to show where the warning was created)
# {"timestamp":"2026-04-22T14:42:17.951Z","level":"warn","service":"my-module","event":"server.draining","reason":"manual","drain_started_at":"2026-04-22T14:42:17.951Z"}
# {"timestamp":"2026-04-22T14:42:17.955Z","level":"warn","service":"my-module","event":"server.draining","reason":"manual","drain_started_at":"2026-04-22T14:42:17.955Z"}
# Subtest: [eventbus wiring smoke] task 생성 후 domain-events ring buffer에 이벤트가 기록된다
ok 44 - [eventbus wiring smoke] task 생성 후 domain-events ring buffer에 이벤트가 기록된다
  ---
  duration_ms: 22.427912
  type: 'test'
  ...
# Subtest: [eventbus wiring smoke] EventBus.getInstance()는 서버 시작 후 항상 동일 인스턴스
ok 45 - [eventbus wiring smoke] EventBus.getInstance()는 서버 시작 후 항상 동일 인스턴스
  ---
  duration_ms: 2.175234
  type: 'test'
  ...
# Subtest: [exception packet] bounded extra context becomes a packet draft
ok 46 - [exception packet] bounded extra context becomes a packet draft
  ---
  duration_ms: 60.448479
  type: 'test'
  ...
# Subtest: [exception replay] allowed exception context is summarized for study and next actions
ok 47 - [exception replay] allowed exception context is summarized for study and next actions
  ---
  duration_ms: 53.294952
  type: 'test'
  ...
# Subtest: [exception routing] exception replay becomes routing patch suggestions
ok 48 - [exception routing] exception replay becomes routing patch suggestions
  ---
  duration_ms: 58.445891
  type: 'test'
  ...
# Subtest: [context bundle export] current-wp and routing profile become a minimal read bundle
ok 49 - [context bundle export] current-wp and routing profile become a minimal read bundle
  ---
  duration_ms: 57.296076
  type: 'test'
  ...
# Subtest: [context lock] exact file manifest is exported for minimal read tiers
ok 50 - [context lock] exact file manifest is exported for minimal read tiers
  ---
  duration_ms: 61.918924
  type: 'test'
  ...
# [FeatureFlagProvider] ENV override: billing.enabled=true (via WOS_FLAG_BILLING_ENABLED) — rollout bypassed
# [FeatureFlagProvider] ENV override: enable_task_management=true (via WOS_FLAG_ENABLE_TASK_MANAGEMENT) — rollout bypassed
# [FeatureFlagProvider] ENV override: enable_debug_mode=false (via WOS_FLAG_ENABLE_DEBUG_MODE) — rollout bypassed
# [FeatureFlagProvider] ENV override: my_feature=true (via WOS_FLAG_MY_FEATURE) — rollout bypassed
# Subtest: [feature flags] evaluates metadata, targeting, hooks, and stale state
ok 51 - [feature flags] evaluates metadata, targeting, hooks, and stale state
  ---
  duration_ms: 3.979139
  type: 'test'
  ...
# Subtest: [feature flags] WOS_FLAG_ env override activates declared flags without creating phantom flags
ok 52 - [feature flags] WOS_FLAG_ env override activates declared flags without creating phantom flags
  ---
  duration_ms: 1.260825
  type: 'test'
  ...
# Subtest: [feature flags] WOS_FLAG_ env override can also disable a yaml-enabled flag
ok 53 - [feature flags] WOS_FLAG_ env override can also disable a yaml-enabled flag
  ---
  duration_ms: 0.590512
  type: 'test'
  ...
# Subtest: [feature flags] WOS_FLAG_ env override bypasses rollout percentage — full env activation
ok 54 - [feature flags] WOS_FLAG_ env override bypasses rollout percentage — full env activation
  ---
  duration_ms: 0.749435
  type: 'test'
  ...
# Subtest: [harness contract smoke] provider adapter contract baseline validates
ok 55 - [harness contract smoke] provider adapter contract baseline validates
  ---
  duration_ms: 139.437559
  type: 'test'
  ...
# Subtest: [harness evals smoke] offline harness eval runner emits a report artifact
ok 56 - [harness evals smoke] offline harness eval runner emits a report artifact
  ---
  duration_ms: 31.983527
  type: 'test'
  ...
# (node:45407) ExperimentalWarning: SQLite is an experimental feature and might change at any time
# (Use `node --trace-warnings ...` to show where the warning was created)
# Subtest: [harness live provider] HARNESS_PROVIDER=openai selects openai-responses chain
ok 57 - [harness live provider] HARNESS_PROVIDER=openai selects openai-responses chain
  ---
  duration_ms: 0.859967
  type: 'test'
  ...
# Subtest: [harness live provider] no HARNESS_PROVIDER uses null fallback chain
ok 58 - [harness live provider] no HARNESS_PROVIDER uses null fallback chain
  ---
  duration_ms: 0.282606
  type: 'test'
  ...
# {"timestamp":"2026-04-22T14:42:18.208Z","level":"info","service":"my-module","event":"span.end","trace_id":"298facfb2c8c4767a57335a3adbf03cc","span_id":"b20c09a361bc4804","parent_span_id":null,"name":"harness.provider.route","duration_ms":0,"status":"ok","attributes":{"harness.route.id":"mini-build","harness.route.mode":"Build","harness.route.tier":"mini"}}
# {"timestamp":"2026-04-22T14:42:18.209Z","level":"info","service":"my-module","event":"span.end","trace_id":"0e858eb98c894b69a141c6184069c627","span_id":"81fc2037a3694a33","parent_span_id":null,"name":"harness.provider.invoke","duration_ms":0,"status":"error","attributes":{"harness.provider.id":"openai-responses","harness.route.id":"mini-build","harness.route.mode":"Build","exception.type":"Error","exception.message":"OpenAI provider requester or API key is not configured"}}
# {"timestamp":"2026-04-22T14:42:18.209Z","level":"warn","service":"my-module","event":"harness.provider.invoke_failed","correlation_id":"961986f6-d855-474b-b4f4-119127d7d92b","request_id":"961986f6-d855-474b-b4f4-119127d7d92b","provider_id":"openai-responses","route_id":"mini-build","error_code":"PROVIDER_NOT_CONFIGURED","error_message":"OpenAI provider requester or API key is not configured"}
# {"timestamp":"2026-04-22T14:42:18.209Z","level":"info","service":"my-module","event":"span.end","trace_id":"35c203666392447a9447dd0c8869e8e5","span_id":"d04606a0f3224324","parent_span_id":null,"name":"harness.provider.fallback","duration_ms":0,"status":"ok","attributes":{"harness.provider.from":"openai-responses","harness.provider.to":"null-harness-provider","harness.provider.reason":"PROVIDER_NOT_CONFIGURED"}}
# {"timestamp":"2026-04-22T14:42:18.210Z","level":"info","service":"my-module","event":"metric.histogram","name":"gen_ai_client_operation_duration_ms","value":0,"unit":"ms","attributes":{"provider_id":"null-harness-provider","route_id":"mini-build","mode":"Build"}}
# {"timestamp":"2026-04-22T14:42:18.210Z","level":"info","service":"my-module","event":"metric.counter","name":"gen_ai_client_input_tokens","delta":20,"total":20,"attributes":{"provider_id":"null-harness-provider","route_id":"mini-build","mode":"Build"}}
# {"timestamp":"2026-04-22T14:42:18.210Z","level":"info","service":"my-module","event":"metric.counter","name":"gen_ai_client_output_tokens","delta":1,"total":1,"attributes":{"provider_id":"null-harness-provider","route_id":"mini-build","mode":"Build"}}
# {"timestamp":"2026-04-22T14:42:18.210Z","level":"info","service":"my-module","event":"span.end","trace_id":"42f5dedc70654dd09b805f5f60bdd7e6","span_id":"219b48281b4a4d25","parent_span_id":null,"name":"harness.provider.invoke","duration_ms":1,"status":"ok","attributes":{"harness.provider.id":"null-harness-provider","harness.route.id":"mini-build","harness.route.mode":"Build","harness.provider.fallback_applied":true,"harness.provider.model":"null-mini"}}
# {"timestamp":"2026-04-22T14:42:18.210Z","level":"info","service":"my-module","event":"harness.provider.invoke","correlation_id":"961986f6-d855-474b-b4f4-119127d7d92b","request_id":"961986f6-d855-474b-b4f4-119127d7d92b","provider_id":"null-harness-provider","model":"null-mini","route_id":"mini-build","reasoning_effort":"medium","prompt_version":"0.2.0","retry_count":0,"fallback_applied":true,"latency_ms":0,"input_tokens":20,"output_tokens":1}
# {"timestamp":"2026-04-22T14:42:18.210Z","level":"info","service":"my-module","event":"metric.counter","name":"control_center_prompt_recommendations_total","delta":1,"total":1,"attributes":{}}
# {"timestamp":"2026-04-22T14:42:18.211Z","level":"info","service":"my-module","event":"span.end","trace_id":"68bdd2c3efc7446b965f9d0209da60e0","span_id":"c5589dc57b544abe","parent_span_id":"72a24eac14324e90","name":"harness.prompt_recommendation","duration_ms":2,"status":"ok","attributes":{"http.route":"/api/harness/prompt-recommendation","http.request.method":"POST","code.function":"createAppHandler","control_center.operation.duration_ms":2,"harness.mode":"Build","harness.route_id":"mini-build","harness.provider_id":"null-harness-provider","harness.fallback_applied":"true"}}
# {"timestamp":"2026-04-22T14:42:18.211Z","level":"info","service":"my-module","event":"metric.histogram","name":"control_center_operation_duration_ms","value":2,"unit":"ms","attributes":{"operation":"harness.prompt_recommendation","route":"/api/harness/prompt-recommendation","method":"POST"}}
# {"timestamp":"2026-04-22T14:42:18.211Z","level":"info","service":"my-module","event":"control_center.operation","trace_id":"68bdd2c3efc7446b965f9d0209da60e0","parent_span_id":"72a24eac14324e90","span_id":"c5589dc57b544abe","correlation_id":"961986f6-d855-474b-b4f4-119127d7d92b","request_id":"961986f6-d855-474b-b4f4-119127d7d92b","operation":"harness.prompt_recommendation","route":"/api/harness/prompt-recommendation","method":"POST","duration_ms":2,"message":"ok","harness.mode":"Build","harness.route_id":"mini-build","harness.provider_id":"null-harness-provider","harness.fallback_applied":"true"}
# {"timestamp":"2026-04-22T14:42:18.216Z","level":"warn","service":"my-module","event":"server.draining","reason":"test","drain_started_at":"2026-04-22T14:42:18.216Z"}
# Subtest: [harness live provider] HARNESS_PROVIDER=openai with no key returns null fallback on HTTP surface
ok 59 - [harness live provider] HARNESS_PROVIDER=openai with no key returns null fallback on HTTP surface
  ---
  duration_ms: 50.303423
  type: 'test'
  ...
# (node:45434) ExperimentalWarning: SQLite is an experimental feature and might change at any time
# (Use `node --trace-warnings ...` to show where the warning was created)
# {"timestamp":"2026-04-22T14:42:18.228Z","level":"info","service":"my-module","event":"span.end","trace_id":"780528bb1e0649b1b0511682eb8c28b9","span_id":"f85aa391134b4b42","parent_span_id":null,"name":"harness.provider.route","duration_ms":0,"status":"ok","attributes":{"harness.route.id":"mini-build","harness.route.mode":"Build","harness.route.tier":"mini"}}
# {"timestamp":"2026-04-22T14:42:18.228Z","level":"info","service":"my-module","event":"span.end","trace_id":"a701eb4e36954d7fb7def685b0c1154c","span_id":"1980a98241e142dc","parent_span_id":null,"name":"harness.provider.invoke","duration_ms":0,"status":"error","attributes":{"harness.provider.id":"openai-responses","harness.route.id":"mini-build","harness.route.mode":"Build","exception.type":"Error","exception.message":"OpenAI provider requester or API key is not configured"}}
# {"timestamp":"2026-04-22T14:42:18.229Z","level":"warn","service":"my-module","event":"harness.provider.invoke_failed","correlation_id":"2eea6d6a-b5e6-4c3d-bcea-fe700399555c","request_id":"2eea6d6a-b5e6-4c3d-bcea-fe700399555c","provider_id":"openai-responses","route_id":"mini-build","error_code":"PROVIDER_NOT_CONFIGURED","error_message":"OpenAI provider requester or API key is not configured"}
# {"timestamp":"2026-04-22T14:42:18.229Z","level":"info","service":"my-module","event":"span.end","trace_id":"68733b408c83426688be82043a1b210c","span_id":"07759f03f1bb49cb","parent_span_id":null,"name":"harness.provider.fallback","duration_ms":0,"status":"ok","attributes":{"harness.provider.from":"openai-responses","harness.provider.to":"null-harness-provider","harness.provider.reason":"PROVIDER_NOT_CONFIGURED"}}
# {"timestamp":"2026-04-22T14:42:18.229Z","level":"info","service":"my-module","event":"metric.histogram","name":"gen_ai_client_operation_duration_ms","value":0,"unit":"ms","attributes":{"provider_id":"null-harness-provider","route_id":"mini-build","mode":"Build"}}
# {"timestamp":"2026-04-22T14:42:18.229Z","level":"info","service":"my-module","event":"metric.counter","name":"gen_ai_client_input_tokens","delta":20,"total":20,"attributes":{"provider_id":"null-harness-provider","route_id":"mini-build","mode":"Build"}}
# {"timestamp":"2026-04-22T14:42:18.229Z","level":"info","service":"my-module","event":"metric.counter","name":"gen_ai_client_output_tokens","delta":1,"total":1,"attributes":{"provider_id":"null-harness-provider","route_id":"mini-build","mode":"Build"}}
# {"timestamp":"2026-04-22T14:42:18.229Z","level":"info","service":"my-module","event":"span.end","trace_id":"84c87eb19bcf4f5898efde322137e2e0","span_id":"c4281829e6e04174","parent_span_id":null,"name":"harness.provider.invoke","duration_ms":0,"status":"ok","attributes":{"harness.provider.id":"null-harness-provider","harness.route.id":"mini-build","harness.route.mode":"Build","harness.provider.fallback_applied":true,"harness.provider.model":"null-mini"}}
# {"timestamp":"2026-04-22T14:42:18.229Z","level":"info","service":"my-module","event":"harness.provider.invoke","correlation_id":"2eea6d6a-b5e6-4c3d-bcea-fe700399555c","request_id":"2eea6d6a-b5e6-4c3d-bcea-fe700399555c","provider_id":"null-harness-provider","model":"null-mini","route_id":"mini-build","reasoning_effort":"medium","prompt_version":"0.2.0","retry_count":0,"fallback_applied":true,"latency_ms":0,"input_tokens":20,"output_tokens":1}
# {"timestamp":"2026-04-22T14:42:18.230Z","level":"info","service":"my-module","event":"metric.counter","name":"control_center_prompt_recommendations_total","delta":1,"total":1,"attributes":{}}
# {"timestamp":"2026-04-22T14:42:18.230Z","level":"info","service":"my-module","event":"span.end","trace_id":"b4ec4b11e9294cb48e59ea8f4a5ecbfc","span_id":"139b2b01130a4dea","parent_span_id":"92a1087a3c224f5d","name":"harness.prompt_recommendation","duration_ms":2,"status":"ok","attributes":{"http.route":"/api/harness/prompt-recommendation","http.request.method":"POST","code.function":"createAppHandler","control_center.operation.duration_ms":2,"harness.mode":"Build","harness.route_id":"mini-build","harness.provider_id":"null-harness-provider","harness.fallback_applied":"true"}}
# {"timestamp":"2026-04-22T14:42:18.230Z","level":"info","service":"my-module","event":"metric.histogram","name":"control_center_operation_duration_ms","value":2,"unit":"ms","attributes":{"operation":"harness.prompt_recommendation","route":"/api/harness/prompt-recommendation","method":"POST"}}
# {"timestamp":"2026-04-22T14:42:18.230Z","level":"info","service":"my-module","event":"control_center.operation","trace_id":"b4ec4b11e9294cb48e59ea8f4a5ecbfc","parent_span_id":"92a1087a3c224f5d","span_id":"139b2b01130a4dea","correlation_id":"2eea6d6a-b5e6-4c3d-bcea-fe700399555c","request_id":"2eea6d6a-b5e6-4c3d-bcea-fe700399555c","operation":"harness.prompt_recommendation","route":"/api/harness/prompt-recommendation","method":"POST","duration_ms":2,"message":"ok","harness.mode":"Build","harness.route_id":"mini-build","harness.provider_id":"null-harness-provider","harness.fallback_applied":"true"}
# {"timestamp":"2026-04-22T14:42:18.235Z","level":"warn","service":"my-module","event":"server.draining","reason":"test","drain_started_at":"2026-04-22T14:42:18.235Z"}
# Subtest: [harness provider failure smoke] no-secret openai preference falls back to null provider on HTTP surface
ok 60 - [harness provider failure smoke] no-secret openai preference falls back to null provider on HTTP surface
  ---
  duration_ms: 42.024492
  type: 'test'
  ...
# {"timestamp":"2026-04-22T14:42:18.243Z","level":"info","service":"my-module","event":"span.end","trace_id":"2c8e185d54464d419b1b494e3a334ba5","span_id":"99e68176bc6d4a92","parent_span_id":null,"name":"harness.provider.route","duration_ms":0,"status":"ok","attributes":{"harness.route.id":"mini-build","harness.route.mode":"Build","harness.route.tier":"mini"}}
# {"timestamp":"2026-04-22T14:42:18.243Z","level":"info","service":"my-module","event":"span.end","trace_id":"876937a2184348d5a0ccd67d6d8d1c36","span_id":"d002436077fa455a","parent_span_id":null,"name":"harness.provider.invoke","duration_ms":0,"status":"error","attributes":{"harness.provider.id":"throwing-PROVIDER_SCHEMA_MISMATCH","harness.route.id":"mini-build","harness.route.mode":"Build","exception.type":"Error","exception.message":"provider payload invalid"}}
# {"timestamp":"2026-04-22T14:42:18.243Z","level":"warn","service":"my-module","event":"harness.provider.invoke_failed","correlation_id":"863fd876-77e6-45e5-8000-29bfec058219","request_id":"863fd876-77e6-45e5-8000-29bfec058219","provider_id":"throwing-PROVIDER_SCHEMA_MISMATCH","route_id":"mini-build","error_code":"PROVIDER_SCHEMA_MISMATCH","error_message":"provider payload invalid"}
# {"timestamp":"2026-04-22T14:42:18.244Z","level":"info","service":"my-module","event":"span.end","trace_id":"660929a1473e477e9ad79a77d3962b31","span_id":"5bf330d8748441dd","parent_span_id":"337b975a50ec43c3","name":"harness.prompt_recommendation","duration_ms":1,"status":"error","attributes":{"http.route":"/api/harness/prompt-recommendation","http.request.method":"POST","code.function":"createAppHandler","exception.type":"Error","exception.message":"provider payload invalid","control_center.operation.duration_ms":1,"harness.mode":"Build"}}
# {"timestamp":"2026-04-22T14:42:18.244Z","level":"info","service":"my-module","event":"metric.histogram","name":"control_center_operation_duration_ms","value":1,"unit":"ms","attributes":{"operation":"harness.prompt_recommendation","route":"/api/harness/prompt-recommendation","method":"POST","error":true}}
# {"timestamp":"2026-04-22T14:42:18.244Z","level":"info","service":"my-module","event":"control_center.operation.failed","trace_id":"660929a1473e477e9ad79a77d3962b31","parent_span_id":"337b975a50ec43c3","span_id":"5bf330d8748441dd","correlation_id":"863fd876-77e6-45e5-8000-29bfec058219","request_id":"863fd876-77e6-45e5-8000-29bfec058219","operation":"harness.prompt_recommendation","route":"/api/harness/prompt-recommendation","method":"POST","duration_ms":1,"error_message":"provider payload invalid","harness.mode":"Build"}
# {"timestamp":"2026-04-22T14:42:18.245Z","level":"warn","service":"my-module","event":"server.draining","reason":"test","drain_started_at":"2026-04-22T14:42:18.245Z"}
# Subtest: [harness provider failure smoke] schema mismatch returns structured 500 without null fallback
ok 61 - [harness provider failure smoke] schema mismatch returns structured 500 without null fallback
  ---
  duration_ms: 8.226454
  type: 'test'
  ...
# {"timestamp":"2026-04-22T14:42:18.254Z","level":"info","service":"my-module","event":"span.end","trace_id":"b386c9d025c04e44b02f6137808033d8","span_id":"96fa9aaa90b245d3","parent_span_id":null,"name":"harness.provider.route","duration_ms":0,"status":"ok","attributes":{"harness.route.id":"mini-build","harness.route.mode":"Build","harness.route.tier":"mini"}}
# {"timestamp":"2026-04-22T14:42:18.254Z","level":"info","service":"my-module","event":"span.end","trace_id":"95de15c80f79448e94f6eddbd7d75a2b","span_id":"42bc0f1a90f84329","parent_span_id":null,"name":"harness.provider.invoke","duration_ms":0,"status":"error","attributes":{"harness.provider.id":"throwing-PROVIDER_UNAVAILABLE","harness.route.id":"mini-build","harness.route.mode":"Build","exception.type":"Error","exception.message":"provider outage"}}
# {"timestamp":"2026-04-22T14:42:18.254Z","level":"warn","service":"my-module","event":"harness.provider.invoke_failed","correlation_id":"d844b931-462f-4c50-b14e-7c7a28eba763","request_id":"d844b931-462f-4c50-b14e-7c7a28eba763","provider_id":"throwing-PROVIDER_UNAVAILABLE","route_id":"mini-build","error_code":"PROVIDER_UNAVAILABLE","error_message":"provider outage"}
# {"timestamp":"2026-04-22T14:42:18.254Z","level":"info","service":"my-module","event":"span.end","trace_id":"860d5371574c4af3819585a769291e57","span_id":"f14b7f5a2980405e","parent_span_id":null,"name":"harness.provider.fallback","duration_ms":0,"status":"ok","attributes":{"harness.provider.from":"throwing-PROVIDER_UNAVAILABLE","harness.provider.to":"throwing-PROVIDER_UNAVAILABLE","harness.provider.reason":"PROVIDER_UNAVAILABLE"}}
# {"timestamp":"2026-04-22T14:42:18.254Z","level":"info","service":"my-module","event":"span.end","trace_id":"62b9162e61d647059edb1ef4058a2f0d","span_id":"9219a10cd0954ead","parent_span_id":null,"name":"harness.provider.invoke","duration_ms":0,"status":"error","attributes":{"harness.provider.id":"throwing-PROVIDER_UNAVAILABLE","harness.route.id":"mini-build","harness.route.mode":"Build","exception.type":"Error","exception.message":"provider outage"}}
# {"timestamp":"2026-04-22T14:42:18.254Z","level":"warn","service":"my-module","event":"harness.provider.invoke_failed","correlation_id":"d844b931-462f-4c50-b14e-7c7a28eba763","request_id":"d844b931-462f-4c50-b14e-7c7a28eba763","provider_id":"throwing-PROVIDER_UNAVAILABLE","route_id":"mini-build","error_code":"PROVIDER_UNAVAILABLE","error_message":"provider outage"}
# {"timestamp":"2026-04-22T14:42:18.254Z","level":"info","service":"my-module","event":"span.end","trace_id":"1703f0922ac2426e8eeb1e3632265006","span_id":"b90d585064c64554","parent_span_id":"d8d14fdcaee94dc4","name":"harness.prompt_recommendation","duration_ms":0,"status":"error","attributes":{"http.route":"/api/harness/prompt-recommendation","http.request.method":"POST","code.function":"createAppHandler","exception.type":"Error","exception.message":"provider outage","control_center.operation.duration_ms":0,"harness.mode":"Build"}}
# {"timestamp":"2026-04-22T14:42:18.254Z","level":"info","service":"my-module","event":"metric.histogram","name":"control_center_operation_duration_ms","value":0,"unit":"ms","attributes":{"operation":"harness.prompt_recommendation","route":"/api/harness/prompt-recommendation","method":"POST","error":true}}
# {"timestamp":"2026-04-22T14:42:18.254Z","level":"info","service":"my-module","event":"control_center.operation.failed","trace_id":"1703f0922ac2426e8eeb1e3632265006","parent_span_id":"d8d14fdcaee94dc4","span_id":"b90d585064c64554","correlation_id":"d844b931-462f-4c50-b14e-7c7a28eba763","request_id":"d844b931-462f-4c50-b14e-7c7a28eba763","operation":"harness.prompt_recommendation","route":"/api/harness/prompt-recommendation","method":"POST","duration_ms":0,"error_message":"provider outage","harness.mode":"Build"}
# {"timestamp":"2026-04-22T14:42:18.255Z","level":"warn","service":"my-module","event":"server.draining","reason":"test","drain_started_at":"2026-04-22T14:42:18.255Z"}
# Subtest: [harness provider failure smoke] provider outage returns structured 503
ok 62 - [harness provider failure smoke] provider outage returns structured 503
  ---
  duration_ms: 10.681303
  type: 'test'
  ...
# Subtest: [harness release smoke] release evidence includes prompt version and rollback metadata
ok 63 - [harness release smoke] release evidence includes prompt version and rollback metadata
  ---
  duration_ms: 261.003054
  type: 'test'
  ...
# Subtest: [harness routing smoke] cost and latency routing baseline validates
ok 64 - [harness routing smoke] cost and latency routing baseline validates
  ---
  duration_ms: 28.262162
  type: 'test'
  ...
# Subtest: [harness security smoke] trust-boundary and red-team baseline validate
ok 65 - [harness security smoke] trust-boundary and red-team baseline validate
  ---
  duration_ms: 27.012849
  type: 'test'
  ...
# Subtest: [kickoff evidence] kickoff surfaces are bundled into one evidence artifact
ok 66 - [kickoff evidence] kickoff surfaces are bundled into one evidence artifact
  ---
  duration_ms: 1141.642048
  type: 'test'
  ...
# Subtest: [kickoff ready gate] kickoff evidence becomes a single ready review blocked signal
ok 67 - [kickoff ready gate] kickoff evidence becomes a single ready review blocked signal
  ---
  duration_ms: 1142.399695
  type: 'test'
  ...
# Subtest: [launch brief autopilot] kickoff and starter evidence become one launch recommendation
ok 68 - [launch brief autopilot] kickoff and starter evidence become one launch recommendation
  ---
  duration_ms: 1424.933064
  type: 'test'
  ...
# Subtest: [learned preset memory] decision/apply history becomes reusable preset memory
ok 69 - [learned preset memory] decision/apply history becomes reusable preset memory
  ---
  duration_ms: 1001.720908
  type: 'test'
  ...
# Subtest: [master planner] bundles per-screen UI guides for operators and planners
ok 70 - [master planner] bundles per-screen UI guides for operators and planners
  ---
  duration_ms: 413.31237
  type: 'test'
  ...
# Subtest: [master shell smoke] benchmark catalog and planner composition validate together
ok 71 - [master shell smoke] benchmark catalog and planner composition validate together
  ---
  duration_ms: 275.973796
  type: 'test'
  ...
# Subtest: [mindmap control center smoke] integrated control center is generated with plan board and module workbench
ok 72 - [mindmap control center smoke] integrated control center is generated with plan board and module workbench
  ---
  duration_ms: 882.46611
  type: 'test'
  ...
# (node:45615) ExperimentalWarning: SQLite is an experimental feature and might change at any time
# (Use `node --trace-warnings ...` to show where the warning was created)
# {"timestamp":"2026-04-22T14:42:18.636Z","level":"info","service":"my-module","event":"metric.counter","name":"pty_bridge_sessions_read_total","delta":1,"total":1,"attributes":{"route":"/api/pty/sessions","method":"GET"}}
# {"timestamp":"2026-04-22T14:42:18.636Z","level":"info","service":"my-module","event":"span.end","trace_id":"a2182aa2d40649e6a2535c4eee2323fd","span_id":"6a47a96c9b994fec","parent_span_id":"59e56db3f748410c","name":"pty.bridge.sessions","duration_ms":0,"status":"ok","attributes":{"http.route":"/api/pty/sessions","http.request.method":"GET","code.function":"createAppHandler","control_center.operation.duration_ms":0,"pty.session.count":1}}
# {"timestamp":"2026-04-22T14:42:18.636Z","level":"info","service":"my-module","event":"metric.histogram","name":"control_center_operation_duration_ms","value":0,"unit":"ms","attributes":{"operation":"pty.bridge.sessions","route":"/api/pty/sessions","method":"GET"}}
# {"timestamp":"2026-04-22T14:42:18.636Z","level":"info","service":"my-module","event":"control_center.operation","trace_id":"a2182aa2d40649e6a2535c4eee2323fd","parent_span_id":"59e56db3f748410c","span_id":"6a47a96c9b994fec","correlation_id":"589bf833-4e49-4bd8-b8ce-3b82018579f4","request_id":"589bf833-4e49-4bd8-b8ce-3b82018579f4","operation":"pty.bridge.sessions","route":"/api/pty/sessions","method":"GET","duration_ms":0,"message":"ok","pty.session.count":1}
# {"timestamp":"2026-04-22T14:42:18.644Z","level":"info","service":"my-module","event":"metric.counter","name":"pty_scheduler_start_total","delta":1,"total":1,"attributes":{"route":"/api/pty/scheduler/start","method":"POST"}}
# {"timestamp":"2026-04-22T14:42:18.644Z","level":"info","service":"my-module","event":"span.end","trace_id":"4049a3e822eb4c2b8615a8fdc04c1e25","span_id":"b09a8fbfc37f4418","parent_span_id":"165edf1ddd2f4130","name":"pty.scheduler.start","duration_ms":0,"status":"ok","attributes":{"http.route":"/api/pty/scheduler/start","http.request.method":"POST","code.function":"createAppHandler","control_center.operation.duration_ms":0,"pty.scheduler.worker_count":2}}
# {"timestamp":"2026-04-22T14:42:18.644Z","level":"info","service":"my-module","event":"metric.histogram","name":"control_center_operation_duration_ms","value":0,"unit":"ms","attributes":{"operation":"pty.scheduler.start","route":"/api/pty/scheduler/start","method":"POST"}}
# {"timestamp":"2026-04-22T14:42:18.644Z","level":"info","service":"my-module","event":"control_center.operation","trace_id":"4049a3e822eb4c2b8615a8fdc04c1e25","parent_span_id":"165edf1ddd2f4130","span_id":"b09a8fbfc37f4418","correlation_id":"8ae55d6f-ac01-49aa-a1d1-63af763fd4bd","request_id":"8ae55d6f-ac01-49aa-a1d1-63af763fd4bd","operation":"pty.scheduler.start","route":"/api/pty/scheduler/start","method":"POST","duration_ms":0,"message":"ok","pty.scheduler.worker_count":2}
# {"timestamp":"2026-04-22T14:42:20.382Z","level":"info","service":"my-module","event":"metric.counter","name":"pty_bridge_send_total","delta":1,"total":1,"attributes":{"route":"/api/pty/send-now","method":"POST","action":"prompt"}}
# {"timestamp":"2026-04-22T14:42:22.128Z","level":"warn","service":"my-module","event":"server.draining","reason":"test","drain_started_at":"2026-04-22T14:42:22.128Z"}
# Subtest: [mindmap control center browser interaction smoke] selected worker wiring reaches send-now runtime path
ok 73 - [mindmap control center browser interaction smoke] selected worker wiring reaches send-now runtime path
  ---
  duration_ms: 3543.619983
  type: 'test'
  ...
# {"timestamp":"2026-04-22T14:42:22.146Z","level":"info","service":"my-module","event":"metric.counter","name":"pty_bridge_sessions_read_total","delta":1,"total":2,"attributes":{"route":"/api/pty/sessions","method":"GET"}}
# {"timestamp":"2026-04-22T14:42:22.146Z","level":"info","service":"my-module","event":"span.end","trace_id":"3b39da1784a54d56b9fb68721757b104","span_id":"2021ee478f5d4890","parent_span_id":"2ef81f7b8e9746ff","name":"pty.bridge.sessions","duration_ms":0,"status":"ok","attributes":{"http.route":"/api/pty/sessions","http.request.method":"GET","code.function":"createAppHandler","control_center.operation.duration_ms":0,"pty.session.count":1}}
# {"timestamp":"2026-04-22T14:42:22.146Z","level":"info","service":"my-module","event":"metric.histogram","name":"control_center_operation_duration_ms","value":0,"unit":"ms","attributes":{"operation":"pty.bridge.sessions","route":"/api/pty/sessions","method":"GET"}}
# {"timestamp":"2026-04-22T14:42:22.146Z","level":"info","service":"my-module","event":"control_center.operation","trace_id":"3b39da1784a54d56b9fb68721757b104","parent_span_id":"2ef81f7b8e9746ff","span_id":"2021ee478f5d4890","correlation_id":"46a16d23-ec14-4612-bf85-930778fab9d6","request_id":"46a16d23-ec14-4612-bf85-930778fab9d6","operation":"pty.bridge.sessions","route":"/api/pty/sessions","method":"GET","duration_ms":0,"message":"ok","pty.session.count":1}
# {"timestamp":"2026-04-22T14:42:22.148Z","level":"info","service":"my-module","event":"metric.counter","name":"pty_scheduler_start_total","delta":1,"total":2,"attributes":{"route":"/api/pty/scheduler/start","method":"POST"}}
# {"timestamp":"2026-04-22T14:42:22.148Z","level":"info","service":"my-module","event":"span.end","trace_id":"21be7099d61741e5b977e1e286c945a4","span_id":"55bc3cb123194449","parent_span_id":"94271b65e1ff4b8a","name":"pty.scheduler.start","duration_ms":0,"status":"ok","attributes":{"http.route":"/api/pty/scheduler/start","http.request.method":"POST","code.function":"createAppHandler","control_center.operation.duration_ms":0,"pty.scheduler.worker_count":2}}
# {"timestamp":"2026-04-22T14:42:22.148Z","level":"info","service":"my-module","event":"metric.histogram","name":"control_center_operation_duration_ms","value":0,"unit":"ms","attributes":{"operation":"pty.scheduler.start","route":"/api/pty/scheduler/start","method":"POST"}}
# {"timestamp":"2026-04-22T14:42:22.148Z","level":"info","service":"my-module","event":"control_center.operation","trace_id":"21be7099d61741e5b977e1e286c945a4","parent_span_id":"94271b65e1ff4b8a","span_id":"55bc3cb123194449","correlation_id":"702cd5f2-aabc-454a-af1c-e4dc4e521001","request_id":"702cd5f2-aabc-454a-af1c-e4dc4e521001","operation":"pty.scheduler.start","route":"/api/pty/scheduler/start","method":"POST","duration_ms":0,"message":"ok","pty.scheduler.worker_count":2}
# {"timestamp":"2026-04-22T14:42:22.151Z","level":"info","service":"my-module","event":"metric.counter","name":"pty_bridge_send_total","delta":1,"total":2,"attributes":{"route":"/api/pty/send-now","method":"POST","action":"prompt"}}
# {"timestamp":"2026-04-22T14:42:22.153Z","level":"info","service":"my-module","event":"metric.counter","name":"pty_bridge_failures_total","delta":1,"total":1,"attributes":{"route":"/api/pty/send-now","method":"POST","reason":"scheduler_send_now_failed"}}
# {"timestamp":"2026-04-22T14:42:23.874Z","level":"warn","service":"my-module","event":"server.draining","reason":"test","drain_started_at":"2026-04-22T14:42:23.874Z"}
# Subtest: [mindmap control center browser interaction smoke] selected failing worker propagates runtime error details
ok 74 - [mindmap control center browser interaction smoke] selected failing worker propagates runtime error details
  ---
  duration_ms: 1745.07046
  type: 'test'
  ...
# {"timestamp":"2026-04-22T14:42:23.878Z","level":"info","service":"my-module","event":"metric.counter","name":"pty_bridge_sessions_read_total","delta":1,"total":3,"attributes":{"route":"/api/pty/sessions","method":"GET"}}
# {"timestamp":"2026-04-22T14:42:23.878Z","level":"info","service":"my-module","event":"span.end","trace_id":"659f72854e9141b6a55fca444dd1628b","span_id":"0bc59284a2f240ed","parent_span_id":"627fd1a93b7f4412","name":"pty.bridge.sessions","duration_ms":0,"status":"ok","attributes":{"http.route":"/api/pty/sessions","http.request.method":"GET","code.function":"createAppHandler","control_center.operation.duration_ms":0,"pty.session.count":1}}
# {"timestamp":"2026-04-22T14:42:23.878Z","level":"info","service":"my-module","event":"metric.histogram","name":"control_center_operation_duration_ms","value":0,"unit":"ms","attributes":{"operation":"pty.bridge.sessions","route":"/api/pty/sessions","method":"GET"}}
# {"timestamp":"2026-04-22T14:42:23.878Z","level":"info","service":"my-module","event":"control_center.operation","trace_id":"659f72854e9141b6a55fca444dd1628b","parent_span_id":"627fd1a93b7f4412","span_id":"0bc59284a2f240ed","correlation_id":"278befca-18fa-4523-869e-b8e2df90a898","request_id":"278befca-18fa-4523-869e-b8e2df90a898","operation":"pty.bridge.sessions","route":"/api/pty/sessions","method":"GET","duration_ms":0,"message":"ok","pty.session.count":1}
# {"timestamp":"2026-04-22T14:42:23.880Z","level":"info","service":"my-module","event":"metric.counter","name":"pty_scheduler_start_total","delta":1,"total":3,"attributes":{"route":"/api/pty/scheduler/start","method":"POST"}}
# {"timestamp":"2026-04-22T14:42:23.881Z","level":"info","service":"my-module","event":"span.end","trace_id":"c199115e104a4146a4a12bc88ca599cd","span_id":"4c369f7151944bfe","parent_span_id":"f1ca17c0abff4d13","name":"pty.scheduler.start","duration_ms":1,"status":"ok","attributes":{"http.route":"/api/pty/scheduler/start","http.request.method":"POST","code.function":"createAppHandler","control_center.operation.duration_ms":1,"pty.scheduler.worker_count":1}}
# {"timestamp":"2026-04-22T14:42:23.881Z","level":"info","service":"my-module","event":"metric.histogram","name":"control_center_operation_duration_ms","value":1,"unit":"ms","attributes":{"operation":"pty.scheduler.start","route":"/api/pty/scheduler/start","method":"POST"}}
# {"timestamp":"2026-04-22T14:42:23.881Z","level":"info","service":"my-module","event":"control_center.operation","trace_id":"c199115e104a4146a4a12bc88ca599cd","parent_span_id":"f1ca17c0abff4d13","span_id":"4c369f7151944bfe","correlation_id":"fc11b6c3-3601-47da-8ca6-c32247419fa9","request_id":"fc11b6c3-3601-47da-8ca6-c32247419fa9","operation":"pty.scheduler.start","route":"/api/pty/scheduler/start","method":"POST","duration_ms":1,"message":"ok","pty.scheduler.worker_count":1}
# {"timestamp":"2026-04-22T14:42:23.882Z","level":"info","service":"my-module","event":"metric.counter","name":"pty_bridge_send_total","delta":1,"total":3,"attributes":{"route":"/api/pty/send-now","method":"POST","action":"prompt"}}
# {"timestamp":"2026-04-22T14:42:23.885Z","level":"warn","service":"my-module","event":"server.draining","reason":"test","drain_started_at":"2026-04-22T14:42:23.885Z"}
# Subtest: [mindmap control center browser interaction smoke] send-now idempotency key replays completed response
ok 75 - [mindmap control center browser interaction smoke] send-now idempotency key replays completed response
  ---
  duration_ms: 10.506293
  type: 'test'
  ...
# {"timestamp":"2026-04-22T14:42:23.888Z","level":"info","service":"my-module","event":"metric.counter","name":"pty_bridge_sessions_read_total","delta":1,"total":4,"attributes":{"route":"/api/pty/sessions","method":"GET"}}
# {"timestamp":"2026-04-22T14:42:23.888Z","level":"info","service":"my-module","event":"span.end","trace_id":"c189e49e73fb4d6b914b53141c2679d7","span_id":"57b19e0a31064fd1","parent_span_id":"d4ac03be35c448a8","name":"pty.bridge.sessions","duration_ms":0,"status":"ok","attributes":{"http.route":"/api/pty/sessions","http.request.method":"GET","code.function":"createAppHandler","control_center.operation.duration_ms":0,"pty.session.count":1}}
# {"timestamp":"2026-04-22T14:42:23.888Z","level":"info","service":"my-module","event":"metric.histogram","name":"control_center_operation_duration_ms","value":0,"unit":"ms","attributes":{"operation":"pty.bridge.sessions","route":"/api/pty/sessions","method":"GET"}}
# {"timestamp":"2026-04-22T14:42:23.888Z","level":"info","service":"my-module","event":"control_center.operation","trace_id":"c189e49e73fb4d6b914b53141c2679d7","parent_span_id":"d4ac03be35c448a8","span_id":"57b19e0a31064fd1","correlation_id":"2b4169e3-c5e2-4144-b1a7-bc45bae73d91","request_id":"2b4169e3-c5e2-4144-b1a7-bc45bae73d91","operation":"pty.bridge.sessions","route":"/api/pty/sessions","method":"GET","duration_ms":0,"message":"ok","pty.session.count":1}
# {"timestamp":"2026-04-22T14:42:23.889Z","level":"info","service":"my-module","event":"metric.counter","name":"pty_scheduler_start_total","delta":1,"total":4,"attributes":{"route":"/api/pty/scheduler/start","method":"POST"}}
# {"timestamp":"2026-04-22T14:42:23.889Z","level":"info","service":"my-module","event":"span.end","trace_id":"c04c1156231d4943ac249454c4799060","span_id":"a136f34898714827","parent_span_id":"126de5bf79c7416c","name":"pty.scheduler.start","duration_ms":0,"status":"ok","attributes":{"http.route":"/api/pty/scheduler/start","http.request.method":"POST","code.function":"createAppHandler","control_center.operation.duration_ms":0,"pty.scheduler.worker_count":2}}
# {"timestamp":"2026-04-22T14:42:23.889Z","level":"info","service":"my-module","event":"metric.histogram","name":"control_center_operation_duration_ms","value":0,"unit":"ms","attributes":{"operation":"pty.scheduler.start","route":"/api/pty/scheduler/start","method":"POST"}}
# {"timestamp":"2026-04-22T14:42:23.889Z","level":"info","service":"my-module","event":"control_center.operation","trace_id":"c04c1156231d4943ac249454c4799060","parent_span_id":"126de5bf79c7416c","span_id":"a136f34898714827","correlation_id":"d78fbb22-ee67-41a5-8f64-5629fd5c6796","request_id":"d78fbb22-ee67-41a5-8f64-5629fd5c6796","operation":"pty.scheduler.start","route":"/api/pty/scheduler/start","method":"POST","duration_ms":0,"message":"ok","pty.scheduler.worker_count":2}
# {"timestamp":"2026-04-22T14:42:23.891Z","level":"info","service":"my-module","event":"metric.counter","name":"pty_bridge_send_total","delta":1,"total":4,"attributes":{"route":"/api/pty/enter-now","method":"POST","action":"enter"}}
# {"timestamp":"2026-04-22T14:42:23.891Z","level":"info","service":"my-module","event":"metric.counter","name":"pty_bridge_send_total","delta":1,"total":5,"attributes":{"route":"/api/pty/enter-now","method":"POST","action":"enter"}}
# {"timestamp":"2026-04-22T14:42:23.892Z","level":"info","service":"my-module","event":"metric.counter","name":"pty_bridge_send_total","delta":1,"total":6,"attributes":{"route":"/api/pty/enter-now","method":"POST","action":"enter"}}
# {"timestamp":"2026-04-22T14:42:26.565Z","level":"warn","service":"my-module","event":"server.draining","reason":"test","drain_started_at":"2026-04-22T14:42:26.565Z"}
# Subtest: [mindmap control center browser interaction smoke] enter-now worker_index targets single worker
ok 76 - [mindmap control center browser interaction smoke] enter-now worker_index targets single worker
  ---
  duration_ms: 1542.395185
  type: 'test'
  ...
# Subtest: [mindmap control center interaction smoke] worker selection is wired to immediate dispatch controls
ok 77 - [mindmap control center interaction smoke] worker selection is wired to immediate dispatch controls
  ---
  duration_ms: 917.55863
  type: 'test'
  ...
# (node:45671) ExperimentalWarning: SQLite is an experimental feature and might change at any time
# (Use `node --trace-warnings ...` to show where the warning was created)
# Subtest: [mindmap rebuild smoke] generateMindmapWorker.js 파일이 존재한다
ok 78 - [mindmap rebuild smoke] generateMindmapWorker.js 파일이 존재한다
  ---
  duration_ms: 0.718045
  type: 'test'
  ...
# Subtest: [mindmap rebuild smoke] POST /api/mindmap/rebuild — 200 + ok:true + durationMs
ok 79 - [mindmap rebuild smoke] POST /api/mindmap/rebuild — 200 + ok:true + durationMs
  ---
  duration_ms: 88.137503
  type: 'test'
  ...
# Subtest: [mindmap rebuild smoke] 재생성 후 artifacts/mindmap/index.html 존재
ok 80 - [mindmap rebuild smoke] 재생성 후 artifacts/mindmap/index.html 존재
  ---
  duration_ms: 0.385854
  type: 'test'
  ...
# Subtest: [mindmap stage trace action smoke] trace query helper includes request and correlation ids
ok 81 - [mindmap stage trace action smoke] trace query helper includes request and correlation ids
  ---
  duration_ms: 888.252797
  type: 'test'
  ...
# Subtest: [mindmap stage trace action smoke] copy action stores current stage trace query and updates status
ok 82 - [mindmap stage trace action smoke] copy action stores current stage trace query and updates status
  ---
  duration_ms: 928.926335
  type: 'test'
  ...
# Subtest: [mindmap stage trace action smoke] copy action can target history entry and warns when no report exists
ok 83 - [mindmap stage trace action smoke] copy action can target history entry and warns when no report exists
  ---
  duration_ms: 1841.861069
  type: 'test'
  ...
# Subtest: [mindmap stage trace action smoke] load action stores trace query into execution prompt and updates status
ok 84 - [mindmap stage trace action smoke] load action stores trace query into execution prompt and updates status
  ---
  duration_ms: 926.01339
  type: 'test'
  ...
# Subtest: [mindmap stage trace action smoke] load action can target history entry and warns when no report exists
ok 85 - [mindmap stage trace action smoke] load action can target history entry and warns when no report exists
  ---
  duration_ms: 1654.3692
  type: 'test'
  ...
# Subtest: [mindmap stage trace action smoke] send action fills prompt and forwards to send-now helper
ok 86 - [mindmap stage trace action smoke] send action fills prompt and forwards to send-now helper
  ---
  duration_ms: 762.978909
  type: 'test'
  ...
# Subtest: [mindmap stage trace action smoke] send action does not forward when no report exists
ok 87 - [mindmap stage trace action smoke] send action does not forward when no report exists
  ---
  duration_ms: 688.622263
  type: 'test'
  ...
# Subtest: [mindmap stage trace action smoke] contract recovery load action stores recovery prompt into execution prompt
ok 88 - [mindmap stage trace action smoke] contract recovery load action stores recovery prompt into execution prompt
  ---
  duration_ms: 586.742476
  type: 'test'
  ...
# Subtest: [mindmap stage trace action smoke] contract recovery send action loads prompt and forwards to send-now helper
ok 89 - [mindmap stage trace action smoke] contract recovery send action loads prompt and forwards to send-now helper
  ---
  duration_ms: 594.933057
  type: 'test'
  ...
# Subtest: [mindmap stage trace action smoke] contract refresh action rehydrates snapshot and reports result
ok 90 - [mindmap stage trace action smoke] contract refresh action rehydrates snapshot and reports result
  ---
  duration_ms: 1195.392078
  type: 'test'
  ...
# (node:45701) ExperimentalWarning: SQLite is an experimental feature and might change at any time
# (Use `node --trace-warnings ...` to show where the warning was created)
# Subtest: [mpo runtime smoke] in-process /api/v1/mpo/plan auto-approves and completes representative flow
ok 91 - [mpo runtime smoke] in-process /api/v1/mpo/plan auto-approves and completes representative flow
  ---
  duration_ms: 8154.284378
  type: 'test'
  ...
# Subtest: [mpo runtime smoke] approval-required plan waits, then executes after explicit approve
ok 92 - [mpo runtime smoke] approval-required plan waits, then executes after explicit approve
  ---
  duration_ms: 3658.724413
  type: 'test'
  ...
# Subtest: [mpo runtime smoke] auto-replanned execution surfaces completed_with_replan session status
ok 93 - [mpo runtime smoke] auto-replanned execution surfaces completed_with_replan session status
  ---
  duration_ms: 5495.915637
  type: 'test'
  ...
# Subtest: [mpo runtime smoke] /api/v1/system/events streams mpo.* events over SSE
ok 94 - [mpo runtime smoke] /api/v1/system/events streams mpo.* events over SSE
  ---
  duration_ms: 55.585493
  type: 'test'
  ...
# Subtest: [operations baseline smoke] observability and rollback validations pass for requirement portfolio
ok 95 - [operations baseline smoke] observability and rollback validations pass for requirement portfolio
  ---
  duration_ms: 105.190008
  type: 'test'
  ...
# Subtest: [operator cockpit smoke] session, branch, and commit readiness collapse into one operator summary
ok 96 - [operator cockpit smoke] session, branch, and commit readiness collapse into one operator summary
  ---
  duration_ms: 838.104791
  type: 'test'
  ...
# (node:45855) ExperimentalWarning: SQLite is an experimental feature and might change at any time
# (Use `node --trace-warnings ...` to show where the warning was created)
# {"timestamp":"2026-04-22T14:42:19.420Z","level":"warn","service":"my-module","event":"server.draining","reason":"manual","drain_started_at":"2026-04-22T14:42:19.420Z"}
# Subtest: [optimistic lock http smoke] 선행 전이 후 stale 전이는 HTTP 409를 반환한다
ok 97 - [optimistic lock http smoke] 선행 전이 후 stale 전이는 HTTP 409를 반환한다
  ---
  duration_ms: 23.345009
  type: 'test'
  ...
# Subtest: [optimistic lock http smoke] ProblemDetails가 OPTIMISTIC_LOCK_CONFLICT → 409로 매핑된다
ok 98 - [optimistic lock http smoke] ProblemDetails가 OPTIMISTIC_LOCK_CONFLICT → 409로 매핑된다
  ---
  duration_ms: 0.386856
  type: 'test'
  ...
# (node:45888) ExperimentalWarning: SQLite is an experimental feature and might change at any time
# (Use `node --trace-warnings ...` to show where the warning was created)
# {"timestamp":"2026-04-22T14:42:19.493Z","level":"warn","service":"my-module","event":"server.draining","reason":"manual","drain_started_at":"2026-04-22T14:42:19.493Z"}
# {"timestamp":"2026-04-22T14:42:19.496Z","level":"warn","service":"my-module","event":"server.draining","reason":"manual","drain_started_at":"2026-04-22T14:42:19.495Z"}
# Subtest: [outbox poller wiring smoke] 서버 기동 후 OutboxPoller가 실행 중이다
ok 99 - [outbox poller wiring smoke] 서버 기동 후 OutboxPoller가 실행 중이다
  ---
  duration_ms: 18.617139
  type: 'test'
  ...
# Subtest: [outbox poller wiring smoke] 서버 shutdown 후 OutboxPoller가 정지된다
ok 100 - [outbox poller wiring smoke] 서버 shutdown 후 OutboxPoller가 정지된다
  ---
  duration_ms: 1.816357
  type: 'test'
  ...
# {"timestamp":"2026-04-22T14:42:19.499Z","level":"info","service":"my-module","event":"metric.counter","name":"http_requests_total","delta":1,"total":1,"attributes":{"route":"/health","method":"GET"}}
# {"timestamp":"2026-04-22T14:42:19.499Z","level":"info","service":"my-module","event":"span.end","trace_id":"5d0ddff41c1e434c9ea8a08d747c3f66","span_id":"db75ade08cbf430c","parent_span_id":null,"name":"http.GET /health","duration_ms":0,"status":"ok","attributes":{"http.method":"GET","http.route":"/health"}}
# {"timestamp":"2026-04-22T14:42:19.500Z","level":"warn","service":"my-module","event":"server.draining","reason":"manual","drain_started_at":"2026-04-22T14:42:19.500Z"}
# Subtest: [outbox poller wiring smoke] /health 엔드포인트가 observability 데이터를 포함한다
ok 101 - [outbox poller wiring smoke] /health 엔드포인트가 observability 데이터를 포함한다
  ---
  duration_ms: 3.891874
  type: 'test'
  ...
# {"timestamp":"2026-04-22T14:42:19.504Z","level":"warn","service":"my-module","event":"server.draining","reason":"manual","drain_started_at":"2026-04-22T14:42:19.504Z"}
# Subtest: [outbox poller wiring smoke] /api/v1/domain-events/dlq 엔드포인트가 응답한다
ok 102 - [outbox poller wiring smoke] /api/v1/domain-events/dlq 엔드포인트가 응답한다
  ---
  duration_ms: 4.359201
  type: 'test'
  ...
# Subtest: [packet hierarchy] capability-scoped packet progress and next packets are exported
ok 103 - [packet hierarchy] capability-scoped packet progress and next packets are exported
  ---
  duration_ms: 104.627893
  type: 'test'
  ...
# (node:45897) ExperimentalWarning: SQLite is an experimental feature and might change at any time
# (Use `node --trace-warnings ...` to show where the warning was created)
# {"timestamp":"2026-04-22T14:42:19.490Z","level":"info","service":"my-module","event":"metric.counter","name":"http_errors_total","delta":1,"total":1,"attributes":{"route":"/billing/payments","method":"POST","status":500}}
# {"timestamp":"2026-04-22T14:42:19.490Z","level":"info","service":"my-module","event":"metric.histogram","name":"http_duration_ms","value":0,"unit":"ms","attributes":{"route":"/billing/payments","error":true}}
# {"timestamp":"2026-04-22T14:42:19.491Z","level":"info","service":"my-module","event":"span.end","trace_id":"e6225ef2d45d4827beddb4b06fb4bac7","span_id":"9513056f7aaf4d47","parent_span_id":null,"name":"http.POST /billing/payments","duration_ms":1,"status":"error","attributes":{"http.method":"POST","http.route":"/billing/payments","http.status_code":500,"exception.type":"TypeError","exception.message":"req.on is not a function"}}
# {"timestamp":"2026-04-22T14:42:19.491Z","level":"error","service":"my-module","event":"http.error","trace_id":"e6225ef2d45d4827beddb4b06fb4bac7","correlation_id":"7b65c586-d973-450e-b16f-b1178b477405","route":"/billing/payments","status":500,"message":"req.on is not a function"}
# {"timestamp":"2026-04-22T14:42:19.491Z","level":"info","service":"my-module","event":"metric.counter","name":"http_errors_total","delta":1,"total":2,"attributes":{"route":"/billing/payments","method":"POST","status":500}}
# {"timestamp":"2026-04-22T14:42:19.491Z","level":"info","service":"my-module","event":"metric.histogram","name":"http_duration_ms","value":0,"unit":"ms","attributes":{"route":"/billing/payments","error":true}}
# {"timestamp":"2026-04-22T14:42:19.491Z","level":"info","service":"my-module","event":"span.end","trace_id":"75e5080746fe43f5bbf8c51a393ae791","span_id":"5d66e02042ea4f85","parent_span_id":null,"name":"http.POST /billing/payments","duration_ms":0,"status":"error","attributes":{"http.method":"POST","http.route":"/billing/payments","http.status_code":500,"exception.type":"TypeError","exception.message":"req.on is not a function"}}
# {"timestamp":"2026-04-22T14:42:19.491Z","level":"error","service":"my-module","event":"http.error","trace_id":"75e5080746fe43f5bbf8c51a393ae791","correlation_id":"ec6643ba-5c70-4d1e-8066-845bdeff9669","route":"/billing/payments","status":500,"message":"req.on is not a function"}
# {"timestamp":"2026-04-22T14:42:19.492Z","level":"info","service":"my-module","event":"metric.counter","name":"http_errors_total","delta":1,"total":3,"attributes":{"route":"/billing/payments","method":"POST","status":500}}
# {"timestamp":"2026-04-22T14:42:19.492Z","level":"info","service":"my-module","event":"metric.histogram","name":"http_duration_ms","value":1,"unit":"ms","attributes":{"route":"/billing/payments","error":true}}
# {"timestamp":"2026-04-22T14:42:19.492Z","level":"info","service":"my-module","event":"span.end","trace_id":"9c2ca54624fd402aadb91dafaf18a893","span_id":"2c6967a312fb430c","parent_span_id":null,"name":"http.POST /billing/payments","duration_ms":1,"status":"error","attributes":{"http.method":"POST","http.route":"/billing/payments","http.status_code":500,"exception.type":"TypeError","exception.message":"req.on is not a function"}}
# {"timestamp":"2026-04-22T14:42:19.492Z","level":"error","service":"my-module","event":"http.error","trace_id":"9c2ca54624fd402aadb91dafaf18a893","correlation_id":"1432778e-6acf-4163-9206-3609d6a7eafa","route":"/billing/payments","status":500,"message":"req.on is not a function"}
# {"timestamp":"2026-04-22T14:42:19.492Z","level":"info","service":"my-module","event":"metric.counter","name":"http_errors_total","delta":1,"total":4,"attributes":{"route":"/billing/payments","method":"POST","status":429}}
# {"timestamp":"2026-04-22T14:42:19.492Z","level":"info","service":"my-module","event":"metric.histogram","name":"http_duration_ms","value":0,"unit":"ms","attributes":{"route":"/billing/payments","error":true}}
# {"timestamp":"2026-04-22T14:42:19.492Z","level":"info","service":"my-module","event":"span.end","trace_id":"122e35accb1c460da9dcecd3d34a6179","span_id":"e235fdb41ca34d8b","parent_span_id":null,"name":"http.POST /billing/payments","duration_ms":0,"status":"error","attributes":{"http.method":"POST","http.route":"/billing/payments","http.status_code":429,"exception.type":"Error","exception.message":"Rate limit exceeded for route POST:/billing/payments"}}
# {"timestamp":"2026-04-22T14:42:19.492Z","level":"error","service":"my-module","event":"http.error","trace_id":"122e35accb1c460da9dcecd3d34a6179","correlation_id":"fbef7f16-3dfa-4961-a558-1a5f0b0af2e8","route":"/billing/payments","status":429,"message":"Rate limit exceeded for route POST:/billing/payments"}
# {"timestamp":"2026-04-22T14:42:19.493Z","level":"info","service":"my-module","event":"metric.counter","name":"http_errors_total","delta":1,"total":5,"attributes":{"route":"/video/videos","method":"POST","status":500}}
# {"timestamp":"2026-04-22T14:42:19.493Z","level":"info","service":"my-module","event":"metric.histogram","name":"http_duration_ms","value":0,"unit":"ms","attributes":{"route":"/video/videos","error":true}}
# {"timestamp":"2026-04-22T14:42:19.493Z","level":"info","service":"my-module","event":"span.end","trace_id":"06056fece677402485a34160d796deec","span_id":"9979039b83064260","parent_span_id":null,"name":"http.POST /video/videos","duration_ms":0,"status":"error","attributes":{"http.method":"POST","http.route":"/video/videos","http.status_code":500,"exception.type":"TypeError","exception.message":"req.on is not a function"}}
# {"timestamp":"2026-04-22T14:42:19.493Z","level":"error","service":"my-module","event":"http.error","trace_id":"06056fece677402485a34160d796deec","correlation_id":"0df24a33-a982-4a03-a09d-4edfcd99d48d","route":"/video/videos","status":500,"message":"req.on is not a function"}
# {"timestamp":"2026-04-22T14:42:19.493Z","level":"info","service":"my-module","event":"metric.counter","name":"http_errors_total","delta":1,"total":6,"attributes":{"route":"/video/videos","method":"POST","status":500}}
# {"timestamp":"2026-04-22T14:42:19.493Z","level":"info","service":"my-module","event":"metric.histogram","name":"http_duration_ms","value":0,"unit":"ms","attributes":{"route":"/video/videos","error":true}}
# {"timestamp":"2026-04-22T14:42:19.493Z","level":"info","service":"my-module","event":"span.end","trace_id":"2941f58f18004997bc20615778596490","span_id":"6365b76f74d0453f","parent_span_id":null,"name":"http.POST /video/videos","duration_ms":0,"status":"error","attributes":{"http.method":"POST","http.route":"/video/videos","http.status_code":500,"exception.type":"TypeError","exception.message":"req.on is not a function"}}
# {"timestamp":"2026-04-22T14:42:19.493Z","level":"error","service":"my-module","event":"http.error","trace_id":"2941f58f18004997bc20615778596490","correlation_id":"5e43e39d-197c-497b-8055-cc599d9ce549","route":"/video/videos","status":500,"message":"req.on is not a function"}
# {"timestamp":"2026-04-22T14:42:19.493Z","level":"info","service":"my-module","event":"metric.counter","name":"http_errors_total","delta":1,"total":7,"attributes":{"route":"/video/videos","method":"POST","status":429}}
# {"timestamp":"2026-04-22T14:42:19.493Z","level":"info","service":"my-module","event":"metric.histogram","name":"http_duration_ms","value":0,"unit":"ms","attributes":{"route":"/video/videos","error":true}}
# {"timestamp":"2026-04-22T14:42:19.493Z","level":"info","service":"my-module","event":"span.end","trace_id":"016f4da67aa04697bea31e9fc16fb52c","span_id":"9fb81a5ff2644915","parent_span_id":null,"name":"http.POST /video/videos","duration_ms":0,"status":"error","attributes":{"http.method":"POST","http.route":"/video/videos","http.status_code":429,"exception.type":"Error","exception.message":"Rate limit exceeded for route POST:/video/videos"}}
# {"timestamp":"2026-04-22T14:42:19.493Z","level":"error","service":"my-module","event":"http.error","trace_id":"016f4da67aa04697bea31e9fc16fb52c","correlation_id":"1f4bcc70-1e5f-4b30-ac84-bd544551b540","route":"/video/videos","status":429,"message":"Rate limit exceeded for route POST:/video/videos"}
# {"timestamp":"2026-04-22T14:42:19.494Z","level":"info","service":"my-module","event":"metric.counter","name":"http_requests_total","delta":1,"total":1,"attributes":{"route":"/livez","method":"GET"}}
# {"timestamp":"2026-04-22T14:42:19.494Z","level":"info","service":"my-module","event":"span.end","trace_id":"e1b4c9da9f224ccf8f5822268bb25a8e","span_id":"70bb0cfd96f34675","parent_span_id":null,"name":"http.GET /livez","duration_ms":0,"status":"ok","attributes":{"http.method":"GET","http.route":"/livez"}}
# {"timestamp":"2026-04-22T14:42:19.494Z","level":"info","service":"my-module","event":"metric.counter","name":"http_requests_total","delta":1,"total":2,"attributes":{"route":"/livez","method":"GET"}}
# {"timestamp":"2026-04-22T14:42:19.494Z","level":"info","service":"my-module","event":"span.end","trace_id":"2a46808d822048f58e7d9f5f34bc9c48","span_id":"1735090bbeb54710","parent_span_id":null,"name":"http.GET /livez","duration_ms":0,"status":"ok","attributes":{"http.method":"GET","http.route":"/livez"}}
# {"timestamp":"2026-04-22T14:42:19.494Z","level":"info","service":"my-module","event":"metric.counter","name":"http_requests_total","delta":1,"total":3,"attributes":{"route":"/livez","method":"GET"}}
# {"timestamp":"2026-04-22T14:42:19.494Z","level":"info","service":"my-module","event":"span.end","trace_id":"731b927149324d1ba235827c41e5afa3","span_id":"3225298ce2e84e70","parent_span_id":null,"name":"http.GET /livez","duration_ms":0,"status":"ok","attributes":{"http.method":"GET","http.route":"/livez"}}
# {"timestamp":"2026-04-22T14:42:19.494Z","level":"info","service":"my-module","event":"metric.counter","name":"http_requests_total","delta":1,"total":4,"attributes":{"route":"/livez","method":"GET"}}
# {"timestamp":"2026-04-22T14:42:19.494Z","level":"info","service":"my-module","event":"span.end","trace_id":"d277be53911841e7a34f9b7c4fcbb390","span_id":"8fc21bc047324df8","parent_span_id":null,"name":"http.GET /livez","duration_ms":0,"status":"ok","attributes":{"http.method":"GET","http.route":"/livez"}}
# {"timestamp":"2026-04-22T14:42:19.496Z","level":"info","service":"my-module","event":"metric.counter","name":"http_requests_total","delta":1,"total":5,"attributes":{"route":"/livez","method":"GET"}}
# {"timestamp":"2026-04-22T14:42:19.496Z","level":"info","service":"my-module","event":"span.end","trace_id":"5e0d12f23a26429ea61cf9c797ec0b12","span_id":"03cd13ba808c42df","parent_span_id":null,"name":"http.GET /livez","duration_ms":0,"status":"ok","attributes":{"http.method":"GET","http.route":"/livez"}}
# {"timestamp":"2026-04-22T14:42:19.496Z","level":"info","service":"my-module","event":"metric.counter","name":"http_requests_total","delta":1,"total":6,"attributes":{"route":"/livez","method":"GET"}}
# {"timestamp":"2026-04-22T14:42:19.496Z","level":"info","service":"my-module","event":"span.end","trace_id":"dd7536a74e8d4470ae369dc78152aad6","span_id":"bd40b29f0baf44b8","parent_span_id":null,"name":"http.GET /livez","duration_ms":0,"status":"ok","attributes":{"http.method":"GET","http.route":"/livez"}}
# {"timestamp":"2026-04-22T14:42:19.496Z","level":"info","service":"my-module","event":"metric.counter","name":"http_requests_total","delta":1,"total":7,"attributes":{"route":"/livez","method":"GET"}}
# {"timestamp":"2026-04-22T14:42:19.496Z","level":"info","service":"my-module","event":"span.end","trace_id":"a93f442555044ab2b93523a748704c4f","span_id":"dd364f1d1fc84a44","parent_span_id":null,"name":"http.GET /livez","duration_ms":0,"status":"ok","attributes":{"http.method":"GET","http.route":"/livez"}}
# {"timestamp":"2026-04-22T14:42:19.496Z","level":"info","service":"my-module","event":"metric.counter","name":"http_requests_total","delta":1,"total":8,"attributes":{"route":"/livez","method":"GET"}}
# {"timestamp":"2026-04-22T14:42:19.496Z","level":"info","service":"my-module","event":"span.end","trace_id":"7079c16019f44c35a08669685c88a04b","span_id":"da9e9a23af20458e","parent_span_id":null,"name":"http.GET /livez","duration_ms":0,"status":"ok","attributes":{"http.method":"GET","http.route":"/livez"}}
# {"timestamp":"2026-04-22T14:42:19.496Z","level":"info","service":"my-module","event":"metric.counter","name":"http_requests_total","delta":1,"total":9,"attributes":{"route":"/livez","method":"GET"}}
# {"timestamp":"2026-04-22T14:42:19.496Z","level":"info","service":"my-module","event":"span.end","trace_id":"513c3ce7710840df898a4b5420026f0f","span_id":"789027a7fe0749a9","parent_span_id":null,"name":"http.GET /livez","duration_ms":0,"status":"ok","attributes":{"http.method":"GET","http.route":"/livez"}}
# {"timestamp":"2026-04-22T14:42:19.496Z","level":"info","service":"my-module","event":"metric.counter","name":"http_requests_total","delta":1,"total":10,"attributes":{"route":"/livez","method":"GET"}}
# {"timestamp":"2026-04-22T14:42:19.496Z","level":"info","service":"my-module","event":"span.end","trace_id":"67a2b20c92e04dbeaeab79e570e9b3f2","span_id":"a9820c013c5f49cf","parent_span_id":null,"name":"http.GET /livez","duration_ms":0,"status":"ok","attributes":{"http.method":"GET","http.route":"/livez"}}
# Subtest: [per-route rate-limit smoke] POST /billing/payments enforces stricter 10/min limit
ok 104 - [per-route rate-limit smoke] POST /billing/payments enforces stricter 10/min limit
  ---
  duration_ms: 5.307689
  type: 'test'
  ...
# Subtest: [per-route rate-limit smoke] POST /video/videos enforces stricter 5/min limit
ok 105 - [per-route rate-limit smoke] POST /video/videos enforces stricter 5/min limit
  ---
  duration_ms: 0.940265
  type: 'test'
  ...
# Subtest: [per-route rate-limit smoke] routes without stricter policy use global limit only
ok 106 - [per-route rate-limit smoke] routes without stricter policy use global limit only
  ---
  duration_ms: 2.847192
  type: 'test'
  ...
# Subtest: [planning studio stage-run migration smoke] snapshot backfills legacy stage-run storage with release evidence observability
ok 107 - [planning studio stage-run migration smoke] snapshot backfills legacy stage-run storage with release evidence observability
  ---
  duration_ms: 350.776043
  type: 'test'
  ...
# Subtest: [project status smoke] next_wp는 canonical wp-queue 기준으로 계산된다
ok 108 - [project status smoke] next_wp는 canonical wp-queue 기준으로 계산된다
  ---
  duration_ms: 550.372124
  type: 'test'
  ...
# Subtest: [promote packet] validated promotion can write next execution packet
ok 109 - [promote packet] validated promotion can write next execution packet
  ---
  duration_ms: 89.161439
  type: 'test'
  ...
# Subtest: [promotion decision] readiness, fit, and reread state become a single gate
ok 110 - [promotion decision] readiness, fit, and reread state become a single gate
  ---
  duration_ms: 810.469241
  type: 'test'
  ...
# Subtest: [promotion pipeline] artifacts and optional apply are orchestrated together
ok 111 - [promotion pipeline] artifacts and optional apply are orchestrated together
  ---
  duration_ms: 155.065057
  type: 'test'
  ...
# Subtest: [proven kickoff] blueprint, learned preset, and token budget are bundled together
ok 112 - [proven kickoff] blueprint, learned preset, and token budget are bundled together
  ---
  duration_ms: 270.728005
  type: 'test'
  ...
# Subtest: [readiness brief] promotion, scheduler, reread, benchmark state are summarized together
ok 113 - [readiness brief] promotion, scheduler, reread, benchmark state are summarized together
  ---
  duration_ms: 769.587592
  type: 'test'
  ...
# Subtest: [release evidence smoke] sbom, provenance, and release evidence are regenerated with artifact digests
ok 114 - [release evidence smoke] sbom, provenance, and release evidence are regenerated with artifact digests
  ---
  duration_ms: 302.939553
  type: 'test'
  ...
# Subtest: [replay packet] logs and replay lenses produce a next packet draft
ok 115 - [replay packet] logs and replay lenses produce a next packet draft
  ---
  duration_ms: 62.906166
  type: 'test'
  ...
# Subtest: [requirements validation smoke] baseline requirements file passes
ok 116 - [requirements validation smoke] baseline requirements file passes
  ---
  duration_ms: 119.374107
  type: 'test'
  ...
# Subtest: [requirements validation smoke] --all mode validates all domain requirements files
ok 117 - [requirements validation smoke] --all mode validates all domain requirements files
  ---
  duration_ms: 209.462378
  type: 'test'
  ...
# Subtest: [requirements validation smoke] missing module.id is rejected
ok 118 - [requirements validation smoke] missing module.id is rejected
  ---
  duration_ms: 146.3888
  type: 'test'
  ...
# Subtest: [requirements validation smoke] invalid NFR latency is rejected
ok 119 - [requirements validation smoke] invalid NFR latency is rejected
  ---
  duration_ms: 126.418717
  type: 'test'
  ...
# Subtest: [requirements validation smoke] schema-enforced uniqueItems rejects duplicate dependencies
ok 120 - [requirements validation smoke] schema-enforced uniqueItems rejects duplicate dependencies
  ---
  duration_ms: 123.809717
  type: 'test'
  ...
# Subtest: [requirements validation smoke] schema-enforced uniqueItems rejects duplicate provided contracts
ok 121 - [requirements validation smoke] schema-enforced uniqueItems rejects duplicate provided contracts
  ---
  duration_ms: 121.987451
  type: 'test'
  ...
# Subtest: [reread queue] context drift candidates are exported in priority order
ok 122 - [reread queue] context drift candidates are exported in priority order
  ---
  duration_ms: 183.650355
  type: 'test'
  ...
# Subtest: [routing learning] exception and ROI signals merge into canonical routing memory
ok 123 - [routing learning] exception and ROI signals merge into canonical routing memory
  ---
  duration_ms: 302.103332
  type: 'test'
  ...
# (node:46201) ExperimentalWarning: SQLite is an experimental feature and might change at any time
# (Use `node --trace-warnings ...` to show where the warning was created)
# {"timestamp":"2026-04-22T14:42:20.188Z","level":"info","service":"my-module","event":"metric.counter","name":"http_requests_total","delta":1,"total":1,"attributes":{"route":"/livez","method":"GET"}}
# {"timestamp":"2026-04-22T14:42:20.188Z","level":"info","service":"my-module","event":"span.end","trace_id":"61f9483ee5e941f99cb8d2277d404d28","span_id":"2b72b19ec2384233","parent_span_id":null,"name":"http.GET /livez","duration_ms":0,"status":"ok","attributes":{"http.method":"GET","http.route":"/livez"}}
# {"timestamp":"2026-04-22T14:42:20.199Z","level":"info","service":"my-module","event":"metric.counter","name":"http_requests_total","delta":1,"total":2,"attributes":{"route":"/startupz","method":"GET"}}
# {"timestamp":"2026-04-22T14:42:20.199Z","level":"info","service":"my-module","event":"span.end","trace_id":"fa88e017675341bcb19183fe2084a9a6","span_id":"f3a50a1918c74927","parent_span_id":null,"name":"http.GET /startupz","duration_ms":0,"status":"ok","attributes":{"http.method":"GET","http.route":"/startupz"}}
# {"timestamp":"2026-04-22T14:42:20.203Z","level":"info","service":"my-module","event":"metric.counter","name":"http_requests_total","delta":1,"total":3,"attributes":{"route":"/readyz","method":"GET","status":200}}
# {"timestamp":"2026-04-22T14:42:20.203Z","level":"info","service":"my-module","event":"span.end","trace_id":"16987e91b08448e89ca261b3a0925734","span_id":"5acbde60c7b54dfd","parent_span_id":null,"name":"http.GET /readyz","duration_ms":0,"status":"ok","attributes":{"http.method":"GET","http.route":"/readyz","http.status_code":200}}
# {"timestamp":"2026-04-22T14:42:20.205Z","level":"info","service":"my-module","event":"metric.counter","name":"http_requests_total","delta":1,"total":4,"attributes":{"route":"/health","method":"GET"}}
# {"timestamp":"2026-04-22T14:42:20.205Z","level":"info","service":"my-module","event":"span.end","trace_id":"5568436a74c5425dabdc1eafa040e940","span_id":"fb4a4b434ed544bc","parent_span_id":null,"name":"http.GET /health","duration_ms":0,"status":"ok","attributes":{"http.method":"GET","http.route":"/health"}}
# Subtest: [deployment smoke runner] executes the deployed-environment checklist and writes an artifact
ok 124 - [deployment smoke runner] executes the deployed-environment checklist and writes an artifact
  ---
  duration_ms: 131.697416
  type: 'test'
  ...
# (node:46222) ExperimentalWarning: SQLite is an experimental feature and might change at any time
# (Use `node --trace-warnings ...` to show where the warning was created)
# {"timestamp":"2026-04-22T14:42:20.176Z","level":"warn","service":"my-module","event":"server.draining","reason":"manual","drain_started_at":"2026-04-22T14:42:20.176Z"}
# Subtest: [scaffold smoke] POST /api/planning-studio/scaffold-preview returns 400 on missing domain
ok 125 - [scaffold smoke] POST /api/planning-studio/scaffold-preview returns 400 on missing domain
  ---
  duration_ms: 19.582453
  type: 'test'
  ...
# {"timestamp":"2026-04-22T14:42:20.206Z","level":"warn","service":"my-module","event":"server.draining","reason":"manual","drain_started_at":"2026-04-22T14:42:20.206Z"}
# Subtest: [scaffold smoke] POST /api/planning-studio/scaffold-preview with valid args returns 200 with preview
ok 126 - [scaffold smoke] POST /api/planning-studio/scaffold-preview with valid args returns 200 with preview
  ---
  duration_ms: 28.739103
  type: 'test'
  ...
# {"timestamp":"2026-04-22T14:42:20.209Z","level":"warn","service":"my-module","event":"server.draining","reason":"manual","drain_started_at":"2026-04-22T14:42:20.209Z"}
# Subtest: [scaffold smoke] POST /api/planning-studio/scaffold-create with missing blueprint returns 400
ok 127 - [scaffold smoke] POST /api/planning-studio/scaffold-create with missing blueprint returns 400
  ---
  duration_ms: 2.872643
  type: 'test'
  ...
# {"timestamp":"2026-04-22T14:42:20.250Z","level":"warn","service":"my-module","event":"server.draining","reason":"manual","drain_started_at":"2026-04-22T14:42:20.249Z"}
# Subtest: [scaffold smoke] scaffold-preview idempotency replay returns same 200 on second call
ok 128 - [scaffold smoke] scaffold-preview idempotency replay returns same 200 on second call
  ---
  duration_ms: 40.8445
  type: 'test'
  ...
# {"timestamp":"2026-04-22T14:42:20.399Z","level":"warn","service":"my-module","event":"server.draining","reason":"manual","drain_started_at":"2026-04-22T14:42:20.399Z"}
# Subtest: [scaffold smoke] scaffold-create auto-registers Stage C baselines in runtime root
ok 129 - [scaffold smoke] scaffold-create auto-registers Stage C baselines in runtime root
  ---
  duration_ms: 155.384243
  type: 'test'
  ...
# (node:46243) ExperimentalWarning: SQLite is an experimental feature and might change at any time
# (Use `node --trace-warnings ...` to show where the warning was created)
# {"timestamp":"2026-04-22T14:42:20.263Z","level":"info","service":"my-module","event":"metric.counter","name":"pty_bridge_sessions_read_total","delta":1,"total":1,"attributes":{"route":"/api/pty/sessions","method":"GET"}}
# {"timestamp":"2026-04-22T14:42:20.263Z","level":"info","service":"my-module","event":"span.end","trace_id":"566950fd008d4d27ac46012810db777e","span_id":"5b31af3e219e4d1c","parent_span_id":"2a8042a021184233","name":"pty.bridge.sessions","duration_ms":0,"status":"ok","attributes":{"http.route":"/api/pty/sessions","http.request.method":"GET","code.function":"createAppHandler","control_center.operation.duration_ms":0,"pty.session.count":1}}
# {"timestamp":"2026-04-22T14:42:20.263Z","level":"info","service":"my-module","event":"metric.histogram","name":"control_center_operation_duration_ms","value":0,"unit":"ms","attributes":{"operation":"pty.bridge.sessions","route":"/api/pty/sessions","method":"GET"}}
# {"timestamp":"2026-04-22T14:42:20.263Z","level":"info","service":"my-module","event":"control_center.operation","trace_id":"566950fd008d4d27ac46012810db777e","parent_span_id":"2a8042a021184233","span_id":"5b31af3e219e4d1c","correlation_id":"006ee1d4-12d9-4bce-a20c-9c395076e2e6","request_id":"006ee1d4-12d9-4bce-a20c-9c395076e2e6","operation":"pty.bridge.sessions","route":"/api/pty/sessions","method":"GET","duration_ms":0,"message":"ok","pty.session.count":1}
# {"timestamp":"2026-04-22T14:42:20.278Z","level":"info","service":"my-module","event":"metric.counter","name":"pty_scheduler_start_total","delta":1,"total":1,"attributes":{"route":"/api/pty/scheduler/start","method":"POST"}}
# {"timestamp":"2026-04-22T14:42:20.278Z","level":"info","service":"my-module","event":"span.end","trace_id":"4262f3018f7b4c1894b790a9636d85f2","span_id":"e021f5ebff134b0e","parent_span_id":"1b70f8f02f674328","name":"pty.scheduler.start","duration_ms":0,"status":"ok","attributes":{"http.route":"/api/pty/scheduler/start","http.request.method":"POST","code.function":"createAppHandler","control_center.operation.duration_ms":0,"pty.scheduler.worker_count":2}}
# {"timestamp":"2026-04-22T14:42:20.278Z","level":"info","service":"my-module","event":"metric.histogram","name":"control_center_operation_duration_ms","value":0,"unit":"ms","attributes":{"operation":"pty.scheduler.start","route":"/api/pty/scheduler/start","method":"POST"}}
# {"timestamp":"2026-04-22T14:42:20.278Z","level":"info","service":"my-module","event":"control_center.operation","trace_id":"4262f3018f7b4c1894b790a9636d85f2","parent_span_id":"1b70f8f02f674328","span_id":"e021f5ebff134b0e","correlation_id":"d1efb396-10d2-4662-b738-0b59616f1b57","request_id":"d1efb396-10d2-4662-b738-0b59616f1b57","operation":"pty.scheduler.start","route":"/api/pty/scheduler/start","method":"POST","duration_ms":0,"message":"ok","pty.scheduler.worker_count":2}
# {"timestamp":"2026-04-22T14:42:20.283Z","level":"info","service":"my-module","event":"metric.counter","name":"pty_bridge_send_total","delta":1,"total":1,"attributes":{"route":"/api/pty/enter-now","method":"POST","action":"enter"}}
# {"timestamp":"2026-04-22T14:42:20.286Z","level":"info","service":"my-module","event":"metric.counter","name":"pty_bridge_send_total","delta":1,"total":2,"attributes":{"route":"/api/pty/send-now","method":"POST","action":"prompt"}}
# {"timestamp":"2026-04-22T14:42:20.288Z","level":"info","service":"my-module","event":"metric.counter","name":"pty_bridge_send_total","delta":1,"total":3,"attributes":{"route":"/api/pty/send-now","method":"POST","action":"prompt"}}
# {"timestamp":"2026-04-22T14:42:20.291Z","level":"info","service":"my-module","event":"metric.counter","name":"pty_bridge_send_total","delta":1,"total":4,"attributes":{"route":"/api/pty/send-now","method":"POST","action":"prompt"}}
# {"timestamp":"2026-04-22T14:42:20.294Z","level":"info","service":"my-module","event":"metric.counter","name":"pty_bridge_send_total","delta":1,"total":5,"attributes":{"route":"/api/pty/enter-now","method":"POST","action":"enter"}}
# {"timestamp":"2026-04-22T14:42:22.078Z","level":"info","service":"my-module","event":"metric.counter","name":"pty_scheduler_stop_total","delta":1,"total":1,"attributes":{"route":"/api/pty/scheduler/stop","method":"POST"}}
# {"timestamp":"2026-04-22T14:42:22.078Z","level":"info","service":"my-module","event":"span.end","trace_id":"9116650d94ca43d9bf7ae62a1d24af3f","span_id":"a56850cb728d44e5","parent_span_id":"96225ada077e464c","name":"pty.scheduler.stop","duration_ms":0,"status":"ok","attributes":{"http.route":"/api/pty/scheduler/stop","http.request.method":"POST","code.function":"createAppHandler","control_center.operation.duration_ms":0,"pty.scheduler.worker_count":2}}
# {"timestamp":"2026-04-22T14:42:22.078Z","level":"info","service":"my-module","event":"metric.histogram","name":"control_center_operation_duration_ms","value":0,"unit":"ms","attributes":{"operation":"pty.scheduler.stop","route":"/api/pty/scheduler/stop","method":"POST"}}
# {"timestamp":"2026-04-22T14:42:22.078Z","level":"info","service":"my-module","event":"control_center.operation","trace_id":"9116650d94ca43d9bf7ae62a1d24af3f","parent_span_id":"96225ada077e464c","span_id":"a56850cb728d44e5","correlation_id":"2dce07fe-e383-47c2-9187-e4d9d40b2fea","request_id":"2dce07fe-e383-47c2-9187-e4d9d40b2fea","operation":"pty.scheduler.stop","route":"/api/pty/scheduler/stop","method":"POST","duration_ms":0,"message":"ok","pty.scheduler.worker_count":2}
# {"timestamp":"2026-04-22T14:42:22.082Z","level":"info","service":"my-module","event":"metric.counter","name":"pty_scheduler_start_total","delta":1,"total":2,"attributes":{"route":"/api/pty/scheduler/start","method":"POST"}}
# {"timestamp":"2026-04-22T14:42:22.082Z","level":"info","service":"my-module","event":"span.end","trace_id":"16bd8c9e664b412e91bb33ad370c24b5","span_id":"bed2aba7abe04a40","parent_span_id":"7d5e0b30aedf46e6","name":"pty.scheduler.start","duration_ms":0,"status":"ok","attributes":{"http.route":"/api/pty/scheduler/start","http.request.method":"POST","code.function":"createAppHandler","control_center.operation.duration_ms":0,"pty.scheduler.worker_count":2}}
# {"timestamp":"2026-04-22T14:42:22.082Z","level":"info","service":"my-module","event":"metric.histogram","name":"control_center_operation_duration_ms","value":0,"unit":"ms","attributes":{"operation":"pty.scheduler.start","route":"/api/pty/scheduler/start","method":"POST"}}
# {"timestamp":"2026-04-22T14:42:22.082Z","level":"info","service":"my-module","event":"control_center.operation","trace_id":"16bd8c9e664b412e91bb33ad370c24b5","parent_span_id":"7d5e0b30aedf46e6","span_id":"bed2aba7abe04a40","correlation_id":"a416957d-cdc2-432d-9db7-bc13883bfa04","request_id":"a416957d-cdc2-432d-9db7-bc13883bfa04","operation":"pty.scheduler.start","route":"/api/pty/scheduler/start","method":"POST","duration_ms":0,"message":"ok","pty.scheduler.worker_count":2}
# {"timestamp":"2026-04-22T14:42:22.085Z","level":"info","service":"my-module","event":"metric.counter","name":"pty_bridge_send_total","delta":1,"total":6,"attributes":{"route":"/api/pty/enter-now","method":"POST","action":"enter"}}
# {"timestamp":"2026-04-22T14:42:22.087Z","level":"info","service":"my-module","event":"metric.counter","name":"pty_bridge_send_total","delta":1,"total":7,"attributes":{"route":"/api/pty/enter-now","method":"POST","action":"enter"}}
# {"timestamp":"2026-04-22T14:42:22.088Z","level":"info","service":"my-module","event":"metric.counter","name":"pty_bridge_send_total","delta":1,"total":8,"attributes":{"route":"/api/pty/send-now","method":"POST","action":"prompt"}}
# {"timestamp":"2026-04-22T14:42:23.834Z","level":"info","service":"my-module","event":"metric.counter","name":"pty_scheduler_stop_total","delta":1,"total":2,"attributes":{"route":"/api/pty/scheduler/stop","method":"POST"}}
# {"timestamp":"2026-04-22T14:42:23.834Z","level":"info","service":"my-module","event":"span.end","trace_id":"398521230d7b4936aa88742a27104619","span_id":"0caa1c7b135343ba","parent_span_id":"c9feb36d5d7349b7","name":"pty.scheduler.stop","duration_ms":0,"status":"ok","attributes":{"http.route":"/api/pty/scheduler/stop","http.request.method":"POST","code.function":"createAppHandler","control_center.operation.duration_ms":0,"pty.scheduler.worker_count":2}}
# {"timestamp":"2026-04-22T14:42:23.834Z","level":"info","service":"my-module","event":"metric.histogram","name":"control_center_operation_duration_ms","value":0,"unit":"ms","attributes":{"operation":"pty.scheduler.stop","route":"/api/pty/scheduler/stop","method":"POST"}}
# {"timestamp":"2026-04-22T14:42:23.834Z","level":"info","service":"my-module","event":"control_center.operation","trace_id":"398521230d7b4936aa88742a27104619","parent_span_id":"c9feb36d5d7349b7","span_id":"0caa1c7b135343ba","correlation_id":"99296917-8b95-4fbe-949b-bf33a575a099","request_id":"99296917-8b95-4fbe-949b-bf33a575a099","operation":"pty.scheduler.stop","route":"/api/pty/scheduler/stop","method":"POST","duration_ms":0,"message":"ok","pty.scheduler.worker_count":2}
# {"timestamp":"2026-04-22T14:42:23.836Z","level":"info","service":"my-module","event":"metric.counter","name":"pty_scheduler_start_total","delta":1,"total":3,"attributes":{"route":"/api/pty/scheduler/start","method":"POST"}}
# {"timestamp":"2026-04-22T14:42:23.836Z","level":"info","service":"my-module","event":"span.end","trace_id":"e3f5f92735e24a5f8584075d51a5eb5a","span_id":"60d3d91f1ded49d7","parent_span_id":"77268712bfef435d","name":"pty.scheduler.start","duration_ms":0,"status":"ok","attributes":{"http.route":"/api/pty/scheduler/start","http.request.method":"POST","code.function":"createAppHandler","control_center.operation.duration_ms":0,"pty.scheduler.worker_count":2}}
# {"timestamp":"2026-04-22T14:42:23.836Z","level":"info","service":"my-module","event":"metric.histogram","name":"control_center_operation_duration_ms","value":0,"unit":"ms","attributes":{"operation":"pty.scheduler.start","route":"/api/pty/scheduler/start","method":"POST"}}
# {"timestamp":"2026-04-22T14:42:23.836Z","level":"info","service":"my-module","event":"control_center.operation","trace_id":"e3f5f92735e24a5f8584075d51a5eb5a","parent_span_id":"77268712bfef435d","span_id":"60d3d91f1ded49d7","correlation_id":"ce4b8cc5-00f7-4a83-a216-b9ddaa5cb2f1","request_id":"ce4b8cc5-00f7-4a83-a216-b9ddaa5cb2f1","operation":"pty.scheduler.start","route":"/api/pty/scheduler/start","method":"POST","duration_ms":0,"message":"ok","pty.scheduler.worker_count":2}
# {"timestamp":"2026-04-22T14:42:23.838Z","level":"info","service":"my-module","event":"metric.counter","name":"pty_bridge_send_total","delta":1,"total":9,"attributes":{"route":"/api/pty/send-now","method":"POST","action":"prompt"}}
# {"timestamp":"2026-04-22T14:42:23.839Z","level":"info","service":"my-module","event":"metric.counter","name":"pty_bridge_send_total","delta":1,"total":10,"attributes":{"route":"/api/pty/enter-now","method":"POST","action":"enter"}}
# {"timestamp":"2026-04-22T14:42:23.840Z","level":"info","service":"my-module","event":"metric.counter","name":"pty_bridge_send_total","delta":1,"total":11,"attributes":{"route":"/api/pty/send-now","method":"POST","action":"prompt"}}
# {"timestamp":"2026-04-22T14:42:23.841Z","level":"info","service":"my-module","event":"metric.counter","name":"pty_bridge_send_total","delta":1,"total":12,"attributes":{"route":"/api/pty/send-now","method":"POST","action":"prompt"}}
# {"timestamp":"2026-04-22T14:42:26.573Z","level":"info","service":"my-module","event":"metric.counter","name":"pty_scheduler_stop_total","delta":1,"total":3,"attributes":{"route":"/api/pty/scheduler/stop","method":"POST"}}
# {"timestamp":"2026-04-22T14:42:26.573Z","level":"info","service":"my-module","event":"span.end","trace_id":"479004ae731b43f2a1e0e53534c29abf","span_id":"0614c0a40ae647cc","parent_span_id":"b4f3c089f6a0423e","name":"pty.scheduler.stop","duration_ms":0,"status":"ok","attributes":{"http.route":"/api/pty/scheduler/stop","http.request.method":"POST","code.function":"createAppHandler","control_center.operation.duration_ms":0,"pty.scheduler.worker_count":2}}
# {"timestamp":"2026-04-22T14:42:26.573Z","level":"info","service":"my-module","event":"metric.histogram","name":"control_center_operation_duration_ms","value":0,"unit":"ms","attributes":{"operation":"pty.scheduler.stop","route":"/api/pty/scheduler/stop","method":"POST"}}
# {"timestamp":"2026-04-22T14:42:26.573Z","level":"info","service":"my-module","event":"control_center.operation","trace_id":"479004ae731b43f2a1e0e53534c29abf","parent_span_id":"b4f3c089f6a0423e","span_id":"0614c0a40ae647cc","correlation_id":"6162c26a-de58-44bf-ae30-5c7eced7b41b","request_id":"6162c26a-de58-44bf-ae30-5c7eced7b41b","operation":"pty.scheduler.stop","route":"/api/pty/scheduler/stop","method":"POST","duration_ms":0,"message":"ok","pty.scheduler.worker_count":2}
# {"timestamp":"2026-04-22T14:42:26.574Z","level":"info","service":"my-module","event":"metric.counter","name":"pty_scheduler_start_total","delta":1,"total":4,"attributes":{"route":"/api/pty/scheduler/start","method":"POST"}}
# {"timestamp":"2026-04-22T14:42:26.574Z","level":"info","service":"my-module","event":"span.end","trace_id":"ba29f940dfd241cb93ffab85acad6771","span_id":"53c6934ce25142bb","parent_span_id":"3340ee429c2c41a5","name":"pty.scheduler.start","duration_ms":0,"status":"ok","attributes":{"http.route":"/api/pty/scheduler/start","http.request.method":"POST","code.function":"createAppHandler","control_center.operation.duration_ms":0,"pty.scheduler.worker_count":2}}
# {"timestamp":"2026-04-22T14:42:26.574Z","level":"info","service":"my-module","event":"metric.histogram","name":"control_center_operation_duration_ms","value":0,"unit":"ms","attributes":{"operation":"pty.scheduler.start","route":"/api/pty/scheduler/start","method":"POST"}}
# {"timestamp":"2026-04-22T14:42:26.575Z","level":"info","service":"my-module","event":"control_center.operation","trace_id":"ba29f940dfd241cb93ffab85acad6771","parent_span_id":"3340ee429c2c41a5","span_id":"53c6934ce25142bb","correlation_id":"6e07cdb0-79f6-4cd4-be7f-cf76a2c6ea40","request_id":"6e07cdb0-79f6-4cd4-be7f-cf76a2c6ea40","operation":"pty.scheduler.start","route":"/api/pty/scheduler/start","method":"POST","duration_ms":0,"message":"ok","pty.scheduler.worker_count":2}
# {"timestamp":"2026-04-22T14:42:26.576Z","level":"info","service":"my-module","event":"metric.counter","name":"pty_bridge_send_total","delta":1,"total":13,"attributes":{"route":"/api/pty/send-now","method":"POST","action":"prompt"}}
# {"timestamp":"2026-04-22T14:42:27.866Z","level":"info","service":"my-module","event":"metric.counter","name":"pty_scheduler_stop_total","delta":1,"total":4,"attributes":{"route":"/api/pty/scheduler/stop","method":"POST"}}
# {"timestamp":"2026-04-22T14:42:27.866Z","level":"info","service":"my-module","event":"span.end","trace_id":"120e46462f2744d29e34f960adac19d9","span_id":"530a30fe4c0d419b","parent_span_id":"901464495f734bfe","name":"pty.scheduler.stop","duration_ms":0,"status":"ok","attributes":{"http.route":"/api/pty/scheduler/stop","http.request.method":"POST","code.function":"createAppHandler","control_center.operation.duration_ms":0,"pty.scheduler.worker_count":2}}
# {"timestamp":"2026-04-22T14:42:27.866Z","level":"info","service":"my-module","event":"metric.histogram","name":"control_center_operation_duration_ms","value":0,"unit":"ms","attributes":{"operation":"pty.scheduler.stop","route":"/api/pty/scheduler/stop","method":"POST"}}
# {"timestamp":"2026-04-22T14:42:27.866Z","level":"info","service":"my-module","event":"control_center.operation","trace_id":"120e46462f2744d29e34f960adac19d9","parent_span_id":"901464495f734bfe","span_id":"530a30fe4c0d419b","correlation_id":"0bdcc3a8-fe18-484c-9f00-3c9ddf801200","request_id":"0bdcc3a8-fe18-484c-9f00-3c9ddf801200","operation":"pty.scheduler.stop","route":"/api/pty/scheduler/stop","method":"POST","duration_ms":0,"message":"ok","pty.scheduler.worker_count":2}
# {"timestamp":"2026-04-22T14:42:27.867Z","level":"info","service":"my-module","event":"metric.counter","name":"pty_scheduler_start_total","delta":1,"total":5,"attributes":{"route":"/api/pty/scheduler/start","method":"POST"}}
# {"timestamp":"2026-04-22T14:42:27.867Z","level":"info","service":"my-module","event":"span.end","trace_id":"cad9fea8a9d540eba59d820ff83a5634","span_id":"5d7baacd4a094c83","parent_span_id":"2f76779fdbb74d31","name":"pty.scheduler.start","duration_ms":0,"status":"ok","attributes":{"http.route":"/api/pty/scheduler/start","http.request.method":"POST","code.function":"createAppHandler","control_center.operation.duration_ms":0,"pty.scheduler.worker_count":2}}
# {"timestamp":"2026-04-22T14:42:27.867Z","level":"info","service":"my-module","event":"metric.histogram","name":"control_center_operation_duration_ms","value":0,"unit":"ms","attributes":{"operation":"pty.scheduler.start","route":"/api/pty/scheduler/start","method":"POST"}}
# {"timestamp":"2026-04-22T14:42:27.867Z","level":"info","service":"my-module","event":"control_center.operation","trace_id":"cad9fea8a9d540eba59d820ff83a5634","parent_span_id":"2f76779fdbb74d31","span_id":"5d7baacd4a094c83","correlation_id":"094898d3-410d-41f0-a792-946983b642da","request_id":"094898d3-410d-41f0-a792-946983b642da","operation":"pty.scheduler.start","route":"/api/pty/scheduler/start","method":"POST","duration_ms":0,"message":"ok","pty.scheduler.worker_count":2}
# {"timestamp":"2026-04-22T14:42:27.868Z","level":"info","service":"my-module","event":"metric.counter","name":"pty_bridge_send_total","delta":1,"total":14,"attributes":{"route":"/api/pty/enter-now","method":"POST","action":"enter"}}
# {"timestamp":"2026-04-22T14:42:28.984Z","level":"info","service":"my-module","event":"metric.counter","name":"pty_scheduler_stop_total","delta":1,"total":5,"attributes":{"route":"/api/pty/scheduler/stop","method":"POST"}}
# {"timestamp":"2026-04-22T14:42:28.984Z","level":"info","service":"my-module","event":"span.end","trace_id":"58bab736ea9d45f293ace868ae28ed14","span_id":"b320398adeb242d4","parent_span_id":"23eb81b11caa4ae9","name":"pty.scheduler.stop","duration_ms":0,"status":"ok","attributes":{"http.route":"/api/pty/scheduler/stop","http.request.method":"POST","code.function":"createAppHandler","control_center.operation.duration_ms":0,"pty.scheduler.worker_count":2}}
# {"timestamp":"2026-04-22T14:42:28.984Z","level":"info","service":"my-module","event":"metric.histogram","name":"control_center_operation_duration_ms","value":0,"unit":"ms","attributes":{"operation":"pty.scheduler.stop","route":"/api/pty/scheduler/stop","method":"POST"}}
# {"timestamp":"2026-04-22T14:42:28.984Z","level":"info","service":"my-module","event":"control_center.operation","trace_id":"58bab736ea9d45f293ace868ae28ed14","parent_span_id":"23eb81b11caa4ae9","span_id":"b320398adeb242d4","correlation_id":"4e16340c-c58b-4016-9d89-243fcafe3f53","request_id":"4e16340c-c58b-4016-9d89-243fcafe3f53","operation":"pty.scheduler.stop","route":"/api/pty/scheduler/stop","method":"POST","duration_ms":0,"message":"ok","pty.scheduler.worker_count":2}
# {"timestamp":"2026-04-22T14:42:28.986Z","level":"info","service":"my-module","event":"metric.counter","name":"pty_scheduler_start_total","delta":1,"total":6,"attributes":{"route":"/api/pty/scheduler/start","method":"POST"}}
# {"timestamp":"2026-04-22T14:42:28.986Z","level":"info","service":"my-module","event":"span.end","trace_id":"77f31af2e0e1493d9c63286d63115410","span_id":"2293472c6edb4516","parent_span_id":"88bea43a09284642","name":"pty.scheduler.start","duration_ms":1,"status":"ok","attributes":{"http.route":"/api/pty/scheduler/start","http.request.method":"POST","code.function":"createAppHandler","control_center.operation.duration_ms":1,"pty.scheduler.worker_count":2}}
# {"timestamp":"2026-04-22T14:42:28.986Z","level":"info","service":"my-module","event":"metric.histogram","name":"control_center_operation_duration_ms","value":1,"unit":"ms","attributes":{"operation":"pty.scheduler.start","route":"/api/pty/scheduler/start","method":"POST"}}
# {"timestamp":"2026-04-22T14:42:28.986Z","level":"info","service":"my-module","event":"control_center.operation","trace_id":"77f31af2e0e1493d9c63286d63115410","parent_span_id":"88bea43a09284642","span_id":"2293472c6edb4516","correlation_id":"87dc0db7-df4d-485a-abbe-11dd5adf9156","request_id":"87dc0db7-df4d-485a-abbe-11dd5adf9156","operation":"pty.scheduler.start","route":"/api/pty/scheduler/start","method":"POST","duration_ms":1,"message":"ok","pty.scheduler.worker_count":2}
# {"timestamp":"2026-04-22T14:42:28.986Z","level":"info","service":"my-module","event":"metric.counter","name":"pty_bridge_send_total","delta":1,"total":15,"attributes":{"route":"/api/pty/send-now","method":"POST","action":"prompt"}}
# {"timestamp":"2026-04-22T14:42:28.987Z","level":"info","service":"my-module","event":"metric.counter","name":"pty_bridge_send_total","delta":1,"total":16,"attributes":{"route":"/api/pty/send-now","method":"POST","action":"prompt"}}
# {"timestamp":"2026-04-22T14:42:30.094Z","level":"info","service":"my-module","event":"metric.counter","name":"pty_scheduler_stop_total","delta":1,"total":6,"attributes":{"route":"/api/pty/scheduler/stop","method":"POST"}}
# {"timestamp":"2026-04-22T14:42:30.094Z","level":"info","service":"my-module","event":"span.end","trace_id":"24b99e56e86d40c1b10f5f0acda4ae81","span_id":"51b2eabafa174a22","parent_span_id":"a0db379a3d7c409e","name":"pty.scheduler.stop","duration_ms":0,"status":"ok","attributes":{"http.route":"/api/pty/scheduler/stop","http.request.method":"POST","code.function":"createAppHandler","control_center.operation.duration_ms":0,"pty.scheduler.worker_count":2}}
# {"timestamp":"2026-04-22T14:42:30.094Z","level":"info","service":"my-module","event":"metric.histogram","name":"control_center_operation_duration_ms","value":0,"unit":"ms","attributes":{"operation":"pty.scheduler.stop","route":"/api/pty/scheduler/stop","method":"POST"}}
# {"timestamp":"2026-04-22T14:42:30.094Z","level":"info","service":"my-module","event":"control_center.operation","trace_id":"24b99e56e86d40c1b10f5f0acda4ae81","parent_span_id":"a0db379a3d7c409e","span_id":"51b2eabafa174a22","correlation_id":"e2e4fec1-b900-4559-ab04-5b31e5bcf891","request_id":"e2e4fec1-b900-4559-ab04-5b31e5bcf891","operation":"pty.scheduler.stop","route":"/api/pty/scheduler/stop","method":"POST","duration_ms":0,"message":"ok","pty.scheduler.worker_count":2}
# {"timestamp":"2026-04-22T14:42:30.095Z","level":"info","service":"my-module","event":"metric.counter","name":"pty_scheduler_start_total","delta":1,"total":7,"attributes":{"route":"/api/pty/scheduler/start","method":"POST"}}
# {"timestamp":"2026-04-22T14:42:30.095Z","level":"info","service":"my-module","event":"span.end","trace_id":"281b43b9554f424488066aa694958045","span_id":"c5112664c389442d","parent_span_id":"08ca749d94e548d4","name":"pty.scheduler.start","duration_ms":0,"status":"ok","attributes":{"http.route":"/api/pty/scheduler/start","http.request.method":"POST","code.function":"createAppHandler","control_center.operation.duration_ms":0,"pty.scheduler.worker_count":2}}
# {"timestamp":"2026-04-22T14:42:30.095Z","level":"info","service":"my-module","event":"metric.histogram","name":"control_center_operation_duration_ms","value":0,"unit":"ms","attributes":{"operation":"pty.scheduler.start","route":"/api/pty/scheduler/start","method":"POST"}}
# {"timestamp":"2026-04-22T14:42:30.095Z","level":"info","service":"my-module","event":"control_center.operation","trace_id":"281b43b9554f424488066aa694958045","parent_span_id":"08ca749d94e548d4","span_id":"c5112664c389442d","correlation_id":"c9e3c50c-e3e4-463e-93cb-adda70fd256d","request_id":"c9e3c50c-e3e4-463e-93cb-adda70fd256d","operation":"pty.scheduler.start","route":"/api/pty/scheduler/start","method":"POST","duration_ms":0,"message":"ok","pty.scheduler.worker_count":2}
# {"timestamp":"2026-04-22T14:42:30.096Z","level":"info","service":"my-module","event":"metric.counter","name":"pty_bridge_send_total","delta":1,"total":17,"attributes":{"route":"/api/pty/enter-now","method":"POST","action":"enter"}}
# {"timestamp":"2026-04-22T14:42:30.096Z","level":"info","service":"my-module","event":"metric.counter","name":"pty_bridge_send_total","delta":1,"total":18,"attributes":{"route":"/api/pty/enter-now","method":"POST","action":"enter"}}
# {"timestamp":"2026-04-22T14:42:30.097Z","level":"info","service":"my-module","event":"metric.counter","name":"pty_bridge_send_total","delta":1,"total":19,"attributes":{"route":"/api/pty/send-now","method":"POST","action":"prompt"}}
# {"timestamp":"2026-04-22T14:42:30.098Z","level":"info","service":"my-module","event":"metric.counter","name":"pty_bridge_send_total","delta":1,"total":20,"attributes":{"route":"/api/pty/send-now","method":"POST","action":"prompt"}}
# {"timestamp":"2026-04-22T14:42:30.099Z","level":"info","service":"my-module","event":"metric.counter","name":"pty_bridge_send_total","delta":1,"total":21,"attributes":{"route":"/api/pty/send-now","method":"POST","action":"prompt"}}
# {"timestamp":"2026-04-22T14:42:31.289Z","level":"info","service":"my-module","event":"metric.counter","name":"pty_scheduler_stop_total","delta":1,"total":7,"attributes":{"route":"/api/pty/scheduler/stop","method":"POST"}}
# {"timestamp":"2026-04-22T14:42:31.289Z","level":"info","service":"my-module","event":"span.end","trace_id":"ba26027f042445f0b2b892255db71156","span_id":"e7c2a6221a134222","parent_span_id":"427acaaf42774254","name":"pty.scheduler.stop","duration_ms":0,"status":"ok","attributes":{"http.route":"/api/pty/scheduler/stop","http.request.method":"POST","code.function":"createAppHandler","control_center.operation.duration_ms":0,"pty.scheduler.worker_count":2}}
# {"timestamp":"2026-04-22T14:42:31.290Z","level":"info","service":"my-module","event":"metric.histogram","name":"control_center_operation_duration_ms","value":0,"unit":"ms","attributes":{"operation":"pty.scheduler.stop","route":"/api/pty/scheduler/stop","method":"POST"}}
# {"timestamp":"2026-04-22T14:42:31.290Z","level":"info","service":"my-module","event":"control_center.operation","trace_id":"ba26027f042445f0b2b892255db71156","parent_span_id":"427acaaf42774254","span_id":"e7c2a6221a134222","correlation_id":"298e7354-6915-475c-9b9e-8ca61f852ecf","request_id":"298e7354-6915-475c-9b9e-8ca61f852ecf","operation":"pty.scheduler.stop","route":"/api/pty/scheduler/stop","method":"POST","duration_ms":0,"message":"ok","pty.scheduler.worker_count":2}
# {"timestamp":"2026-04-22T14:42:31.291Z","level":"info","service":"my-module","event":"metric.counter","name":"pty_scheduler_start_total","delta":1,"total":8,"attributes":{"route":"/api/pty/scheduler/start","method":"POST"}}
# {"timestamp":"2026-04-22T14:42:31.291Z","level":"info","service":"my-module","event":"span.end","trace_id":"ecf682ee8d1640b0b967acd1836df18a","span_id":"88803a2be09e4856","parent_span_id":"9569074c707b4fc2","name":"pty.scheduler.start","duration_ms":0,"status":"ok","attributes":{"http.route":"/api/pty/scheduler/start","http.request.method":"POST","code.function":"createAppHandler","control_center.operation.duration_ms":0,"pty.scheduler.worker_count":2}}
# {"timestamp":"2026-04-22T14:42:31.291Z","level":"info","service":"my-module","event":"metric.histogram","name":"control_center_operation_duration_ms","value":0,"unit":"ms","attributes":{"operation":"pty.scheduler.start","route":"/api/pty/scheduler/start","method":"POST"}}
# {"timestamp":"2026-04-22T14:42:31.291Z","level":"info","service":"my-module","event":"control_center.operation","trace_id":"ecf682ee8d1640b0b967acd1836df18a","parent_span_id":"9569074c707b4fc2","span_id":"88803a2be09e4856","correlation_id":"599aa689-bb51-4949-a323-e3ba15a9fa38","request_id":"599aa689-bb51-4949-a323-e3ba15a9fa38","operation":"pty.scheduler.start","route":"/api/pty/scheduler/start","method":"POST","duration_ms":0,"message":"ok","pty.scheduler.worker_count":2}
# {"timestamp":"2026-04-22T14:42:31.291Z","level":"info","service":"my-module","event":"metric.counter","name":"pty_bridge_send_total","delta":1,"total":22,"attributes":{"route":"/api/pty/send-now","method":"POST","action":"prompt"}}
# {"timestamp":"2026-04-22T14:42:31.292Z","level":"info","service":"my-module","event":"metric.counter","name":"pty_bridge_send_total","delta":1,"total":23,"attributes":{"route":"/api/pty/send-now","method":"POST","action":"prompt"}}
# {"timestamp":"2026-04-22T14:42:31.293Z","level":"info","service":"my-module","event":"metric.counter","name":"pty_bridge_send_total","delta":1,"total":24,"attributes":{"route":"/api/pty/send-now","method":"POST","action":"prompt"}}
# {"timestamp":"2026-04-22T14:42:31.294Z","level":"info","service":"my-module","event":"metric.counter","name":"pty_bridge_send_total","delta":1,"total":25,"attributes":{"route":"/api/pty/send-now","method":"POST","action":"prompt"}}
# {"timestamp":"2026-04-22T14:42:32.449Z","level":"info","service":"my-module","event":"metric.counter","name":"pty_scheduler_stop_total","delta":1,"total":8,"attributes":{"route":"/api/pty/scheduler/stop","method":"POST"}}
# {"timestamp":"2026-04-22T14:42:32.449Z","level":"info","service":"my-module","event":"span.end","trace_id":"07dc9a27e15b4e98b530aab1052417d2","span_id":"ea8f1c849f504f80","parent_span_id":"8f22f2989d984517","name":"pty.scheduler.stop","duration_ms":0,"status":"ok","attributes":{"http.route":"/api/pty/scheduler/stop","http.request.method":"POST","code.function":"createAppHandler","control_center.operation.duration_ms":0,"pty.scheduler.worker_count":2}}
# {"timestamp":"2026-04-22T14:42:32.449Z","level":"info","service":"my-module","event":"metric.histogram","name":"control_center_operation_duration_ms","value":0,"unit":"ms","attributes":{"operation":"pty.scheduler.stop","route":"/api/pty/scheduler/stop","method":"POST"}}
# {"timestamp":"2026-04-22T14:42:32.449Z","level":"info","service":"my-module","event":"control_center.operation","trace_id":"07dc9a27e15b4e98b530aab1052417d2","parent_span_id":"8f22f2989d984517","span_id":"ea8f1c849f504f80","correlation_id":"c80c501f-2f40-45f1-89d0-6ebcbd25fa8a","request_id":"c80c501f-2f40-45f1-89d0-6ebcbd25fa8a","operation":"pty.scheduler.stop","route":"/api/pty/scheduler/stop","method":"POST","duration_ms":0,"message":"ok","pty.scheduler.worker_count":2}
# {"timestamp":"2026-04-22T14:42:32.450Z","level":"info","service":"my-module","event":"metric.counter","name":"pty_scheduler_start_total","delta":1,"total":9,"attributes":{"route":"/api/pty/scheduler/start","method":"POST"}}
# {"timestamp":"2026-04-22T14:42:32.450Z","level":"info","service":"my-module","event":"span.end","trace_id":"3d800b3dcbaf452da0319ba5aa6a68f6","span_id":"1faf1186b66b4a14","parent_span_id":"d8acf77255eb4e43","name":"pty.scheduler.start","duration_ms":0,"status":"ok","attributes":{"http.route":"/api/pty/scheduler/start","http.request.method":"POST","code.function":"createAppHandler","control_center.operation.duration_ms":0,"pty.scheduler.worker_count":2}}
# {"timestamp":"2026-04-22T14:42:32.450Z","level":"info","service":"my-module","event":"metric.histogram","name":"control_center_operation_duration_ms","value":0,"unit":"ms","attributes":{"operation":"pty.scheduler.start","route":"/api/pty/scheduler/start","method":"POST"}}
# {"timestamp":"2026-04-22T14:42:32.450Z","level":"info","service":"my-module","event":"control_center.operation","trace_id":"3d800b3dcbaf452da0319ba5aa6a68f6","parent_span_id":"d8acf77255eb4e43","span_id":"1faf1186b66b4a14","correlation_id":"fb1b49d2-4929-4c0d-bd15-5cb6c5a1c7ac","request_id":"fb1b49d2-4929-4c0d-bd15-5cb6c5a1c7ac","operation":"pty.scheduler.start","route":"/api/pty/scheduler/start","method":"POST","duration_ms":0,"message":"ok","pty.scheduler.worker_count":2}
# {"timestamp":"2026-04-22T14:42:32.451Z","level":"info","service":"my-module","event":"metric.counter","name":"pty_bridge_send_total","delta":1,"total":26,"attributes":{"route":"/api/pty/enter-now","method":"POST","action":"enter"}}
# {"timestamp":"2026-04-22T14:42:32.452Z","level":"info","service":"my-module","event":"metric.counter","name":"pty_bridge_send_total","delta":1,"total":27,"attributes":{"route":"/api/pty/enter-now","method":"POST","action":"enter"}}
# {"timestamp":"2026-04-22T14:42:32.453Z","level":"info","service":"my-module","event":"metric.counter","name":"pty_bridge_send_total","delta":1,"total":28,"attributes":{"route":"/api/pty/send-now","method":"POST","action":"prompt"}}
# {"timestamp":"2026-04-22T14:42:32.454Z","level":"info","service":"my-module","event":"metric.counter","name":"pty_bridge_send_total","delta":1,"total":29,"attributes":{"route":"/api/pty/send-now","method":"POST","action":"prompt"}}
# {"timestamp":"2026-04-22T14:42:32.455Z","level":"info","service":"my-module","event":"metric.counter","name":"pty_bridge_send_total","delta":1,"total":30,"attributes":{"route":"/api/pty/send-now","method":"POST","action":"prompt"}}
# {"timestamp":"2026-04-22T14:42:33.564Z","level":"info","service":"my-module","event":"metric.counter","name":"pty_scheduler_stop_total","delta":1,"total":9,"attributes":{"route":"/api/pty/scheduler/stop","method":"POST"}}
# {"timestamp":"2026-04-22T14:42:33.564Z","level":"info","service":"my-module","event":"span.end","trace_id":"5be82b71b7444396a2ce61c9464acf67","span_id":"5ff356b3fd484050","parent_span_id":"18f23c31c6af4748","name":"pty.scheduler.stop","duration_ms":0,"status":"ok","attributes":{"http.route":"/api/pty/scheduler/stop","http.request.method":"POST","code.function":"createAppHandler","control_center.operation.duration_ms":0,"pty.scheduler.worker_count":2}}
# {"timestamp":"2026-04-22T14:42:33.564Z","level":"info","service":"my-module","event":"metric.histogram","name":"control_center_operation_duration_ms","value":0,"unit":"ms","attributes":{"operation":"pty.scheduler.stop","route":"/api/pty/scheduler/stop","method":"POST"}}
# {"timestamp":"2026-04-22T14:42:33.564Z","level":"info","service":"my-module","event":"control_center.operation","trace_id":"5be82b71b7444396a2ce61c9464acf67","parent_span_id":"18f23c31c6af4748","span_id":"5ff356b3fd484050","correlation_id":"f384d92b-d153-4661-bf78-6fdc23dac1b5","request_id":"f384d92b-d153-4661-bf78-6fdc23dac1b5","operation":"pty.scheduler.stop","route":"/api/pty/scheduler/stop","method":"POST","duration_ms":0,"message":"ok","pty.scheduler.worker_count":2}
# {"timestamp":"2026-04-22T14:42:33.565Z","level":"info","service":"my-module","event":"metric.counter","name":"pty_scheduler_start_total","delta":1,"total":10,"attributes":{"route":"/api/pty/scheduler/start","method":"POST"}}
# {"timestamp":"2026-04-22T14:42:33.565Z","level":"info","service":"my-module","event":"span.end","trace_id":"687d4d0d9fa74c64a31087177e163f56","span_id":"59727894eb284bda","parent_span_id":"ba537366bfeb4c6b","name":"pty.scheduler.start","duration_ms":0,"status":"ok","attributes":{"http.route":"/api/pty/scheduler/start","http.request.method":"POST","code.function":"createAppHandler","control_center.operation.duration_ms":0,"pty.scheduler.worker_count":2}}
# {"timestamp":"2026-04-22T14:42:33.565Z","level":"info","service":"my-module","event":"metric.histogram","name":"control_center_operation_duration_ms","value":0,"unit":"ms","attributes":{"operation":"pty.scheduler.start","route":"/api/pty/scheduler/start","method":"POST"}}
# {"timestamp":"2026-04-22T14:42:33.565Z","level":"info","service":"my-module","event":"control_center.operation","trace_id":"687d4d0d9fa74c64a31087177e163f56","parent_span_id":"ba537366bfeb4c6b","span_id":"59727894eb284bda","correlation_id":"4641e250-0de2-4b29-8334-4a9dfd3afd62","request_id":"4641e250-0de2-4b29-8334-4a9dfd3afd62","operation":"pty.scheduler.start","route":"/api/pty/scheduler/start","method":"POST","duration_ms":0,"message":"ok","pty.scheduler.worker_count":2}
# {"timestamp":"2026-04-22T14:42:33.566Z","level":"info","service":"my-module","event":"metric.counter","name":"pty_bridge_send_total","delta":1,"total":31,"attributes":{"route":"/api/pty/send-now","method":"POST","action":"prompt"}}
# {"timestamp":"2026-04-22T14:42:33.567Z","level":"info","service":"my-module","event":"metric.counter","name":"pty_bridge_send_total","delta":1,"total":32,"attributes":{"route":"/api/pty/enter-now","method":"POST","action":"enter"}}
# {"timestamp":"2026-04-22T14:42:34.640Z","level":"info","service":"my-module","event":"metric.counter","name":"pty_scheduler_stop_total","delta":1,"total":10,"attributes":{"route":"/api/pty/scheduler/stop","method":"POST"}}
# {"timestamp":"2026-04-22T14:42:34.640Z","level":"info","service":"my-module","event":"span.end","trace_id":"303731de88db4dde940959c2628b9019","span_id":"a5e7a4b101974274","parent_span_id":"7314f2f7dced4fb2","name":"pty.scheduler.stop","duration_ms":0,"status":"ok","attributes":{"http.route":"/api/pty/scheduler/stop","http.request.method":"POST","code.function":"createAppHandler","control_center.operation.duration_ms":0,"pty.scheduler.worker_count":2}}
# {"timestamp":"2026-04-22T14:42:34.640Z","level":"info","service":"my-module","event":"metric.histogram","name":"control_center_operation_duration_ms","value":0,"unit":"ms","attributes":{"operation":"pty.scheduler.stop","route":"/api/pty/scheduler/stop","method":"POST"}}
# {"timestamp":"2026-04-22T14:42:34.640Z","level":"info","service":"my-module","event":"control_center.operation","trace_id":"303731de88db4dde940959c2628b9019","parent_span_id":"7314f2f7dced4fb2","span_id":"a5e7a4b101974274","correlation_id":"4f957f8b-d142-4301-a54a-0c4b09357874","request_id":"4f957f8b-d142-4301-a54a-0c4b09357874","operation":"pty.scheduler.stop","route":"/api/pty/scheduler/stop","method":"POST","duration_ms":0,"message":"ok","pty.scheduler.worker_count":2}
# {"timestamp":"2026-04-22T14:42:34.641Z","level":"info","service":"my-module","event":"metric.counter","name":"pty_scheduler_start_total","delta":1,"total":11,"attributes":{"route":"/api/pty/scheduler/start","method":"POST"}}
# {"timestamp":"2026-04-22T14:42:34.641Z","level":"info","service":"my-module","event":"span.end","trace_id":"f657c8364b7f430ba91aa616825a26f9","span_id":"56785ada9a9c4d57","parent_span_id":"aa60c7e864ce4d8a","name":"pty.scheduler.start","duration_ms":0,"status":"ok","attributes":{"http.route":"/api/pty/scheduler/start","http.request.method":"POST","code.function":"createAppHandler","control_center.operation.duration_ms":0,"pty.scheduler.worker_count":2}}
# {"timestamp":"2026-04-22T14:42:34.641Z","level":"info","service":"my-module","event":"metric.histogram","name":"control_center_operation_duration_ms","value":0,"unit":"ms","attributes":{"operation":"pty.scheduler.start","route":"/api/pty/scheduler/start","method":"POST"}}
# {"timestamp":"2026-04-22T14:42:34.641Z","level":"info","service":"my-module","event":"control_center.operation","trace_id":"f657c8364b7f430ba91aa616825a26f9","parent_span_id":"aa60c7e864ce4d8a","span_id":"56785ada9a9c4d57","correlation_id":"ee1012cf-dde6-48ae-bdb6-8639d14f63f4","request_id":"ee1012cf-dde6-48ae-bdb6-8639d14f63f4","operation":"pty.scheduler.start","route":"/api/pty/scheduler/start","method":"POST","duration_ms":0,"message":"ok","pty.scheduler.worker_count":2}
# {"timestamp":"2026-04-22T14:42:34.642Z","level":"info","service":"my-module","event":"metric.counter","name":"pty_bridge_send_total","delta":1,"total":33,"attributes":{"route":"/api/pty/send-now","method":"POST","action":"prompt"}}
# {"timestamp":"2026-04-22T14:42:34.642Z","level":"info","service":"my-module","event":"metric.counter","name":"pty_bridge_send_total","delta":1,"total":34,"attributes":{"route":"/api/pty/send-now","method":"POST","action":"prompt"}}
# {"timestamp":"2026-04-22T14:42:34.643Z","level":"info","service":"my-module","event":"metric.counter","name":"pty_bridge_send_total","delta":1,"total":35,"attributes":{"route":"/api/pty/send-now","method":"POST","action":"prompt"}}
# {"timestamp":"2026-04-22T14:42:35.708Z","level":"info","service":"my-module","event":"metric.counter","name":"pty_scheduler_stop_total","delta":1,"total":11,"attributes":{"route":"/api/pty/scheduler/stop","method":"POST"}}
# {"timestamp":"2026-04-22T14:42:35.708Z","level":"info","service":"my-module","event":"span.end","trace_id":"bb73031aa2cf4d83a54e0a836a62c751","span_id":"a1ac244c63744341","parent_span_id":"50b2983078c14e03","name":"pty.scheduler.stop","duration_ms":0,"status":"ok","attributes":{"http.route":"/api/pty/scheduler/stop","http.request.method":"POST","code.function":"createAppHandler","control_center.operation.duration_ms":0,"pty.scheduler.worker_count":2}}
# {"timestamp":"2026-04-22T14:42:35.709Z","level":"info","service":"my-module","event":"metric.histogram","name":"control_center_operation_duration_ms","value":0,"unit":"ms","attributes":{"operation":"pty.scheduler.stop","route":"/api/pty/scheduler/stop","method":"POST"}}
# {"timestamp":"2026-04-22T14:42:35.709Z","level":"info","service":"my-module","event":"control_center.operation","trace_id":"bb73031aa2cf4d83a54e0a836a62c751","parent_span_id":"50b2983078c14e03","span_id":"a1ac244c63744341","correlation_id":"56bd0136-f827-47ec-8996-bbd21d80761e","request_id":"56bd0136-f827-47ec-8996-bbd21d80761e","operation":"pty.scheduler.stop","route":"/api/pty/scheduler/stop","method":"POST","duration_ms":0,"message":"ok","pty.scheduler.worker_count":2}
# {"timestamp":"2026-04-22T14:42:35.709Z","level":"info","service":"my-module","event":"metric.counter","name":"pty_scheduler_start_total","delta":1,"total":12,"attributes":{"route":"/api/pty/scheduler/start","method":"POST"}}
# {"timestamp":"2026-04-22T14:42:35.709Z","level":"info","service":"my-module","event":"span.end","trace_id":"0bc77fe10f3742b7912c5b63e16b04f2","span_id":"52c836c889654a38","parent_span_id":"4dda445ac8d94b88","name":"pty.scheduler.start","duration_ms":0,"status":"ok","attributes":{"http.route":"/api/pty/scheduler/start","http.request.method":"POST","code.function":"createAppHandler","control_center.operation.duration_ms":0,"pty.scheduler.worker_count":2}}
# {"timestamp":"2026-04-22T14:42:35.709Z","level":"info","service":"my-module","event":"metric.histogram","name":"control_center_operation_duration_ms","value":0,"unit":"ms","attributes":{"operation":"pty.scheduler.start","route":"/api/pty/scheduler/start","method":"POST"}}
# {"timestamp":"2026-04-22T14:42:35.709Z","level":"info","service":"my-module","event":"control_center.operation","trace_id":"0bc77fe10f3742b7912c5b63e16b04f2","parent_span_id":"4dda445ac8d94b88","span_id":"52c836c889654a38","correlation_id":"dacd8231-299a-4160-9b48-c02ed830ed06","request_id":"dacd8231-299a-4160-9b48-c02ed830ed06","operation":"pty.scheduler.start","route":"/api/pty/scheduler/start","method":"POST","duration_ms":0,"message":"ok","pty.scheduler.worker_count":2}
# {"timestamp":"2026-04-22T14:42:35.710Z","level":"info","service":"my-module","event":"metric.counter","name":"pty_bridge_send_total","delta":1,"total":36,"attributes":{"route":"/api/pty/enter-now","method":"POST","action":"enter"}}
# {"timestamp":"2026-04-22T14:42:35.711Z","level":"info","service":"my-module","event":"metric.counter","name":"pty_bridge_send_total","delta":1,"total":37,"attributes":{"route":"/api/pty/send-now","method":"POST","action":"prompt"}}
# {"timestamp":"2026-04-22T14:42:35.711Z","level":"info","service":"my-module","event":"metric.counter","name":"pty_bridge_send_total","delta":1,"total":38,"attributes":{"route":"/api/pty/enter-now","method":"POST","action":"enter"}}
# {"timestamp":"2026-04-22T14:42:36.786Z","level":"info","service":"my-module","event":"metric.counter","name":"pty_scheduler_stop_total","delta":1,"total":12,"attributes":{"route":"/api/pty/scheduler/stop","method":"POST"}}
# {"timestamp":"2026-04-22T14:42:36.786Z","level":"info","service":"my-module","event":"span.end","trace_id":"f85ff926c9794e22a5ec2f562d78e114","span_id":"a0592beac6ca40af","parent_span_id":"9f789f2e9c5a4252","name":"pty.scheduler.stop","duration_ms":0,"status":"ok","attributes":{"http.route":"/api/pty/scheduler/stop","http.request.method":"POST","code.function":"createAppHandler","control_center.operation.duration_ms":0,"pty.scheduler.worker_count":2}}
# {"timestamp":"2026-04-22T14:42:36.786Z","level":"info","service":"my-module","event":"metric.histogram","name":"control_center_operation_duration_ms","value":0,"unit":"ms","attributes":{"operation":"pty.scheduler.stop","route":"/api/pty/scheduler/stop","method":"POST"}}
# {"timestamp":"2026-04-22T14:42:36.786Z","level":"info","service":"my-module","event":"control_center.operation","trace_id":"f85ff926c9794e22a5ec2f562d78e114","parent_span_id":"9f789f2e9c5a4252","span_id":"a0592beac6ca40af","correlation_id":"48e8174b-742d-4b6e-87ab-52b3f6fa53f8","request_id":"48e8174b-742d-4b6e-87ab-52b3f6fa53f8","operation":"pty.scheduler.stop","route":"/api/pty/scheduler/stop","method":"POST","duration_ms":0,"message":"ok","pty.scheduler.worker_count":2}
# {"timestamp":"2026-04-22T14:42:36.787Z","level":"warn","service":"my-module","event":"server.draining","reason":"test","drain_started_at":"2026-04-22T14:42:36.787Z"}
# Subtest: [property] scheduler current activity follows the last successful targeted worker across valid action sequences
ok 130 - [property] scheduler current activity follows the last successful targeted worker across valid action sequences
  ---
  duration_ms: 15419.95268
  type: 'test'
  ...
# {"timestamp":"2026-04-22T14:42:36.791Z","level":"info","service":"my-module","event":"metric.counter","name":"pty_bridge_sessions_read_total","delta":1,"total":2,"attributes":{"route":"/api/pty/sessions","method":"GET"}}
# {"timestamp":"2026-04-22T14:42:36.791Z","level":"info","service":"my-module","event":"span.end","trace_id":"5d3cf545704d40cf88e4be1ee4963c2e","span_id":"e7d80353717c4f06","parent_span_id":"b32762b4672246b4","name":"pty.bridge.sessions","duration_ms":0,"status":"ok","attributes":{"http.route":"/api/pty/sessions","http.request.method":"GET","code.function":"createAppHandler","control_center.operation.duration_ms":0,"pty.session.count":1}}
# {"timestamp":"2026-04-22T14:42:36.791Z","level":"info","service":"my-module","event":"metric.histogram","name":"control_center_operation_duration_ms","value":0,"unit":"ms","attributes":{"operation":"pty.bridge.sessions","route":"/api/pty/sessions","method":"GET"}}
# {"timestamp":"2026-04-22T14:42:36.791Z","level":"info","service":"my-module","event":"control_center.operation","trace_id":"5d3cf545704d40cf88e4be1ee4963c2e","parent_span_id":"b32762b4672246b4","span_id":"e7d80353717c4f06","correlation_id":"7bf4d2be-2f08-423c-bb23-4d90168b4ae1","request_id":"7bf4d2be-2f08-423c-bb23-4d90168b4ae1","operation":"pty.bridge.sessions","route":"/api/pty/sessions","method":"GET","duration_ms":0,"message":"ok","pty.session.count":1}
# {"timestamp":"2026-04-22T14:42:36.792Z","level":"info","service":"my-module","event":"metric.counter","name":"pty_scheduler_start_total","delta":1,"total":13,"attributes":{"route":"/api/pty/scheduler/start","method":"POST"}}
# {"timestamp":"2026-04-22T14:42:36.792Z","level":"info","service":"my-module","event":"span.end","trace_id":"152bbe169ca34cb4bb6f4ccdc51c8c07","span_id":"09373734b3c5429d","parent_span_id":"2a93690e82064286","name":"pty.scheduler.start","duration_ms":0,"status":"ok","attributes":{"http.route":"/api/pty/scheduler/start","http.request.method":"POST","code.function":"createAppHandler","control_center.operation.duration_ms":0,"pty.scheduler.worker_count":2}}
# {"timestamp":"2026-04-22T14:42:36.792Z","level":"info","service":"my-module","event":"metric.histogram","name":"control_center_operation_duration_ms","value":0,"unit":"ms","attributes":{"operation":"pty.scheduler.start","route":"/api/pty/scheduler/start","method":"POST"}}
# {"timestamp":"2026-04-22T14:42:36.792Z","level":"info","service":"my-module","event":"control_center.operation","trace_id":"152bbe169ca34cb4bb6f4ccdc51c8c07","parent_span_id":"2a93690e82064286","span_id":"09373734b3c5429d","correlation_id":"f38083a7-2495-4c03-bff6-a75c7f575f87","request_id":"f38083a7-2495-4c03-bff6-a75c7f575f87","operation":"pty.scheduler.start","route":"/api/pty/scheduler/start","method":"POST","duration_ms":0,"message":"ok","pty.scheduler.worker_count":2}
# {"timestamp":"2026-04-22T14:42:36.793Z","level":"info","service":"my-module","event":"metric.counter","name":"pty_bridge_failures_total","delta":1,"total":1,"attributes":{"route":"/api/pty/enter-now","method":"POST","reason":"scheduler_enter_now_failed"}}
# {"timestamp":"2026-04-22T14:42:36.794Z","level":"info","service":"my-module","event":"metric.counter","name":"pty_bridge_send_total","delta":1,"total":39,"attributes":{"route":"/api/pty/send-now","method":"POST","action":"prompt"}}
# {"timestamp":"2026-04-22T14:42:37.776Z","level":"info","service":"my-module","event":"metric.counter","name":"pty_scheduler_stop_total","delta":1,"total":13,"attributes":{"route":"/api/pty/scheduler/stop","method":"POST"}}
# {"timestamp":"2026-04-22T14:42:37.776Z","level":"info","service":"my-module","event":"span.end","trace_id":"aabd25f530c94fbda65b83fe4acc2f98","span_id":"f64de65abd4f432c","parent_span_id":"c16530913ce44e28","name":"pty.scheduler.stop","duration_ms":0,"status":"ok","attributes":{"http.route":"/api/pty/scheduler/stop","http.request.method":"POST","code.function":"createAppHandler","control_center.operation.duration_ms":0,"pty.scheduler.worker_count":2}}
# {"timestamp":"2026-04-22T14:42:37.776Z","level":"info","service":"my-module","event":"metric.histogram","name":"control_center_operation_duration_ms","value":0,"unit":"ms","attributes":{"operation":"pty.scheduler.stop","route":"/api/pty/scheduler/stop","method":"POST"}}
# {"timestamp":"2026-04-22T14:42:37.776Z","level":"info","service":"my-module","event":"control_center.operation","trace_id":"aabd25f530c94fbda65b83fe4acc2f98","parent_span_id":"c16530913ce44e28","span_id":"f64de65abd4f432c","correlation_id":"642ef025-45ea-4b9f-b0ee-f7049f5de7cb","request_id":"642ef025-45ea-4b9f-b0ee-f7049f5de7cb","operation":"pty.scheduler.stop","route":"/api/pty/scheduler/stop","method":"POST","duration_ms":0,"message":"ok","pty.scheduler.worker_count":2}
# {"timestamp":"2026-04-22T14:42:37.777Z","level":"info","service":"my-module","event":"metric.counter","name":"pty_scheduler_start_total","delta":1,"total":14,"attributes":{"route":"/api/pty/scheduler/start","method":"POST"}}
# {"timestamp":"2026-04-22T14:42:37.777Z","level":"info","service":"my-module","event":"span.end","trace_id":"5f5317d98f5940e7ba371acff22cb92c","span_id":"09618c33a1824390","parent_span_id":"ca59b950a7ee4a69","name":"pty.scheduler.start","duration_ms":0,"status":"ok","attributes":{"http.route":"/api/pty/scheduler/start","http.request.method":"POST","code.function":"createAppHandler","control_center.operation.duration_ms":0,"pty.scheduler.worker_count":2}}
# {"timestamp":"2026-04-22T14:42:37.777Z","level":"info","service":"my-module","event":"metric.histogram","name":"control_center_operation_duration_ms","value":0,"unit":"ms","attributes":{"operation":"pty.scheduler.start","route":"/api/pty/scheduler/start","method":"POST"}}
# {"timestamp":"2026-04-22T14:42:37.777Z","level":"info","service":"my-module","event":"control_center.operation","trace_id":"5f5317d98f5940e7ba371acff22cb92c","parent_span_id":"ca59b950a7ee4a69","span_id":"09618c33a1824390","correlation_id":"02cd8b8c-4cdd-4dd2-908a-b43a05df7275","request_id":"02cd8b8c-4cdd-4dd2-908a-b43a05df7275","operation":"pty.scheduler.start","route":"/api/pty/scheduler/start","method":"POST","duration_ms":0,"message":"ok","pty.scheduler.worker_count":2}
# {"timestamp":"2026-04-22T14:42:37.778Z","level":"info","service":"my-module","event":"metric.counter","name":"pty_bridge_failures_total","delta":1,"total":2,"attributes":{"route":"/api/pty/send-now","method":"POST","reason":"scheduler_send_now_failed"}}
# {"timestamp":"2026-04-22T14:42:38.730Z","level":"info","service":"my-module","event":"metric.counter","name":"pty_scheduler_stop_total","delta":1,"total":14,"attributes":{"route":"/api/pty/scheduler/stop","method":"POST"}}
# {"timestamp":"2026-04-22T14:42:38.730Z","level":"info","service":"my-module","event":"span.end","trace_id":"c4465c330c704b06ba9e14d28c44776d","span_id":"0db06bb89c304474","parent_span_id":"9eed1b3d74504bc9","name":"pty.scheduler.stop","duration_ms":0,"status":"ok","attributes":{"http.route":"/api/pty/scheduler/stop","http.request.method":"POST","code.function":"createAppHandler","control_center.operation.duration_ms":0,"pty.scheduler.worker_count":2}}
# {"timestamp":"2026-04-22T14:42:38.730Z","level":"info","service":"my-module","event":"metric.histogram","name":"control_center_operation_duration_ms","value":0,"unit":"ms","attributes":{"operation":"pty.scheduler.stop","route":"/api/pty/scheduler/stop","method":"POST"}}
# {"timestamp":"2026-04-22T14:42:38.730Z","level":"info","service":"my-module","event":"control_center.operation","trace_id":"c4465c330c704b06ba9e14d28c44776d","parent_span_id":"9eed1b3d74504bc9","span_id":"0db06bb89c304474","correlation_id":"e73ce005-9378-4e35-99b2-09fa214a720f","request_id":"e73ce005-9378-4e35-99b2-09fa214a720f","operation":"pty.scheduler.stop","route":"/api/pty/scheduler/stop","method":"POST","duration_ms":0,"message":"ok","pty.scheduler.worker_count":2}
# {"timestamp":"2026-04-22T14:42:38.731Z","level":"info","service":"my-module","event":"metric.counter","name":"pty_scheduler_start_total","delta":1,"total":15,"attributes":{"route":"/api/pty/scheduler/start","method":"POST"}}
# {"timestamp":"2026-04-22T14:42:38.731Z","level":"info","service":"my-module","event":"span.end","trace_id":"f6615fb9be3f4cb98108c341281e2975","span_id":"4ef720d3ae024445","parent_span_id":"101eb155cee840d1","name":"pty.scheduler.start","duration_ms":0,"status":"ok","attributes":{"http.route":"/api/pty/scheduler/start","http.request.method":"POST","code.function":"createAppHandler","control_center.operation.duration_ms":0,"pty.scheduler.worker_count":2}}
# {"timestamp":"2026-04-22T14:42:38.731Z","level":"info","service":"my-module","event":"metric.histogram","name":"control_center_operation_duration_ms","value":0,"unit":"ms","attributes":{"operation":"pty.scheduler.start","route":"/api/pty/scheduler/start","method":"POST"}}
# {"timestamp":"2026-04-22T14:42:38.731Z","level":"info","service":"my-module","event":"control_center.operation","trace_id":"f6615fb9be3f4cb98108c341281e2975","parent_span_id":"101eb155cee840d1","span_id":"4ef720d3ae024445","correlation_id":"5a0441c9-5247-4dc5-af1f-330932952290","request_id":"5a0441c9-5247-4dc5-af1f-330932952290","operation":"pty.scheduler.start","route":"/api/pty/scheduler/start","method":"POST","duration_ms":0,"message":"ok","pty.scheduler.worker_count":2}
# {"timestamp":"2026-04-22T14:42:38.731Z","level":"info","service":"my-module","event":"metric.counter","name":"pty_bridge_failures_total","delta":1,"total":3,"attributes":{"route":"/api/pty/send-now","method":"POST","reason":"scheduler_send_now_failed"}}
# {"timestamp":"2026-04-22T14:42:38.732Z","level":"info","service":"my-module","event":"metric.counter","name":"pty_bridge_failures_total","delta":1,"total":4,"attributes":{"route":"/api/pty/send-now","method":"POST","reason":"scheduler_send_now_failed"}}
# {"timestamp":"2026-04-22T14:42:39.707Z","level":"info","service":"my-module","event":"metric.counter","name":"pty_scheduler_stop_total","delta":1,"total":15,"attributes":{"route":"/api/pty/scheduler/stop","method":"POST"}}
# {"timestamp":"2026-04-22T14:42:39.707Z","level":"info","service":"my-module","event":"span.end","trace_id":"584352078d934e02b360bc9bb23d9aca","span_id":"9bb5f5a08f784385","parent_span_id":"7aa80daf66734a5c","name":"pty.scheduler.stop","duration_ms":0,"status":"ok","attributes":{"http.route":"/api/pty/scheduler/stop","http.request.method":"POST","code.function":"createAppHandler","control_center.operation.duration_ms":0,"pty.scheduler.worker_count":2}}
# {"timestamp":"2026-04-22T14:42:39.707Z","level":"info","service":"my-module","event":"metric.histogram","name":"control_center_operation_duration_ms","value":0,"unit":"ms","attributes":{"operation":"pty.scheduler.stop","route":"/api/pty/scheduler/stop","method":"POST"}}
# {"timestamp":"2026-04-22T14:42:39.707Z","level":"info","service":"my-module","event":"control_center.operation","trace_id":"584352078d934e02b360bc9bb23d9aca","parent_span_id":"7aa80daf66734a5c","span_id":"9bb5f5a08f784385","correlation_id":"fdff154d-0f8e-481a-89d9-579eb9381460","request_id":"fdff154d-0f8e-481a-89d9-579eb9381460","operation":"pty.scheduler.stop","route":"/api/pty/scheduler/stop","method":"POST","duration_ms":0,"message":"ok","pty.scheduler.worker_count":2}
# {"timestamp":"2026-04-22T14:42:39.708Z","level":"info","service":"my-module","event":"metric.counter","name":"pty_scheduler_start_total","delta":1,"total":16,"attributes":{"route":"/api/pty/scheduler/start","method":"POST"}}
# {"timestamp":"2026-04-22T14:42:39.708Z","level":"info","service":"my-module","event":"span.end","trace_id":"e5ef6b6f66bc47e4be1238966fe5a185","span_id":"5a397a67b46c4e4c","parent_span_id":"98ef9cbaaecc47e3","name":"pty.scheduler.start","duration_ms":0,"status":"ok","attributes":{"http.route":"/api/pty/scheduler/start","http.request.method":"POST","code.function":"createAppHandler","control_center.operation.duration_ms":0,"pty.scheduler.worker_count":2}}
# {"timestamp":"2026-04-22T14:42:39.708Z","level":"info","service":"my-module","event":"metric.histogram","name":"control_center_operation_duration_ms","value":0,"unit":"ms","attributes":{"operation":"pty.scheduler.start","route":"/api/pty/scheduler/start","method":"POST"}}
# {"timestamp":"2026-04-22T14:42:39.708Z","level":"info","service":"my-module","event":"control_center.operation","trace_id":"e5ef6b6f66bc47e4be1238966fe5a185","parent_span_id":"98ef9cbaaecc47e3","span_id":"5a397a67b46c4e4c","correlation_id":"a4d8af05-acd2-4c0c-9653-8db84966c707","request_id":"a4d8af05-acd2-4c0c-9653-8db84966c707","operation":"pty.scheduler.start","route":"/api/pty/scheduler/start","method":"POST","duration_ms":0,"message":"ok","pty.scheduler.worker_count":2}
# {"timestamp":"2026-04-22T14:42:39.709Z","level":"info","service":"my-module","event":"metric.counter","name":"pty_bridge_send_total","delta":1,"total":40,"attributes":{"route":"/api/pty/send-now","method":"POST","action":"prompt"}}
# {"timestamp":"2026-04-22T14:42:39.709Z","level":"info","service":"my-module","event":"metric.counter","name":"pty_bridge_failures_total","delta":1,"total":5,"attributes":{"route":"/api/pty/enter-now","method":"POST","reason":"scheduler_enter_now_failed"}}
# {"timestamp":"2026-04-22T14:42:40.734Z","level":"info","service":"my-module","event":"metric.counter","name":"pty_scheduler_stop_total","delta":1,"total":16,"attributes":{"route":"/api/pty/scheduler/stop","method":"POST"}}
# {"timestamp":"2026-04-22T14:42:40.734Z","level":"info","service":"my-module","event":"span.end","trace_id":"6547d84d4fb24aff905f913b1ba01371","span_id":"8657835a1b164b48","parent_span_id":"eb9c52bee23b4e78","name":"pty.scheduler.stop","duration_ms":0,"status":"ok","attributes":{"http.route":"/api/pty/scheduler/stop","http.request.method":"POST","code.function":"createAppHandler","control_center.operation.duration_ms":0,"pty.scheduler.worker_count":2}}
# {"timestamp":"2026-04-22T14:42:40.734Z","level":"info","service":"my-module","event":"metric.histogram","name":"control_center_operation_duration_ms","value":0,"unit":"ms","attributes":{"operation":"pty.scheduler.stop","route":"/api/pty/scheduler/stop","method":"POST"}}
# {"timestamp":"2026-04-22T14:42:40.734Z","level":"info","service":"my-module","event":"control_center.operation","trace_id":"6547d84d4fb24aff905f913b1ba01371","parent_span_id":"eb9c52bee23b4e78","span_id":"8657835a1b164b48","correlation_id":"57207b87-d23e-470c-9bfe-181f5db9b48b","request_id":"57207b87-d23e-470c-9bfe-181f5db9b48b","operation":"pty.scheduler.stop","route":"/api/pty/scheduler/stop","method":"POST","duration_ms":0,"message":"ok","pty.scheduler.worker_count":2}
# {"timestamp":"2026-04-22T14:42:40.735Z","level":"info","service":"my-module","event":"metric.counter","name":"pty_scheduler_start_total","delta":1,"total":17,"attributes":{"route":"/api/pty/scheduler/start","method":"POST"}}
# {"timestamp":"2026-04-22T14:42:40.735Z","level":"info","service":"my-module","event":"span.end","trace_id":"521f9306b0ff4c98a0431a80eeeab320","span_id":"201802230da84170","parent_span_id":"5ff8e744b6de4992","name":"pty.scheduler.start","duration_ms":0,"status":"ok","attributes":{"http.route":"/api/pty/scheduler/start","http.request.method":"POST","code.function":"createAppHandler","control_center.operation.duration_ms":0,"pty.scheduler.worker_count":2}}
# {"timestamp":"2026-04-22T14:42:40.735Z","level":"info","service":"my-module","event":"metric.histogram","name":"control_center_operation_duration_ms","value":0,"unit":"ms","attributes":{"operation":"pty.scheduler.start","route":"/api/pty/scheduler/start","method":"POST"}}
# {"timestamp":"2026-04-22T14:42:40.735Z","level":"info","service":"my-module","event":"control_center.operation","trace_id":"521f9306b0ff4c98a0431a80eeeab320","parent_span_id":"5ff8e744b6de4992","span_id":"201802230da84170","correlation_id":"3dd7b41a-05b0-4ef1-8616-bc1effc9ae6c","request_id":"3dd7b41a-05b0-4ef1-8616-bc1effc9ae6c","operation":"pty.scheduler.start","route":"/api/pty/scheduler/start","method":"POST","duration_ms":0,"message":"ok","pty.scheduler.worker_count":2}
# {"timestamp":"2026-04-22T14:42:40.736Z","level":"info","service":"my-module","event":"metric.counter","name":"pty_bridge_send_total","delta":1,"total":41,"attributes":{"route":"/api/pty/enter-now","method":"POST","action":"enter"}}
# {"timestamp":"2026-04-22T14:42:40.736Z","level":"info","service":"my-module","event":"metric.counter","name":"pty_bridge_send_total","delta":1,"total":42,"attributes":{"route":"/api/pty/enter-now","method":"POST","action":"enter"}}
# {"timestamp":"2026-04-22T14:42:41.752Z","level":"info","service":"my-module","event":"metric.counter","name":"pty_scheduler_stop_total","delta":1,"total":17,"attributes":{"route":"/api/pty/scheduler/stop","method":"POST"}}
# {"timestamp":"2026-04-22T14:42:41.752Z","level":"info","service":"my-module","event":"span.end","trace_id":"5c88213605134d5db30dc27c2cb9c4d6","span_id":"aebfe5a0f2b34793","parent_span_id":"3403ef982d904df1","name":"pty.scheduler.stop","duration_ms":0,"status":"ok","attributes":{"http.route":"/api/pty/scheduler/stop","http.request.method":"POST","code.function":"createAppHandler","control_center.operation.duration_ms":0,"pty.scheduler.worker_count":2}}
# {"timestamp":"2026-04-22T14:42:41.752Z","level":"info","service":"my-module","event":"metric.histogram","name":"control_center_operation_duration_ms","value":0,"unit":"ms","attributes":{"operation":"pty.scheduler.stop","route":"/api/pty/scheduler/stop","method":"POST"}}
# {"timestamp":"2026-04-22T14:42:41.752Z","level":"info","service":"my-module","event":"control_center.operation","trace_id":"5c88213605134d5db30dc27c2cb9c4d6","parent_span_id":"3403ef982d904df1","span_id":"aebfe5a0f2b34793","correlation_id":"bc11faa8-512f-42db-91d4-d30cbd344618","request_id":"bc11faa8-512f-42db-91d4-d30cbd344618","operation":"pty.scheduler.stop","route":"/api/pty/scheduler/stop","method":"POST","duration_ms":0,"message":"ok","pty.scheduler.worker_count":2}
# {"timestamp":"2026-04-22T14:42:41.753Z","level":"info","service":"my-module","event":"metric.counter","name":"pty_scheduler_start_total","delta":1,"total":18,"attributes":{"route":"/api/pty/scheduler/start","method":"POST"}}
# {"timestamp":"2026-04-22T14:42:41.753Z","level":"info","service":"my-module","event":"span.end","trace_id":"048075795f02466e98240e56e3828171","span_id":"ed6574e04af54f01","parent_span_id":"eeffc6a8248a4bf9","name":"pty.scheduler.start","duration_ms":0,"status":"ok","attributes":{"http.route":"/api/pty/scheduler/start","http.request.method":"POST","code.function":"createAppHandler","control_center.operation.duration_ms":0,"pty.scheduler.worker_count":2}}
# {"timestamp":"2026-04-22T14:42:41.753Z","level":"info","service":"my-module","event":"metric.histogram","name":"control_center_operation_duration_ms","value":0,"unit":"ms","attributes":{"operation":"pty.scheduler.start","route":"/api/pty/scheduler/start","method":"POST"}}
# {"timestamp":"2026-04-22T14:42:41.753Z","level":"info","service":"my-module","event":"control_center.operation","trace_id":"048075795f02466e98240e56e3828171","parent_span_id":"eeffc6a8248a4bf9","span_id":"ed6574e04af54f01","correlation_id":"4da48833-4860-44ba-8aed-b9a40d84cd1e","request_id":"4da48833-4860-44ba-8aed-b9a40d84cd1e","operation":"pty.scheduler.start","route":"/api/pty/scheduler/start","method":"POST","duration_ms":0,"message":"ok","pty.scheduler.worker_count":2}
# {"timestamp":"2026-04-22T14:42:41.753Z","level":"info","service":"my-module","event":"metric.counter","name":"pty_bridge_failures_total","delta":1,"total":6,"attributes":{"route":"/api/pty/enter-now","method":"POST","reason":"scheduler_enter_now_failed"}}
# {"timestamp":"2026-04-22T14:42:42.777Z","level":"info","service":"my-module","event":"metric.counter","name":"pty_scheduler_stop_total","delta":1,"total":18,"attributes":{"route":"/api/pty/scheduler/stop","method":"POST"}}
# {"timestamp":"2026-04-22T14:42:42.777Z","level":"info","service":"my-module","event":"span.end","trace_id":"63fccc3c71f448cb8b72d5195e3dacca","span_id":"19e868df4aaf45bb","parent_span_id":"5b0731df7f91474d","name":"pty.scheduler.stop","duration_ms":0,"status":"ok","attributes":{"http.route":"/api/pty/scheduler/stop","http.request.method":"POST","code.function":"createAppHandler","control_center.operation.duration_ms":0,"pty.scheduler.worker_count":2}}
# {"timestamp":"2026-04-22T14:42:42.777Z","level":"info","service":"my-module","event":"metric.histogram","name":"control_center_operation_duration_ms","value":0,"unit":"ms","attributes":{"operation":"pty.scheduler.stop","route":"/api/pty/scheduler/stop","method":"POST"}}
# {"timestamp":"2026-04-22T14:42:42.777Z","level":"info","service":"my-module","event":"control_center.operation","trace_id":"63fccc3c71f448cb8b72d5195e3dacca","parent_span_id":"5b0731df7f91474d","span_id":"19e868df4aaf45bb","correlation_id":"9d1c5668-a5ca-48ae-b286-6ebeba96505c","request_id":"9d1c5668-a5ca-48ae-b286-6ebeba96505c","operation":"pty.scheduler.stop","route":"/api/pty/scheduler/stop","method":"POST","duration_ms":0,"message":"ok","pty.scheduler.worker_count":2}
# {"timestamp":"2026-04-22T14:42:42.778Z","level":"info","service":"my-module","event":"metric.counter","name":"pty_scheduler_start_total","delta":1,"total":19,"attributes":{"route":"/api/pty/scheduler/start","method":"POST"}}
# {"timestamp":"2026-04-22T14:42:42.778Z","level":"info","service":"my-module","event":"span.end","trace_id":"304e14181d594b5eb8a5e76fbfd28f59","span_id":"d8733b2d01204985","parent_span_id":"4fd2c6ed602844cb","name":"pty.scheduler.start","duration_ms":0,"status":"ok","attributes":{"http.route":"/api/pty/scheduler/start","http.request.method":"POST","code.function":"createAppHandler","control_center.operation.duration_ms":0,"pty.scheduler.worker_count":2}}
# {"timestamp":"2026-04-22T14:42:42.778Z","level":"info","service":"my-module","event":"metric.histogram","name":"control_center_operation_duration_ms","value":0,"unit":"ms","attributes":{"operation":"pty.scheduler.start","route":"/api/pty/scheduler/start","method":"POST"}}
# {"timestamp":"2026-04-22T14:42:42.778Z","level":"info","service":"my-module","event":"control_center.operation","trace_id":"304e14181d594b5eb8a5e76fbfd28f59","parent_span_id":"4fd2c6ed602844cb","span_id":"d8733b2d01204985","correlation_id":"8b546bed-68c8-47fd-8436-64b148917be3","request_id":"8b546bed-68c8-47fd-8436-64b148917be3","operation":"pty.scheduler.start","route":"/api/pty/scheduler/start","method":"POST","duration_ms":0,"message":"ok","pty.scheduler.worker_count":2}
# {"timestamp":"2026-04-22T14:42:42.779Z","level":"info","service":"my-module","event":"metric.counter","name":"pty_bridge_send_total","delta":1,"total":43,"attributes":{"route":"/api/pty/enter-now","method":"POST","action":"enter"}}
# {"timestamp":"2026-04-22T14:42:42.779Z","level":"info","service":"my-module","event":"metric.counter","name":"pty_bridge_failures_total","delta":1,"total":7,"attributes":{"route":"/api/pty/send-now","method":"POST","reason":"scheduler_send_now_failed"}}
# {"timestamp":"2026-04-22T14:42:43.776Z","level":"info","service":"my-module","event":"metric.counter","name":"pty_scheduler_stop_total","delta":1,"total":19,"attributes":{"route":"/api/pty/scheduler/stop","method":"POST"}}
# {"timestamp":"2026-04-22T14:42:43.776Z","level":"info","service":"my-module","event":"span.end","trace_id":"9785093a2b1b437fa158aa0b045eac66","span_id":"2145056804a64085","parent_span_id":"4bc73b85f25f4e98","name":"pty.scheduler.stop","duration_ms":0,"status":"ok","attributes":{"http.route":"/api/pty/scheduler/stop","http.request.method":"POST","code.function":"createAppHandler","control_center.operation.duration_ms":0,"pty.scheduler.worker_count":2}}
# {"timestamp":"2026-04-22T14:42:43.776Z","level":"info","service":"my-module","event":"metric.histogram","name":"control_center_operation_duration_ms","value":0,"unit":"ms","attributes":{"operation":"pty.scheduler.stop","route":"/api/pty/scheduler/stop","method":"POST"}}
# {"timestamp":"2026-04-22T14:42:43.776Z","level":"info","service":"my-module","event":"control_center.operation","trace_id":"9785093a2b1b437fa158aa0b045eac66","parent_span_id":"4bc73b85f25f4e98","span_id":"2145056804a64085","correlation_id":"ec6675f2-8eec-43be-94cd-ada1a0d55118","request_id":"ec6675f2-8eec-43be-94cd-ada1a0d55118","operation":"pty.scheduler.stop","route":"/api/pty/scheduler/stop","method":"POST","duration_ms":0,"message":"ok","pty.scheduler.worker_count":2}
# {"timestamp":"2026-04-22T14:42:43.776Z","level":"info","service":"my-module","event":"metric.counter","name":"pty_scheduler_start_total","delta":1,"total":20,"attributes":{"route":"/api/pty/scheduler/start","method":"POST"}}
# {"timestamp":"2026-04-22T14:42:43.777Z","level":"info","service":"my-module","event":"span.end","trace_id":"2ba3901618fc48d781d1afb81e677696","span_id":"9fb6d1f4778c4551","parent_span_id":"c5335c44fe934c62","name":"pty.scheduler.start","duration_ms":1,"status":"ok","attributes":{"http.route":"/api/pty/scheduler/start","http.request.method":"POST","code.function":"createAppHandler","control_center.operation.duration_ms":1,"pty.scheduler.worker_count":2}}
# {"timestamp":"2026-04-22T14:42:43.777Z","level":"info","service":"my-module","event":"metric.histogram","name":"control_center_operation_duration_ms","value":1,"unit":"ms","attributes":{"operation":"pty.scheduler.start","route":"/api/pty/scheduler/start","method":"POST"}}
# {"timestamp":"2026-04-22T14:42:43.777Z","level":"info","service":"my-module","event":"control_center.operation","trace_id":"2ba3901618fc48d781d1afb81e677696","parent_span_id":"c5335c44fe934c62","span_id":"9fb6d1f4778c4551","correlation_id":"d2cacb38-c138-4396-9e53-aa16d8cacb50","request_id":"d2cacb38-c138-4396-9e53-aa16d8cacb50","operation":"pty.scheduler.start","route":"/api/pty/scheduler/start","method":"POST","duration_ms":1,"message":"ok","pty.scheduler.worker_count":2}
# {"timestamp":"2026-04-22T14:42:43.777Z","level":"info","service":"my-module","event":"metric.counter","name":"pty_bridge_send_total","delta":1,"total":44,"attributes":{"route":"/api/pty/enter-now","method":"POST","action":"enter"}}
# {"timestamp":"2026-04-22T14:42:43.778Z","level":"info","service":"my-module","event":"metric.counter","name":"pty_bridge_send_total","delta":1,"total":45,"attributes":{"route":"/api/pty/enter-now","method":"POST","action":"enter"}}
# {"timestamp":"2026-04-22T14:42:44.724Z","level":"info","service":"my-module","event":"metric.counter","name":"pty_scheduler_stop_total","delta":1,"total":20,"attributes":{"route":"/api/pty/scheduler/stop","method":"POST"}}
# {"timestamp":"2026-04-22T14:42:44.724Z","level":"info","service":"my-module","event":"span.end","trace_id":"8597ca917d524c6da4056ff16c2c4e83","span_id":"602af08368cb424e","parent_span_id":"d4937d9e1ffe4138","name":"pty.scheduler.stop","duration_ms":0,"status":"ok","attributes":{"http.route":"/api/pty/scheduler/stop","http.request.method":"POST","code.function":"createAppHandler","control_center.operation.duration_ms":0,"pty.scheduler.worker_count":2}}
# {"timestamp":"2026-04-22T14:42:44.724Z","level":"info","service":"my-module","event":"metric.histogram","name":"control_center_operation_duration_ms","value":0,"unit":"ms","attributes":{"operation":"pty.scheduler.stop","route":"/api/pty/scheduler/stop","method":"POST"}}
# {"timestamp":"2026-04-22T14:42:44.724Z","level":"info","service":"my-module","event":"control_center.operation","trace_id":"8597ca917d524c6da4056ff16c2c4e83","parent_span_id":"d4937d9e1ffe4138","span_id":"602af08368cb424e","correlation_id":"18fd4210-0776-4852-83df-da36a798ea64","request_id":"18fd4210-0776-4852-83df-da36a798ea64","operation":"pty.scheduler.stop","route":"/api/pty/scheduler/stop","method":"POST","duration_ms":0,"message":"ok","pty.scheduler.worker_count":2}
# {"timestamp":"2026-04-22T14:42:44.725Z","level":"info","service":"my-module","event":"metric.counter","name":"pty_scheduler_start_total","delta":1,"total":21,"attributes":{"route":"/api/pty/scheduler/start","method":"POST"}}
# {"timestamp":"2026-04-22T14:42:44.725Z","level":"info","service":"my-module","event":"span.end","trace_id":"c596450230a547e3b8b7d79fccf15834","span_id":"2551aeb9d3dd4b20","parent_span_id":"8455696b17a74434","name":"pty.scheduler.start","duration_ms":1,"status":"ok","attributes":{"http.route":"/api/pty/scheduler/start","http.request.method":"POST","code.function":"createAppHandler","control_center.operation.duration_ms":1,"pty.scheduler.worker_count":2}}
# {"timestamp":"2026-04-22T14:42:44.725Z","level":"info","service":"my-module","event":"metric.histogram","name":"control_center_operation_duration_ms","value":1,"unit":"ms","attributes":{"operation":"pty.scheduler.start","route":"/api/pty/scheduler/start","method":"POST"}}
# {"timestamp":"2026-04-22T14:42:44.725Z","level":"info","service":"my-module","event":"control_center.operation","trace_id":"c596450230a547e3b8b7d79fccf15834","parent_span_id":"8455696b17a74434","span_id":"2551aeb9d3dd4b20","correlation_id":"2617833c-e155-4214-ae9d-ab8939a22b03","request_id":"2617833c-e155-4214-ae9d-ab8939a22b03","operation":"pty.scheduler.start","route":"/api/pty/scheduler/start","method":"POST","duration_ms":1,"message":"ok","pty.scheduler.worker_count":2}
# {"timestamp":"2026-04-22T14:42:44.725Z","level":"info","service":"my-module","event":"metric.counter","name":"pty_bridge_send_total","delta":1,"total":46,"attributes":{"route":"/api/pty/send-now","method":"POST","action":"prompt"}}
# {"timestamp":"2026-04-22T14:42:45.646Z","level":"info","service":"my-module","event":"metric.counter","name":"pty_scheduler_stop_total","delta":1,"total":21,"attributes":{"route":"/api/pty/scheduler/stop","method":"POST"}}
# {"timestamp":"2026-04-22T14:42:45.646Z","level":"info","service":"my-module","event":"span.end","trace_id":"09185d77c54b4fb09a9560a2c10801dc","span_id":"0c1dc341e2cd4b86","parent_span_id":"b70e81cf592d4b4b","name":"pty.scheduler.stop","duration_ms":0,"status":"ok","attributes":{"http.route":"/api/pty/scheduler/stop","http.request.method":"POST","code.function":"createAppHandler","control_center.operation.duration_ms":0,"pty.scheduler.worker_count":2}}
# {"timestamp":"2026-04-22T14:42:45.646Z","level":"info","service":"my-module","event":"metric.histogram","name":"control_center_operation_duration_ms","value":0,"unit":"ms","attributes":{"operation":"pty.scheduler.stop","route":"/api/pty/scheduler/stop","method":"POST"}}
# {"timestamp":"2026-04-22T14:42:45.646Z","level":"info","service":"my-module","event":"control_center.operation","trace_id":"09185d77c54b4fb09a9560a2c10801dc","parent_span_id":"b70e81cf592d4b4b","span_id":"0c1dc341e2cd4b86","correlation_id":"43ce3087-b333-49ef-a7c8-6ee7103eab5d","request_id":"43ce3087-b333-49ef-a7c8-6ee7103eab5d","operation":"pty.scheduler.stop","route":"/api/pty/scheduler/stop","method":"POST","duration_ms":0,"message":"ok","pty.scheduler.worker_count":2}
# {"timestamp":"2026-04-22T14:42:45.647Z","level":"info","service":"my-module","event":"metric.counter","name":"pty_scheduler_start_total","delta":1,"total":22,"attributes":{"route":"/api/pty/scheduler/start","method":"POST"}}
# {"timestamp":"2026-04-22T14:42:45.647Z","level":"info","service":"my-module","event":"span.end","trace_id":"0aa4fdd2e7b446d1af1d3bc151878fe8","span_id":"4c4a94f992f6466d","parent_span_id":"dd361cda17b04dc8","name":"pty.scheduler.start","duration_ms":0,"status":"ok","attributes":{"http.route":"/api/pty/scheduler/start","http.request.method":"POST","code.function":"createAppHandler","control_center.operation.duration_ms":0,"pty.scheduler.worker_count":2}}
# {"timestamp":"2026-04-22T14:42:45.647Z","level":"info","service":"my-module","event":"metric.histogram","name":"control_center_operation_duration_ms","value":0,"unit":"ms","attributes":{"operation":"pty.scheduler.start","route":"/api/pty/scheduler/start","method":"POST"}}
# {"timestamp":"2026-04-22T14:42:45.647Z","level":"info","service":"my-module","event":"control_center.operation","trace_id":"0aa4fdd2e7b446d1af1d3bc151878fe8","parent_span_id":"dd361cda17b04dc8","span_id":"4c4a94f992f6466d","correlation_id":"cce4ef95-3953-4757-a40a-436935e6fde3","request_id":"cce4ef95-3953-4757-a40a-436935e6fde3","operation":"pty.scheduler.start","route":"/api/pty/scheduler/start","method":"POST","duration_ms":0,"message":"ok","pty.scheduler.worker_count":2}
# {"timestamp":"2026-04-22T14:42:45.647Z","level":"info","service":"my-module","event":"metric.counter","name":"pty_bridge_send_total","delta":1,"total":47,"attributes":{"route":"/api/pty/send-now","method":"POST","action":"prompt"}}
# {"timestamp":"2026-04-22T14:42:45.648Z","level":"info","service":"my-module","event":"metric.counter","name":"pty_bridge_send_total","delta":1,"total":48,"attributes":{"route":"/api/pty/send-now","method":"POST","action":"prompt"}}
# {"timestamp":"2026-04-22T14:42:45.649Z","level":"info","service":"my-module","event":"metric.counter","name":"pty_bridge_send_total","delta":1,"total":49,"attributes":{"route":"/api/pty/enter-now","method":"POST","action":"enter"}}
# {"timestamp":"2026-04-22T14:42:45.650Z","level":"info","service":"my-module","event":"metric.counter","name":"pty_bridge_failures_total","delta":1,"total":8,"attributes":{"route":"/api/pty/send-now","method":"POST","reason":"scheduler_send_now_failed"}}
# {"timestamp":"2026-04-22T14:42:46.583Z","level":"info","service":"my-module","event":"metric.counter","name":"pty_scheduler_stop_total","delta":1,"total":22,"attributes":{"route":"/api/pty/scheduler/stop","method":"POST"}}
# {"timestamp":"2026-04-22T14:42:46.583Z","level":"info","service":"my-module","event":"span.end","trace_id":"ca12911ccc2842e887d6004fc55c2156","span_id":"06c7abb4a2a54146","parent_span_id":"84d791de3faf46f5","name":"pty.scheduler.stop","duration_ms":0,"status":"ok","attributes":{"http.route":"/api/pty/scheduler/stop","http.request.method":"POST","code.function":"createAppHandler","control_center.operation.duration_ms":0,"pty.scheduler.worker_count":2}}
# {"timestamp":"2026-04-22T14:42:46.583Z","level":"info","service":"my-module","event":"metric.histogram","name":"control_center_operation_duration_ms","value":0,"unit":"ms","attributes":{"operation":"pty.scheduler.stop","route":"/api/pty/scheduler/stop","method":"POST"}}
# {"timestamp":"2026-04-22T14:42:46.583Z","level":"info","service":"my-module","event":"control_center.operation","trace_id":"ca12911ccc2842e887d6004fc55c2156","parent_span_id":"84d791de3faf46f5","span_id":"06c7abb4a2a54146","correlation_id":"61f2013e-cd93-42d2-8e84-0308218f8d7f","request_id":"61f2013e-cd93-42d2-8e84-0308218f8d7f","operation":"pty.scheduler.stop","route":"/api/pty/scheduler/stop","method":"POST","duration_ms":0,"message":"ok","pty.scheduler.worker_count":2}
# {"timestamp":"2026-04-22T14:42:46.584Z","level":"info","service":"my-module","event":"metric.counter","name":"pty_scheduler_start_total","delta":1,"total":23,"attributes":{"route":"/api/pty/scheduler/start","method":"POST"}}
# {"timestamp":"2026-04-22T14:42:46.584Z","level":"info","service":"my-module","event":"span.end","trace_id":"81653aef9cff4619931b1399061a59de","span_id":"1c1f60eb19b04971","parent_span_id":"59d16b88a6674883","name":"pty.scheduler.start","duration_ms":0,"status":"ok","attributes":{"http.route":"/api/pty/scheduler/start","http.request.method":"POST","code.function":"createAppHandler","control_center.operation.duration_ms":0,"pty.scheduler.worker_count":2}}
# {"timestamp":"2026-04-22T14:42:46.584Z","level":"info","service":"my-module","event":"metric.histogram","name":"control_center_operation_duration_ms","value":0,"unit":"ms","attributes":{"operation":"pty.scheduler.start","route":"/api/pty/scheduler/start","method":"POST"}}
# {"timestamp":"2026-04-22T14:42:46.584Z","level":"info","service":"my-module","event":"control_center.operation","trace_id":"81653aef9cff4619931b1399061a59de","parent_span_id":"59d16b88a6674883","span_id":"1c1f60eb19b04971","correlation_id":"34cebe96-2082-4d69-b397-5b9fc2a98e80","request_id":"34cebe96-2082-4d69-b397-5b9fc2a98e80","operation":"pty.scheduler.start","route":"/api/pty/scheduler/start","method":"POST","duration_ms":0,"message":"ok","pty.scheduler.worker_count":2}
# {"timestamp":"2026-04-22T14:42:46.585Z","level":"info","service":"my-module","event":"metric.counter","name":"pty_bridge_failures_total","delta":1,"total":9,"attributes":{"route":"/api/pty/enter-now","method":"POST","reason":"scheduler_enter_now_failed"}}
# {"timestamp":"2026-04-22T14:42:46.586Z","level":"info","service":"my-module","event":"metric.counter","name":"pty_bridge_send_total","delta":1,"total":50,"attributes":{"route":"/api/pty/enter-now","method":"POST","action":"enter"}}
# {"timestamp":"2026-04-22T14:42:46.586Z","level":"info","service":"my-module","event":"metric.counter","name":"pty_bridge_send_total","delta":1,"total":51,"attributes":{"route":"/api/pty/enter-now","method":"POST","action":"enter"}}
# {"timestamp":"2026-04-22T14:42:46.587Z","level":"info","service":"my-module","event":"metric.counter","name":"pty_bridge_send_total","delta":1,"total":52,"attributes":{"route":"/api/pty/enter-now","method":"POST","action":"enter"}}
# {"timestamp":"2026-04-22T14:42:46.588Z","level":"info","service":"my-module","event":"metric.counter","name":"pty_bridge_failures_total","delta":1,"total":10,"attributes":{"route":"/api/pty/enter-now","method":"POST","reason":"scheduler_enter_now_failed"}}
# {"timestamp":"2026-04-22T14:42:47.593Z","level":"info","service":"my-module","event":"metric.counter","name":"pty_scheduler_stop_total","delta":1,"total":23,"attributes":{"route":"/api/pty/scheduler/stop","method":"POST"}}
# {"timestamp":"2026-04-22T14:42:47.593Z","level":"info","service":"my-module","event":"span.end","trace_id":"e58545daa3614d938db81aca41209970","span_id":"776701eaa8b24305","parent_span_id":"c61566518b634657","name":"pty.scheduler.stop","duration_ms":0,"status":"ok","attributes":{"http.route":"/api/pty/scheduler/stop","http.request.method":"POST","code.function":"createAppHandler","control_center.operation.duration_ms":0,"pty.scheduler.worker_count":2}}
# {"timestamp":"2026-04-22T14:42:47.593Z","level":"info","service":"my-module","event":"metric.histogram","name":"control_center_operation_duration_ms","value":0,"unit":"ms","attributes":{"operation":"pty.scheduler.stop","route":"/api/pty/scheduler/stop","method":"POST"}}
# {"timestamp":"2026-04-22T14:42:47.593Z","level":"info","service":"my-module","event":"control_center.operation","trace_id":"e58545daa3614d938db81aca41209970","parent_span_id":"c61566518b634657","span_id":"776701eaa8b24305","correlation_id":"2a5b4c00-f866-49b5-9d55-db00ca11b189","request_id":"2a5b4c00-f866-49b5-9d55-db00ca11b189","operation":"pty.scheduler.stop","route":"/api/pty/scheduler/stop","method":"POST","duration_ms":0,"message":"ok","pty.scheduler.worker_count":2}
# {"timestamp":"2026-04-22T14:42:47.594Z","level":"info","service":"my-module","event":"metric.counter","name":"pty_scheduler_start_total","delta":1,"total":24,"attributes":{"route":"/api/pty/scheduler/start","method":"POST"}}
# {"timestamp":"2026-04-22T14:42:47.594Z","level":"info","service":"my-module","event":"span.end","trace_id":"8f5470d9765b45e48cfaacba1f8e348b","span_id":"9e7c2b06500b4941","parent_span_id":"388b11d760494dad","name":"pty.scheduler.start","duration_ms":0,"status":"ok","attributes":{"http.route":"/api/pty/scheduler/start","http.request.method":"POST","code.function":"createAppHandler","control_center.operation.duration_ms":0,"pty.scheduler.worker_count":2}}
# {"timestamp":"2026-04-22T14:42:47.594Z","level":"info","service":"my-module","event":"metric.histogram","name":"control_center_operation_duration_ms","value":0,"unit":"ms","attributes":{"operation":"pty.scheduler.start","route":"/api/pty/scheduler/start","method":"POST"}}
# {"timestamp":"2026-04-22T14:42:47.594Z","level":"info","service":"my-module","event":"control_center.operation","trace_id":"8f5470d9765b45e48cfaacba1f8e348b","parent_span_id":"388b11d760494dad","span_id":"9e7c2b06500b4941","correlation_id":"0c12dca7-1a35-4c90-9753-e3e7d4c6dca8","request_id":"0c12dca7-1a35-4c90-9753-e3e7d4c6dca8","operation":"pty.scheduler.start","route":"/api/pty/scheduler/start","method":"POST","duration_ms":0,"message":"ok","pty.scheduler.worker_count":2}
# {"timestamp":"2026-04-22T14:42:47.595Z","level":"info","service":"my-module","event":"metric.counter","name":"pty_bridge_send_total","delta":1,"total":53,"attributes":{"route":"/api/pty/enter-now","method":"POST","action":"enter"}}
# {"timestamp":"2026-04-22T14:42:47.595Z","level":"info","service":"my-module","event":"metric.counter","name":"pty_bridge_send_total","delta":1,"total":54,"attributes":{"route":"/api/pty/enter-now","method":"POST","action":"enter"}}
# {"timestamp":"2026-04-22T14:42:47.596Z","level":"info","service":"my-module","event":"metric.counter","name":"pty_bridge_send_total","delta":1,"total":55,"attributes":{"route":"/api/pty/send-now","method":"POST","action":"prompt"}}
# {"timestamp":"2026-04-22T14:42:47.597Z","level":"info","service":"my-module","event":"metric.counter","name":"pty_bridge_send_total","delta":1,"total":56,"attributes":{"route":"/api/pty/enter-now","method":"POST","action":"enter"}}
# {"timestamp":"2026-04-22T14:42:47.597Z","level":"info","service":"my-module","event":"metric.counter","name":"pty_bridge_failures_total","delta":1,"total":11,"attributes":{"route":"/api/pty/send-now","method":"POST","reason":"scheduler_send_now_failed"}}
# {"timestamp":"2026-04-22T14:42:48.619Z","level":"info","service":"my-module","event":"metric.counter","name":"pty_scheduler_stop_total","delta":1,"total":24,"attributes":{"route":"/api/pty/scheduler/stop","method":"POST"}}
# {"timestamp":"2026-04-22T14:42:48.619Z","level":"info","service":"my-module","event":"span.end","trace_id":"b00d5fd36ed44701bc4ec999e6aa0356","span_id":"04252bed7855440a","parent_span_id":"bd641ac9a59742df","name":"pty.scheduler.stop","duration_ms":0,"status":"ok","attributes":{"http.route":"/api/pty/scheduler/stop","http.request.method":"POST","code.function":"createAppHandler","control_center.operation.duration_ms":0,"pty.scheduler.worker_count":2}}
# {"timestamp":"2026-04-22T14:42:48.619Z","level":"info","service":"my-module","event":"metric.histogram","name":"control_center_operation_duration_ms","value":0,"unit":"ms","attributes":{"operation":"pty.scheduler.stop","route":"/api/pty/scheduler/stop","method":"POST"}}
# {"timestamp":"2026-04-22T14:42:48.619Z","level":"info","service":"my-module","event":"control_center.operation","trace_id":"b00d5fd36ed44701bc4ec999e6aa0356","parent_span_id":"bd641ac9a59742df","span_id":"04252bed7855440a","correlation_id":"bf6ce033-589d-417d-8e00-80ef791dea1a","request_id":"bf6ce033-589d-417d-8e00-80ef791dea1a","operation":"pty.scheduler.stop","route":"/api/pty/scheduler/stop","method":"POST","duration_ms":0,"message":"ok","pty.scheduler.worker_count":2}
# {"timestamp":"2026-04-22T14:42:48.619Z","level":"warn","service":"my-module","event":"server.draining","reason":"test","drain_started_at":"2026-04-22T14:42:48.619Z"}
# Subtest: [property] scheduler failures never overwrite the last successful current activity
ok 131 - [property] scheduler failures never overwrite the last successful current activity
  ---
  duration_ms: 11832.072905
  type: 'test'
  ...
# (node:46302) ExperimentalWarning: SQLite is an experimental feature and might change at any time
# (Use `node --trace-warnings ...` to show where the warning was created)
# {"timestamp":"2026-04-22T14:42:20.387Z","level":"info","service":"my-module","event":"metric.counter","name":"pty_bridge_sessions_read_total","delta":1,"total":1,"attributes":{"route":"/api/pty/sessions","method":"GET"}}
# {"timestamp":"2026-04-22T14:42:20.387Z","level":"info","service":"my-module","event":"span.end","trace_id":"2152c0d80382450d8ca53b97cf00dfca","span_id":"b79fc159af524c2b","parent_span_id":"80aadc41851841c4","name":"pty.bridge.sessions","duration_ms":0,"status":"ok","attributes":{"http.route":"/api/pty/sessions","http.request.method":"GET","code.function":"createAppHandler","control_center.operation.duration_ms":0,"pty.session.count":1}}
# {"timestamp":"2026-04-22T14:42:20.387Z","level":"info","service":"my-module","event":"metric.histogram","name":"control_center_operation_duration_ms","value":0,"unit":"ms","attributes":{"operation":"pty.bridge.sessions","route":"/api/pty/sessions","method":"GET"}}
# {"timestamp":"2026-04-22T14:42:20.387Z","level":"info","service":"my-module","event":"control_center.operation","trace_id":"2152c0d80382450d8ca53b97cf00dfca","parent_span_id":"80aadc41851841c4","span_id":"b79fc159af524c2b","correlation_id":"2ace7f11-3dba-4e93-a447-83603481bd22","request_id":"2ace7f11-3dba-4e93-a447-83603481bd22","operation":"pty.bridge.sessions","route":"/api/pty/sessions","method":"GET","duration_ms":0,"message":"ok","pty.session.count":1}
# {"timestamp":"2026-04-22T14:42:20.399Z","level":"info","service":"my-module","event":"metric.counter","name":"pty_scheduler_start_total","delta":1,"total":1,"attributes":{"route":"/api/pty/scheduler/start","method":"POST"}}
# {"timestamp":"2026-04-22T14:42:20.399Z","level":"info","service":"my-module","event":"span.end","trace_id":"f24adc6040e64bfcb079dc8d7ac668f2","span_id":"6772d3f91dcf4f07","parent_span_id":"f87f744315614d1c","name":"pty.scheduler.start","duration_ms":0,"status":"ok","attributes":{"http.route":"/api/pty/scheduler/start","http.request.method":"POST","code.function":"createAppHandler","control_center.operation.duration_ms":0,"pty.scheduler.worker_count":2}}
# {"timestamp":"2026-04-22T14:42:20.399Z","level":"info","service":"my-module","event":"metric.histogram","name":"control_center_operation_duration_ms","value":0,"unit":"ms","attributes":{"operation":"pty.scheduler.start","route":"/api/pty/scheduler/start","method":"POST"}}
# {"timestamp":"2026-04-22T14:42:20.399Z","level":"info","service":"my-module","event":"control_center.operation","trace_id":"f24adc6040e64bfcb079dc8d7ac668f2","parent_span_id":"f87f744315614d1c","span_id":"6772d3f91dcf4f07","correlation_id":"361b39f7-8211-477e-a79c-ade7998eea03","request_id":"361b39f7-8211-477e-a79c-ade7998eea03","operation":"pty.scheduler.start","route":"/api/pty/scheduler/start","method":"POST","duration_ms":0,"message":"ok","pty.scheduler.worker_count":2}
# {"timestamp":"2026-04-22T14:42:20.402Z","level":"info","service":"my-module","event":"metric.counter","name":"pty_bridge_send_total","delta":1,"total":1,"attributes":{"route":"/api/pty/send-now","method":"POST","action":"prompt"}}
# {"timestamp":"2026-04-22T14:42:22.152Z","level":"warn","service":"my-module","event":"server.draining","reason":"test","drain_started_at":"2026-04-22T14:42:22.152Z"}
# Subtest: [scheduler current activity smoke] successful send-now selects dispatched worker as current activity
ok 132 - [scheduler current activity smoke] successful send-now selects dispatched worker as current activity
  ---
  duration_ms: 1796.15017
  type: 'test'
  ...
# {"timestamp":"2026-04-22T14:42:22.159Z","level":"info","service":"my-module","event":"metric.counter","name":"pty_bridge_sessions_read_total","delta":1,"total":2,"attributes":{"route":"/api/pty/sessions","method":"GET"}}
# {"timestamp":"2026-04-22T14:42:22.159Z","level":"info","service":"my-module","event":"span.end","trace_id":"fd6305eb41fc4edbbe887ca6ce2c13f2","span_id":"5f1d257ebdf543f1","parent_span_id":"fd00f967deb043c8","name":"pty.bridge.sessions","duration_ms":0,"status":"ok","attributes":{"http.route":"/api/pty/sessions","http.request.method":"GET","code.function":"createAppHandler","control_center.operation.duration_ms":0,"pty.session.count":1}}
# {"timestamp":"2026-04-22T14:42:22.159Z","level":"info","service":"my-module","event":"metric.histogram","name":"control_center_operation_duration_ms","value":0,"unit":"ms","attributes":{"operation":"pty.bridge.sessions","route":"/api/pty/sessions","method":"GET"}}
# {"timestamp":"2026-04-22T14:42:22.159Z","level":"info","service":"my-module","event":"control_center.operation","trace_id":"fd6305eb41fc4edbbe887ca6ce2c13f2","parent_span_id":"fd00f967deb043c8","span_id":"5f1d257ebdf543f1","correlation_id":"0e225474-6d12-438b-b74f-021d5d37624c","request_id":"0e225474-6d12-438b-b74f-021d5d37624c","operation":"pty.bridge.sessions","route":"/api/pty/sessions","method":"GET","duration_ms":0,"message":"ok","pty.session.count":1}
# {"timestamp":"2026-04-22T14:42:22.163Z","level":"info","service":"my-module","event":"metric.counter","name":"pty_scheduler_start_total","delta":1,"total":2,"attributes":{"route":"/api/pty/scheduler/start","method":"POST"}}
# {"timestamp":"2026-04-22T14:42:22.163Z","level":"info","service":"my-module","event":"span.end","trace_id":"6536a63d6f944fa9ab59410064977059","span_id":"4868d9d8a02a464f","parent_span_id":"d7bba5de66f34f97","name":"pty.scheduler.start","duration_ms":0,"status":"ok","attributes":{"http.route":"/api/pty/scheduler/start","http.request.method":"POST","code.function":"createAppHandler","control_center.operation.duration_ms":0,"pty.scheduler.worker_count":2}}
# {"timestamp":"2026-04-22T14:42:22.163Z","level":"info","service":"my-module","event":"metric.histogram","name":"control_center_operation_duration_ms","value":0,"unit":"ms","attributes":{"operation":"pty.scheduler.start","route":"/api/pty/scheduler/start","method":"POST"}}
# {"timestamp":"2026-04-22T14:42:22.163Z","level":"info","service":"my-module","event":"control_center.operation","trace_id":"6536a63d6f944fa9ab59410064977059","parent_span_id":"d7bba5de66f34f97","span_id":"4868d9d8a02a464f","correlation_id":"e0a6b656-c828-49cc-9345-affc2b96d150","request_id":"e0a6b656-c828-49cc-9345-affc2b96d150","operation":"pty.scheduler.start","route":"/api/pty/scheduler/start","method":"POST","duration_ms":0,"message":"ok","pty.scheduler.worker_count":2}
# {"timestamp":"2026-04-22T14:42:22.165Z","level":"info","service":"my-module","event":"metric.counter","name":"pty_bridge_send_total","delta":1,"total":2,"attributes":{"route":"/api/pty/send-now","method":"POST","action":"prompt"}}
# {"timestamp":"2026-04-22T14:42:22.168Z","level":"info","service":"my-module","event":"metric.counter","name":"pty_bridge_failures_total","delta":1,"total":1,"attributes":{"route":"/api/pty/send-now","method":"POST","reason":"scheduler_send_now_failed"}}
# {"timestamp":"2026-04-22T14:42:23.914Z","level":"warn","service":"my-module","event":"server.draining","reason":"test","drain_started_at":"2026-04-22T14:42:23.914Z"}
# Subtest: [scheduler current activity smoke] failed send-now keeps last successful current activity while exposing failure details
ok 133 - [scheduler current activity smoke] failed send-now keeps last successful current activity while exposing failure details
  ---
  duration_ms: 1760.614971
  type: 'test'
  ...
# {"timestamp":"2026-04-22T14:42:23.918Z","level":"info","service":"my-module","event":"metric.counter","name":"pty_bridge_sessions_read_total","delta":1,"total":3,"attributes":{"route":"/api/pty/sessions","method":"GET"}}
# {"timestamp":"2026-04-22T14:42:23.918Z","level":"info","service":"my-module","event":"span.end","trace_id":"c76a9fc89af44d1bba83a8ff82b27ac5","span_id":"3e3f17874b2e471f","parent_span_id":"eea82c1465854ae4","name":"pty.bridge.sessions","duration_ms":0,"status":"ok","attributes":{"http.route":"/api/pty/sessions","http.request.method":"GET","code.function":"createAppHandler","control_center.operation.duration_ms":0,"pty.session.count":1}}
# {"timestamp":"2026-04-22T14:42:23.918Z","level":"info","service":"my-module","event":"metric.histogram","name":"control_center_operation_duration_ms","value":0,"unit":"ms","attributes":{"operation":"pty.bridge.sessions","route":"/api/pty/sessions","method":"GET"}}
# {"timestamp":"2026-04-22T14:42:23.918Z","level":"info","service":"my-module","event":"control_center.operation","trace_id":"c76a9fc89af44d1bba83a8ff82b27ac5","parent_span_id":"eea82c1465854ae4","span_id":"3e3f17874b2e471f","correlation_id":"30a909bd-09d6-4d57-8253-bd470f717c0f","request_id":"30a909bd-09d6-4d57-8253-bd470f717c0f","operation":"pty.bridge.sessions","route":"/api/pty/sessions","method":"GET","duration_ms":0,"message":"ok","pty.session.count":1}
# {"timestamp":"2026-04-22T14:42:23.921Z","level":"info","service":"my-module","event":"metric.counter","name":"pty_scheduler_start_total","delta":1,"total":3,"attributes":{"route":"/api/pty/scheduler/start","method":"POST"}}
# {"timestamp":"2026-04-22T14:42:23.921Z","level":"info","service":"my-module","event":"span.end","trace_id":"a4ed6841e10740f3a0d212381de6b865","span_id":"388989ca5c134fe4","parent_span_id":"442bbf2f6b9a4181","name":"pty.scheduler.start","duration_ms":0,"status":"ok","attributes":{"http.route":"/api/pty/scheduler/start","http.request.method":"POST","code.function":"createAppHandler","control_center.operation.duration_ms":0,"pty.scheduler.worker_count":2}}
# {"timestamp":"2026-04-22T14:42:23.921Z","level":"info","service":"my-module","event":"metric.histogram","name":"control_center_operation_duration_ms","value":0,"unit":"ms","attributes":{"operation":"pty.scheduler.start","route":"/api/pty/scheduler/start","method":"POST"}}
# {"timestamp":"2026-04-22T14:42:23.921Z","level":"info","service":"my-module","event":"control_center.operation","trace_id":"a4ed6841e10740f3a0d212381de6b865","parent_span_id":"442bbf2f6b9a4181","span_id":"388989ca5c134fe4","correlation_id":"4c1f7cc0-9ebc-45ed-bf55-ef50b26f4490","request_id":"4c1f7cc0-9ebc-45ed-bf55-ef50b26f4490","operation":"pty.scheduler.start","route":"/api/pty/scheduler/start","method":"POST","duration_ms":0,"message":"ok","pty.scheduler.worker_count":2}
# {"timestamp":"2026-04-22T14:42:23.923Z","level":"info","service":"my-module","event":"metric.counter","name":"pty_bridge_send_total","delta":1,"total":3,"attributes":{"route":"/api/pty/enter-now","method":"POST","action":"enter"}}
# {"timestamp":"2026-04-22T14:42:26.562Z","level":"warn","service":"my-module","event":"server.draining","reason":"test","drain_started_at":"2026-04-22T14:42:26.562Z"}
# Subtest: [scheduler current activity smoke] targeted enter-now moves current activity to the selected worker
ok 134 - [scheduler current activity smoke] targeted enter-now moves current activity to the selected worker
  ---
  duration_ms: 1510.814324
  type: 'test'
  ...
# (node:46316) ExperimentalWarning: SQLite is an experimental feature and might change at any time
# (Use `node --trace-warnings ...` to show where the warning was created)
# {"timestamp":"2026-04-22T14:42:20.395Z","level":"info","service":"my-module","event":"metric.counter","name":"pty_bridge_sessions_read_total","delta":1,"total":1,"attributes":{"route":"/api/pty/sessions","method":"GET"}}
# {"timestamp":"2026-04-22T14:42:20.395Z","level":"info","service":"my-module","event":"span.end","trace_id":"56c64d98a27b4e37ba7f03b221301a07","span_id":"6eb74641ff6f4b06","parent_span_id":"d05ceb7a71c54c71","name":"pty.bridge.sessions","duration_ms":0,"status":"ok","attributes":{"http.route":"/api/pty/sessions","http.request.method":"GET","code.function":"createAppHandler","control_center.operation.duration_ms":0,"pty.session.count":1}}
# {"timestamp":"2026-04-22T14:42:20.395Z","level":"info","service":"my-module","event":"metric.histogram","name":"control_center_operation_duration_ms","value":0,"unit":"ms","attributes":{"operation":"pty.bridge.sessions","route":"/api/pty/sessions","method":"GET"}}
# {"timestamp":"2026-04-22T14:42:20.395Z","level":"info","service":"my-module","event":"control_center.operation","trace_id":"56c64d98a27b4e37ba7f03b221301a07","parent_span_id":"d05ceb7a71c54c71","span_id":"6eb74641ff6f4b06","correlation_id":"d519a786-4fdc-4ef4-8328-60b172d2cb99","request_id":"d519a786-4fdc-4ef4-8328-60b172d2cb99","operation":"pty.bridge.sessions","route":"/api/pty/sessions","method":"GET","duration_ms":0,"message":"ok","pty.session.count":1}
# {"timestamp":"2026-04-22T14:42:20.407Z","level":"info","service":"my-module","event":"metric.counter","name":"pty_scheduler_start_total","delta":1,"total":1,"attributes":{"route":"/api/pty/scheduler/start","method":"POST"}}
# {"timestamp":"2026-04-22T14:42:20.407Z","level":"info","service":"my-module","event":"span.end","trace_id":"ddb2e3acf1c74f638387b5c016e8e549","span_id":"6ee0a340f42c44d8","parent_span_id":"64f018b1b9184aa1","name":"pty.scheduler.start","duration_ms":0,"status":"ok","attributes":{"http.route":"/api/pty/scheduler/start","http.request.method":"POST","code.function":"createAppHandler","control_center.operation.duration_ms":0,"pty.scheduler.worker_count":2}}
# {"timestamp":"2026-04-22T14:42:20.407Z","level":"info","service":"my-module","event":"metric.histogram","name":"control_center_operation_duration_ms","value":0,"unit":"ms","attributes":{"operation":"pty.scheduler.start","route":"/api/pty/scheduler/start","method":"POST"}}
# {"timestamp":"2026-04-22T14:42:20.408Z","level":"info","service":"my-module","event":"control_center.operation","trace_id":"ddb2e3acf1c74f638387b5c016e8e549","parent_span_id":"64f018b1b9184aa1","span_id":"6ee0a340f42c44d8","correlation_id":"240c0799-1706-456b-832f-ab3ee4a31118","request_id":"240c0799-1706-456b-832f-ab3ee4a31118","operation":"pty.scheduler.start","route":"/api/pty/scheduler/start","method":"POST","duration_ms":0,"message":"ok","pty.scheduler.worker_count":2}
# {"timestamp":"2026-04-22T14:42:20.412Z","level":"info","service":"my-module","event":"metric.counter","name":"pty_bridge_send_total","delta":1,"total":1,"attributes":{"route":"/api/pty/send-now","method":"POST","action":"prompt"}}
# {"timestamp":"2026-04-22T14:42:22.145Z","level":"warn","service":"my-module","event":"server.draining","reason":"test","drain_started_at":"2026-04-22T14:42:22.145Z"}
# Subtest: [adversarial scheduler state smoke] invalid send-now index keeps last successful current activity
ok 135 - [adversarial scheduler state smoke] invalid send-now index keeps last successful current activity
  ---
  duration_ms: 1783.388807
  type: 'test'
  ...
# {"timestamp":"2026-04-22T14:42:22.152Z","level":"info","service":"my-module","event":"metric.counter","name":"pty_bridge_sessions_read_total","delta":1,"total":2,"attributes":{"route":"/api/pty/sessions","method":"GET"}}
# {"timestamp":"2026-04-22T14:42:22.152Z","level":"info","service":"my-module","event":"span.end","trace_id":"32fbb916ec6245e5a9a0751f960711a5","span_id":"3215c8aa7d1442ce","parent_span_id":"6c3f3b7e7189417c","name":"pty.bridge.sessions","duration_ms":0,"status":"ok","attributes":{"http.route":"/api/pty/sessions","http.request.method":"GET","code.function":"createAppHandler","control_center.operation.duration_ms":0,"pty.session.count":1}}
# {"timestamp":"2026-04-22T14:42:22.152Z","level":"info","service":"my-module","event":"metric.histogram","name":"control_center_operation_duration_ms","value":0,"unit":"ms","attributes":{"operation":"pty.bridge.sessions","route":"/api/pty/sessions","method":"GET"}}
# {"timestamp":"2026-04-22T14:42:22.152Z","level":"info","service":"my-module","event":"control_center.operation","trace_id":"32fbb916ec6245e5a9a0751f960711a5","parent_span_id":"6c3f3b7e7189417c","span_id":"3215c8aa7d1442ce","correlation_id":"7c866c96-0e56-4009-a5e0-ca31dd842854","request_id":"7c866c96-0e56-4009-a5e0-ca31dd842854","operation":"pty.bridge.sessions","route":"/api/pty/sessions","method":"GET","duration_ms":0,"message":"ok","pty.session.count":1}
# {"timestamp":"2026-04-22T14:42:22.156Z","level":"info","service":"my-module","event":"metric.counter","name":"pty_scheduler_start_total","delta":1,"total":2,"attributes":{"route":"/api/pty/scheduler/start","method":"POST"}}
# {"timestamp":"2026-04-22T14:42:22.156Z","level":"info","service":"my-module","event":"span.end","trace_id":"a80cdb401c994a0b87360328adff7b07","span_id":"9219692f5eaf43bf","parent_span_id":"37555e8f2d194815","name":"pty.scheduler.start","duration_ms":0,"status":"ok","attributes":{"http.route":"/api/pty/scheduler/start","http.request.method":"POST","code.function":"createAppHandler","control_center.operation.duration_ms":0,"pty.scheduler.worker_count":2}}
# {"timestamp":"2026-04-22T14:42:22.156Z","level":"info","service":"my-module","event":"metric.histogram","name":"control_center_operation_duration_ms","value":0,"unit":"ms","attributes":{"operation":"pty.scheduler.start","route":"/api/pty/scheduler/start","method":"POST"}}
# {"timestamp":"2026-04-22T14:42:22.156Z","level":"info","service":"my-module","event":"control_center.operation","trace_id":"a80cdb401c994a0b87360328adff7b07","parent_span_id":"37555e8f2d194815","span_id":"9219692f5eaf43bf","correlation_id":"b02b87bf-9f49-43fe-8ee0-fc1e1509f73d","request_id":"b02b87bf-9f49-43fe-8ee0-fc1e1509f73d","operation":"pty.scheduler.start","route":"/api/pty/scheduler/start","method":"POST","duration_ms":0,"message":"ok","pty.scheduler.worker_count":2}
# {"timestamp":"2026-04-22T14:42:22.158Z","level":"info","service":"my-module","event":"metric.counter","name":"pty_bridge_send_total","delta":1,"total":2,"attributes":{"route":"/api/pty/send-now","method":"POST","action":"prompt"}}
# {"timestamp":"2026-04-22T14:42:23.862Z","level":"warn","service":"my-module","event":"server.draining","reason":"test","drain_started_at":"2026-04-22T14:42:23.862Z"}
# Subtest: [adversarial scheduler state smoke] invalid enter-now index keeps last successful current activity
ok 136 - [adversarial scheduler state smoke] invalid enter-now index keeps last successful current activity
  ---
  duration_ms: 1715.957959
  type: 'test'
  ...
# {"timestamp":"2026-04-22T14:42:23.866Z","level":"info","service":"my-module","event":"metric.counter","name":"pty_bridge_sessions_read_total","delta":1,"total":3,"attributes":{"route":"/api/pty/sessions","method":"GET"}}
# {"timestamp":"2026-04-22T14:42:23.866Z","level":"info","service":"my-module","event":"span.end","trace_id":"e70b7188aa034b59aed230c9023d0858","span_id":"164eca82ef3f42e5","parent_span_id":"e460f02455a24462","name":"pty.bridge.sessions","duration_ms":0,"status":"ok","attributes":{"http.route":"/api/pty/sessions","http.request.method":"GET","code.function":"createAppHandler","control_center.operation.duration_ms":0,"pty.session.count":1}}
# {"timestamp":"2026-04-22T14:42:23.866Z","level":"info","service":"my-module","event":"metric.histogram","name":"control_center_operation_duration_ms","value":0,"unit":"ms","attributes":{"operation":"pty.bridge.sessions","route":"/api/pty/sessions","method":"GET"}}
# {"timestamp":"2026-04-22T14:42:23.866Z","level":"info","service":"my-module","event":"control_center.operation","trace_id":"e70b7188aa034b59aed230c9023d0858","parent_span_id":"e460f02455a24462","span_id":"164eca82ef3f42e5","correlation_id":"c4be3662-4e0c-401f-aa38-a9191c95988d","request_id":"c4be3662-4e0c-401f-aa38-a9191c95988d","operation":"pty.bridge.sessions","route":"/api/pty/sessions","method":"GET","duration_ms":0,"message":"ok","pty.session.count":1}
# {"timestamp":"2026-04-22T14:42:23.870Z","level":"info","service":"my-module","event":"metric.counter","name":"pty_scheduler_start_total","delta":1,"total":3,"attributes":{"route":"/api/pty/scheduler/start","method":"POST"}}
# {"timestamp":"2026-04-22T14:42:23.870Z","level":"info","service":"my-module","event":"span.end","trace_id":"e64fd3c6202c4b83989562df0a1b14e5","span_id":"2663081f6f734d4e","parent_span_id":"021ed4e91bf54a8c","name":"pty.scheduler.start","duration_ms":1,"status":"ok","attributes":{"http.route":"/api/pty/scheduler/start","http.request.method":"POST","code.function":"createAppHandler","control_center.operation.duration_ms":1,"pty.scheduler.worker_count":2}}
# {"timestamp":"2026-04-22T14:42:23.870Z","level":"info","service":"my-module","event":"metric.histogram","name":"control_center_operation_duration_ms","value":1,"unit":"ms","attributes":{"operation":"pty.scheduler.start","route":"/api/pty/scheduler/start","method":"POST"}}
# {"timestamp":"2026-04-22T14:42:23.870Z","level":"info","service":"my-module","event":"control_center.operation","trace_id":"e64fd3c6202c4b83989562df0a1b14e5","parent_span_id":"021ed4e91bf54a8c","span_id":"2663081f6f734d4e","correlation_id":"8ad8af8a-6bbe-41c4-a41a-831ba2fe3e52","request_id":"8ad8af8a-6bbe-41c4-a41a-831ba2fe3e52","operation":"pty.scheduler.start","route":"/api/pty/scheduler/start","method":"POST","duration_ms":1,"message":"ok","pty.scheduler.worker_count":2}
# {"timestamp":"2026-04-22T14:42:23.871Z","level":"info","service":"my-module","event":"metric.counter","name":"pty_bridge_send_total","delta":1,"total":3,"attributes":{"route":"/api/pty/send-now","method":"POST","action":"prompt"}}
# {"timestamp":"2026-04-22T14:42:26.558Z","level":"warn","service":"my-module","event":"server.draining","reason":"test","drain_started_at":"2026-04-22T14:42:26.558Z"}
# Subtest: [adversarial scheduler state smoke] invalid send-now idempotency replay preserves failure surface and current activity
ok 137 - [adversarial scheduler state smoke] invalid send-now idempotency replay preserves failure surface and current activity
  ---
  duration_ms: 1558.149488
  type: 'test'
  ...
# (node:46333) ExperimentalWarning: SQLite is an experimental feature and might change at any time
# (Use `node --trace-warnings ...` to show where the warning was created)
# {"timestamp":"2026-04-22T14:42:20.434Z","level":"info","service":"my-module","event":"metric.counter","name":"http_requests_total","delta":1,"total":1,"attributes":{"route":"/livez","method":"GET"}}
# {"timestamp":"2026-04-22T14:42:20.434Z","level":"info","service":"my-module","event":"span.end","trace_id":"4bf92f3577b34da6a3ce929d0e0e4736","span_id":"c742437efd134ceb","parent_span_id":"00f067aa0ba902b7","name":"http.GET /livez","duration_ms":0,"status":"ok","attributes":{"http.method":"GET","http.route":"/livez"}}
# {"timestamp":"2026-04-22T14:42:20.438Z","level":"info","service":"my-module","event":"metric.counter","name":"http_requests_total","delta":1,"total":2,"attributes":{"route":"/startupz","method":"GET"}}
# {"timestamp":"2026-04-22T14:42:20.439Z","level":"info","service":"my-module","event":"span.end","trace_id":"c3896c728dd14843a816f98c4cbd1172","span_id":"b8b2cbeb91494426","parent_span_id":null,"name":"http.GET /startupz","duration_ms":1,"status":"ok","attributes":{"http.method":"GET","http.route":"/startupz"}}
# {"timestamp":"2026-04-22T14:42:20.440Z","level":"info","service":"my-module","event":"metric.counter","name":"http_requests_total","delta":1,"total":3,"attributes":{"route":"/readyz","method":"GET","status":200}}
# {"timestamp":"2026-04-22T14:42:20.440Z","level":"info","service":"my-module","event":"span.end","trace_id":"5cf112a74d1f4b8688cc664a5ffc6d45","span_id":"7ffb2f3159f64786","parent_span_id":null,"name":"http.GET /readyz","duration_ms":0,"status":"ok","attributes":{"http.method":"GET","http.route":"/readyz","http.status_code":200}}
# {"timestamp":"2026-04-22T14:42:20.441Z","level":"info","service":"my-module","event":"metric.counter","name":"http_requests_total","delta":1,"total":4,"attributes":{"route":"/health","method":"GET"}}
# {"timestamp":"2026-04-22T14:42:20.442Z","level":"info","service":"my-module","event":"span.end","trace_id":"7fcdae0a61d14c738344071db65d589e","span_id":"c2d826c9e28e496e","parent_span_id":null,"name":"http.GET /health","duration_ms":1,"status":"ok","attributes":{"http.method":"GET","http.route":"/health"}}
# {"timestamp":"2026-04-22T14:42:20.449Z","level":"warn","service":"my-module","event":"server.draining","reason":"smoke-test","drain_started_at":"2026-04-22T14:42:20.449Z"}
# Subtest: [server wiring smoke] probe endpoints and task flow succeed over HTTP transport
ok 138 - [server wiring smoke] probe endpoints and task flow succeed over HTTP transport
  ---
  duration_ms: 31.380219
  type: 'test'
  ...
# {"timestamp":"2026-04-22T14:42:20.454Z","level":"info","service":"my-module","event":"metric.counter","name":"http_requests_total","delta":1,"total":5,"attributes":{"route":"/readyz","method":"GET","status":503}}
# {"timestamp":"2026-04-22T14:42:20.454Z","level":"info","service":"my-module","event":"span.end","trace_id":"1fe4d35f3d4148759bc3da6a71c96e4a","span_id":"f5badc7243f74491","parent_span_id":null,"name":"http.GET /readyz","duration_ms":1,"status":"error","attributes":{"http.method":"GET","http.route":"/readyz","http.status_code":503}}
# {"timestamp":"2026-04-22T14:42:20.456Z","level":"info","service":"my-module","event":"metric.counter","name":"http_errors_total","delta":1,"total":1,"attributes":{"route":"/tasks","method":"GET","status":503}}
# {"timestamp":"2026-04-22T14:42:20.456Z","level":"info","service":"my-module","event":"metric.histogram","name":"http_duration_ms","value":0,"unit":"ms","attributes":{"route":"/tasks","error":true}}
# {"timestamp":"2026-04-22T14:42:20.456Z","level":"info","service":"my-module","event":"span.end","trace_id":"a04df668324a42428545b986e75f9eb4","span_id":"e15e3f76dc344122","parent_span_id":null,"name":"http.GET /tasks","duration_ms":0,"status":"error","attributes":{"http.method":"GET","http.route":"/tasks","http.status_code":503,"exception.type":"Error","exception.message":"Server is draining and not accepting new requests"}}
# {"timestamp":"2026-04-22T14:42:20.456Z","level":"error","service":"my-module","event":"http.error","trace_id":"a04df668324a42428545b986e75f9eb4","correlation_id":"02bbec8f-588e-4b00-87c2-828d5af0c8a9","route":"/tasks","status":503,"message":"Server is draining and not accepting new requests"}
# Subtest: [server wiring smoke] drain mode flips readiness and rejects business traffic
ok 139 - [server wiring smoke] drain mode flips readiness and rejects business traffic
  ---
  duration_ms: 9.784087
  type: 'test'
  ...
# {"timestamp":"2026-04-22T14:42:20.460Z","level":"info","service":"my-module","event":"metric.counter","name":"http_errors_total","delta":1,"total":2,"attributes":{"route":"/tasks","method":"POST","status":413}}
# {"timestamp":"2026-04-22T14:42:20.460Z","level":"info","service":"my-module","event":"metric.histogram","name":"http_duration_ms","value":0,"unit":"ms","attributes":{"route":"/tasks","error":true}}
# {"timestamp":"2026-04-22T14:42:20.460Z","level":"info","service":"my-module","event":"span.end","trace_id":"03ec030f78a44132b26b637b30161bf3","span_id":"222c5dffeeef4182","parent_span_id":null,"name":"http.POST /tasks","duration_ms":0,"status":"error","attributes":{"http.method":"POST","http.route":"/tasks","http.status_code":413,"exception.type":"Error","exception.message":"Request body exceeds 24 bytes"}}
# {"timestamp":"2026-04-22T14:42:20.460Z","level":"error","service":"my-module","event":"http.error","trace_id":"03ec030f78a44132b26b637b30161bf3","correlation_id":"80d226b3-fed2-4b90-8bf2-2afb08360e43","route":"/tasks","status":413,"message":"Request body exceeds 24 bytes"}
# Subtest: [server wiring smoke] body limit returns 413 over HTTP transport
ok 140 - [server wiring smoke] body limit returns 413 over HTTP transport
  ---
  duration_ms: 3.191279
  type: 'test'
  ...
# {"timestamp":"2026-04-22T14:42:20.484Z","level":"info","service":"my-module","event":"metric.counter","name":"http_errors_total","delta":1,"total":3,"attributes":{"route":"/tasks","method":"POST","status":408}}
# {"timestamp":"2026-04-22T14:42:20.485Z","level":"info","service":"my-module","event":"metric.histogram","name":"http_duration_ms","value":21,"unit":"ms","attributes":{"route":"/tasks","error":true}}
# {"timestamp":"2026-04-22T14:42:20.485Z","level":"info","service":"my-module","event":"span.end","trace_id":"8f1efdc444524c8688d4e3693b43be27","span_id":"69de6c43d582470e","parent_span_id":null,"name":"http.POST /tasks","duration_ms":21,"status":"error","attributes":{"http.method":"POST","http.route":"/tasks","http.status_code":408,"exception.type":"Error","exception.message":"Request body was not fully received within 20ms"}}
# {"timestamp":"2026-04-22T14:42:20.485Z","level":"error","service":"my-module","event":"http.error","trace_id":"8f1efdc444524c8688d4e3693b43be27","correlation_id":"d14fe050-422d-41af-8c70-e37ff9e2be0f","route":"/tasks","status":408,"message":"Request body was not fully received within 20ms"}
# Subtest: [server wiring smoke] slow request body returns 408 over HTTP transport
ok 141 - [server wiring smoke] slow request body returns 408 over HTTP transport
  ---
  duration_ms: 25.548908
  type: 'test'
  ...
# {"timestamp":"2026-04-22T14:42:20.490Z","level":"info","service":"my-module","event":"metric.counter","name":"http_errors_total","delta":1,"total":4,"attributes":{"route":"/tasks/task-1776868940488-2","method":"GET","status":429}}
# {"timestamp":"2026-04-22T14:42:20.490Z","level":"info","service":"my-module","event":"metric.histogram","name":"http_duration_ms","value":0,"unit":"ms","attributes":{"route":"/tasks/task-1776868940488-2","error":true}}
# {"timestamp":"2026-04-22T14:42:20.490Z","level":"info","service":"my-module","event":"span.end","trace_id":"f4a9e8c45e7d43789e4512870cfc34ac","span_id":"ccc5b2c5a25241fe","parent_span_id":null,"name":"http.GET /tasks/task-1776868940488-2","duration_ms":0,"status":"error","attributes":{"http.method":"GET","http.route":"/tasks/task-1776868940488-2","http.status_code":429,"exception.type":"Error","exception.message":"Rate limit exceeded for this caller"}}
# {"timestamp":"2026-04-22T14:42:20.490Z","level":"error","service":"my-module","event":"http.error","trace_id":"f4a9e8c45e7d43789e4512870cfc34ac","correlation_id":"a6ce5456-bf7c-486b-952a-d248c507698a","route":"/tasks/task-1776868940488-2","status":429,"message":"Rate limit exceeded for this caller"}
# Subtest: [server wiring smoke] rate limit returns 429 with retry headers
ok 142 - [server wiring smoke] rate limit returns 429 with retry headers
  ---
  duration_ms: 4.393144
  type: 'test'
  ...
# {"timestamp":"2026-04-22T14:42:20.494Z","level":"info","service":"my-module","event":"metric.counter","name":"http_errors_total","delta":1,"total":5,"attributes":{"route":"/tasks","method":"POST","status":422}}
# {"timestamp":"2026-04-22T14:42:20.495Z","level":"info","service":"my-module","event":"metric.histogram","name":"http_duration_ms","value":1,"unit":"ms","attributes":{"route":"/tasks","error":true}}
# {"timestamp":"2026-04-22T14:42:20.495Z","level":"info","service":"my-module","event":"span.end","trace_id":"1dcf4459b89a45ba97d7ec6136bda1e0","span_id":"588729c3d5804c51","parent_span_id":null,"name":"http.POST /tasks","duration_ms":1,"status":"error","attributes":{"http.method":"POST","http.route":"/tasks","http.status_code":422,"exception.type":"Error","exception.message":"Idempotency-Key reuse detected with a different request payload"}}
# {"timestamp":"2026-04-22T14:42:20.495Z","level":"error","service":"my-module","event":"http.error","trace_id":"1dcf4459b89a45ba97d7ec6136bda1e0","correlation_id":"570248df-ec03-48e0-aa90-3ed37acd8cc1","route":"/tasks","status":422,"message":"Idempotency-Key reuse detected with a different request payload"}
# Subtest: [server wiring smoke] POST idempotency replays identical task create and rejects mismatched reuse
ok 143 - [server wiring smoke] POST idempotency replays identical task create and rejects mismatched reuse
  ---
  duration_ms: 4.874171
  type: 'test'
  ...
# Subtest: [server wiring smoke] billing permission denial survives HTTP transport
ok 144 - [server wiring smoke] billing permission denial survives HTTP transport
  ---
  duration_ms: 2.85585
  type: 'test'
  ...
# Subtest: [server wiring smoke] video flow succeeds over HTTP transport and preserves zero-valued fields
ok 145 - [server wiring smoke] video flow succeeds over HTTP transport and preserves zero-valued fields
  ---
  duration_ms: 3.933097
  type: 'test'
  ...
# Subtest: [server wiring smoke] disabled task-management flag returns 404 over HTTP transport
ok 146 - [server wiring smoke] disabled task-management flag returns 404 over HTTP transport
  ---
  duration_ms: 3.148279
  type: 'test'
  ...
# Subtest: [server wiring smoke] disabled video transcode flag returns 404 over HTTP transport
ok 147 - [server wiring smoke] disabled video transcode flag returns 404 over HTTP transport
  ---
  duration_ms: 3.404314
  type: 'test'
  ...
# {"timestamp":"2026-04-22T14:42:20.512Z","level":"info","service":"my-module","event":"metric.counter","name":"http_requests_total","delta":1,"total":6,"attributes":{"route":"/unknown-route","method":"GET","status":404}}
# {"timestamp":"2026-04-22T14:42:20.512Z","level":"info","service":"my-module","event":"metric.histogram","name":"http_duration_ms","value":1,"unit":"ms","attributes":{"route":"/unknown-route"}}
# {"timestamp":"2026-04-22T14:42:20.512Z","level":"info","service":"my-module","event":"span.end","trace_id":"e9e2425b535f407791d2a0a8cb2dbd68","span_id":"fa22c34af01e4f8f","parent_span_id":null,"name":"http.GET /unknown-route","duration_ms":1,"status":"error","attributes":{"http.method":"GET","http.route":"/unknown-route","http.status_code":404}}
# Subtest: [server wiring smoke] unknown route returns RFC 9457 content type over HTTP transport
ok 148 - [server wiring smoke] unknown route returns RFC 9457 content type over HTTP transport
  ---
  duration_ms: 3.212032
  type: 'test'
  ...
# Subtest: [session bootstrap smoke] bootstrap summary narrows session reads, commands, and prompt seed
ok 149 - [session bootstrap smoke] bootstrap summary narrows session reads, commands, and prompt seed
  ---
  duration_ms: 648.863392
  type: 'test'
  ...
# (node:46402) ExperimentalWarning: SQLite is an experimental feature and might change at any time
# (Use `node --trace-warnings ...` to show where the warning was created)
# {"timestamp":"2026-04-22T14:42:20.986Z","level":"info","service":"my-module","event":"span.end","trace_id":"0452ccac1c7a4903b01714314dcdfec7","span_id":"92ea13189d0f4d98","parent_span_id":"60be957da9b44ff0","name":"planning_studio.stage_run","duration_ms":384,"status":"ok","attributes":{"http.route":"/api/planning-studio/stage-run","http.request.method":"POST","code.function":"createAppHandler","control_center.operation.duration_ms":384,"stage_run.stage":"D","stage_run.module":"task-management","stage_run.mode":"dry-run","stage_run.status":"ready","stage_run.report_saved":true,"stage_run.release_evidence.generated":false}}
# {"timestamp":"2026-04-22T14:42:20.986Z","level":"info","service":"my-module","event":"metric.histogram","name":"control_center_operation_duration_ms","value":384,"unit":"ms","attributes":{"operation":"planning_studio.stage_run","route":"/api/planning-studio/stage-run","method":"POST"}}
# {"timestamp":"2026-04-22T14:42:20.986Z","level":"info","service":"my-module","event":"control_center.operation","trace_id":"0452ccac1c7a4903b01714314dcdfec7","parent_span_id":"60be957da9b44ff0","span_id":"92ea13189d0f4d98","correlation_id":"17cde06c-49d1-462b-883e-1123cedfef39","request_id":"17cde06c-49d1-462b-883e-1123cedfef39","operation":"planning_studio.stage_run","route":"/api/planning-studio/stage-run","method":"POST","duration_ms":384,"message":"ok","stage_run.stage":"D","stage_run.module":"task-management","stage_run.mode":"dry-run","stage_run.status":"ready","stage_run.report_saved":true,"stage_run.release_evidence.generated":false}
# {"timestamp":"2026-04-22T14:42:20.986Z","level":"info","service":"my-module","event":"metric.counter","name":"stage_run_report_saved_total","delta":1,"total":1,"attributes":{"route":"/api/planning-studio/stage-run","method":"POST","stage":"D","module":"task-management","mode":"dry-run"}}
# {"timestamp":"2026-04-22T14:42:20.986Z","level":"info","service":"my-module","event":"stage_run.save_ok","correlation_id":"17cde06c-49d1-462b-883e-1123cedfef39","request_id":"17cde06c-49d1-462b-883e-1123cedfef39","stage":"D","module":"task-management"}
# {"timestamp":"2026-04-22T14:42:21.157Z","level":"warn","service":"my-module","event":"server.draining","reason":"manual","drain_started_at":"2026-04-22T14:42:21.157Z"}
# Subtest: [stage run smoke] POST /api/planning-studio/stage-run returns dry-run report and replays idempotently
not ok 150 - [stage run smoke] POST /api/planning-studio/stage-run returns dry-run report and replays idempotently
  ---
  duration_ms: 572.225449
  type: 'test'
  location: '/root/workspace/my-module/src/tests/smoke/stageRun.smoke.test.js:44:1'
  failureType: 'testCodeFailure'
  error: |-
    Expected values to be strictly equal:
    + actual - expected
    
    + 'not-requested'
    - 'dry-run-only'
    
  code: 'ERR_ASSERTION'
  name: 'AssertionError'
  expected: 'dry-run-only'
  actual: 'not-requested'
  operator: 'strictEqual'
  stack: |-
    TestContext.<anonymous> (/root/workspace/my-module/src/tests/smoke/stageRun.smoke.test.js:125:12)
    process.processTicksAndRejections (node:internal/process/task_queues:103:5)
    async Test.run (node:internal/test_runner/test:1054:7)
    async startSubtestAfterBootstrap (node:internal/test_runner/harness:296:3)
  ...
# Subtest: [stage run smoke] runStage execute mode returns PASS and FAIL reports from command outcomes
ok 151 - [stage run smoke] runStage execute mode returns PASS and FAIL reports from command outcomes
  ---
  duration_ms: 330.741659
  type: 'test'
  ...
# {"timestamp":"2026-04-22T14:42:21.494Z","level":"info","service":"my-module","event":"span.end","trace_id":"ba6e1f8299a544bcafb72369fe434e06","span_id":"caf4cd9572b34dd7","parent_span_id":"2ba1a02ee0df4b67","name":"planning_studio.stage_run","duration_ms":0,"status":"error","attributes":{"http.route":"/api/planning-studio/stage-run","http.request.method":"POST","code.function":"createAppHandler","exception.type":"Error","exception.message":"stage must be one of A, B, C, D, E","control_center.operation.duration_ms":0,"stage_run.reason":"invalid_stage","stage_run.stage":"Z"}}
# {"timestamp":"2026-04-22T14:42:21.494Z","level":"info","service":"my-module","event":"metric.histogram","name":"control_center_operation_duration_ms","value":0,"unit":"ms","attributes":{"operation":"planning_studio.stage_run","route":"/api/planning-studio/stage-run","method":"POST","error":true}}
# {"timestamp":"2026-04-22T14:42:21.494Z","level":"info","service":"my-module","event":"control_center.operation.failed","trace_id":"ba6e1f8299a544bcafb72369fe434e06","parent_span_id":"2ba1a02ee0df4b67","span_id":"caf4cd9572b34dd7","correlation_id":"61ad90af-5ff5-49bc-a353-90cd513f16a5","request_id":"61ad90af-5ff5-49bc-a353-90cd513f16a5","operation":"planning_studio.stage_run","route":"/api/planning-studio/stage-run","method":"POST","duration_ms":0,"error_message":"stage must be one of A, B, C, D, E","stage_run.reason":"invalid_stage","stage_run.stage":"Z"}
# {"timestamp":"2026-04-22T14:42:21.495Z","level":"warn","service":"my-module","event":"server.draining","reason":"manual","drain_started_at":"2026-04-22T14:42:21.495Z"}
# Subtest: [stage run smoke] POST /api/planning-studio/stage-run returns RFC 7807 400 on invalid stage name
ok 152 - [stage run smoke] POST /api/planning-studio/stage-run returns RFC 7807 400 on invalid stage name
  ---
  duration_ms: 5.522194
  type: 'test'
  ...
# {"timestamp":"2026-04-22T14:42:21.497Z","level":"info","service":"my-module","event":"span.end","trace_id":"114873411785437186bae2250abec85f","span_id":"1343f5d740b0422d","parent_span_id":"4833d2edbc2f42b3","name":"planning_studio.stage_run","duration_ms":0,"status":"error","attributes":{"http.route":"/api/planning-studio/stage-run","http.request.method":"POST","code.function":"createAppHandler","exception.type":"Error","exception.message":"module must match ^[a-z][a-z0-9-]{0,62}$","control_center.operation.duration_ms":0,"stage_run.reason":"invalid_module","stage_run.module":"INVALID MODULE!"}}
# {"timestamp":"2026-04-22T14:42:21.497Z","level":"info","service":"my-module","event":"metric.histogram","name":"control_center_operation_duration_ms","value":0,"unit":"ms","attributes":{"operation":"planning_studio.stage_run","route":"/api/planning-studio/stage-run","method":"POST","error":true}}
# {"timestamp":"2026-04-22T14:42:21.497Z","level":"info","service":"my-module","event":"control_center.operation.failed","trace_id":"114873411785437186bae2250abec85f","parent_span_id":"4833d2edbc2f42b3","span_id":"1343f5d740b0422d","correlation_id":"ef12c784-3f14-43c3-9542-bcaed5bf844d","request_id":"ef12c784-3f14-43c3-9542-bcaed5bf844d","operation":"planning_studio.stage_run","route":"/api/planning-studio/stage-run","method":"POST","duration_ms":0,"error_message":"module must match ^[a-z][a-z0-9-]{0,62}$","stage_run.reason":"invalid_module","stage_run.module":"INVALID MODULE!"}
# {"timestamp":"2026-04-22T14:42:21.497Z","level":"warn","service":"my-module","event":"server.draining","reason":"manual","drain_started_at":"2026-04-22T14:42:21.497Z"}
# Subtest: [stage run smoke] POST /api/planning-studio/stage-run returns RFC 7807 400 on invalid module pattern
ok 153 - [stage run smoke] POST /api/planning-studio/stage-run returns RFC 7807 400 on invalid module pattern
  ---
  duration_ms: 2.724382
  type: 'test'
  ...
# {"timestamp":"2026-04-22T14:42:21.499Z","level":"info","service":"my-module","event":"span.end","trace_id":"74d7b25ab4e14f5e9c985610d73e13cf","span_id":"13c78a85b7484900","parent_span_id":"b1449a2aa3234dd6","name":"planning_studio.stage_run","duration_ms":0,"status":"error","attributes":{"http.route":"/api/planning-studio/stage-run","http.request.method":"POST","code.function":"createAppHandler","exception.type":"Error","exception.message":"stage execute 모드는 system.admin 권한이 필요합니다.","control_center.operation.duration_ms":0,"stage_run.reason":"forbidden_execute","stage_run.stage":"D"}}
# {"timestamp":"2026-04-22T14:42:21.499Z","level":"info","service":"my-module","event":"metric.histogram","name":"control_center_operation_duration_ms","value":0,"unit":"ms","attributes":{"operation":"planning_studio.stage_run","route":"/api/planning-studio/stage-run","method":"POST","error":true}}
# {"timestamp":"2026-04-22T14:42:21.499Z","level":"info","service":"my-module","event":"control_center.operation.failed","trace_id":"74d7b25ab4e14f5e9c985610d73e13cf","parent_span_id":"b1449a2aa3234dd6","span_id":"13c78a85b7484900","correlation_id":"af332ac1-70ef-4128-a331-05c3859ffb83","request_id":"af332ac1-70ef-4128-a331-05c3859ffb83","operation":"planning_studio.stage_run","route":"/api/planning-studio/stage-run","method":"POST","duration_ms":0,"error_message":"stage execute 모드는 system.admin 권한이 필요합니다.","stage_run.reason":"forbidden_execute","stage_run.stage":"D"}
# {"timestamp":"2026-04-22T14:42:21.875Z","level":"info","service":"my-module","event":"span.end","trace_id":"fae46344c9a04284aea1d0324ebc9710","span_id":"bba44559c53047f4","parent_span_id":"83818fecc5f04b44","name":"planning_studio.stage_run","duration_ms":373,"status":"ok","attributes":{"http.route":"/api/planning-studio/stage-run","http.request.method":"POST","code.function":"createAppHandler","control_center.operation.duration_ms":373,"stage_run.stage":"D","stage_run.module":"all","stage_run.mode":"dry-run","stage_run.status":"ready","stage_run.report_saved":true,"stage_run.release_evidence.generated":false}}
# {"timestamp":"2026-04-22T14:42:21.875Z","level":"info","service":"my-module","event":"metric.histogram","name":"control_center_operation_duration_ms","value":373,"unit":"ms","attributes":{"operation":"planning_studio.stage_run","route":"/api/planning-studio/stage-run","method":"POST"}}
# {"timestamp":"2026-04-22T14:42:21.875Z","level":"info","service":"my-module","event":"control_center.operation","trace_id":"fae46344c9a04284aea1d0324ebc9710","parent_span_id":"83818fecc5f04b44","span_id":"bba44559c53047f4","correlation_id":"750f5580-e700-430e-ba11-7ac679f91dea","request_id":"750f5580-e700-430e-ba11-7ac679f91dea","operation":"planning_studio.stage_run","route":"/api/planning-studio/stage-run","method":"POST","duration_ms":373,"message":"ok","stage_run.stage":"D","stage_run.module":"all","stage_run.mode":"dry-run","stage_run.status":"ready","stage_run.report_saved":true,"stage_run.release_evidence.generated":false}
# {"timestamp":"2026-04-22T14:42:21.875Z","level":"info","service":"my-module","event":"metric.counter","name":"stage_run_report_saved_total","delta":1,"total":2,"attributes":{"route":"/api/planning-studio/stage-run","method":"POST","stage":"D","module":"all","mode":"dry-run"}}
# {"timestamp":"2026-04-22T14:42:21.875Z","level":"info","service":"my-module","event":"stage_run.save_ok","correlation_id":"750f5580-e700-430e-ba11-7ac679f91dea","request_id":"750f5580-e700-430e-ba11-7ac679f91dea","stage":"D","module":""}
# {"timestamp":"2026-04-22T14:42:21.875Z","level":"warn","service":"my-module","event":"server.draining","reason":"manual","drain_started_at":"2026-04-22T14:42:21.875Z"}
# Subtest: [stage run smoke] POST /api/planning-studio/stage-run execute mode returns RFC 7807 403 without system.admin
ok 154 - [stage run smoke] POST /api/planning-studio/stage-run execute mode returns RFC 7807 403 without system.admin
  ---
  duration_ms: 377.95695
  type: 'test'
  ...
# (node:46415) ExperimentalWarning: SQLite is an experimental feature and might change at any time
# (Use `node --trace-warnings ...` to show where the warning was created)
# {"timestamp":"2026-04-22T14:42:20.637Z","level":"info","service":"my-module","event":"metric.counter","name":"stage_run_release_evidence_generated_total","delta":1,"total":1,"attributes":{"route":"/api/planning-studio/stage-run","method":"POST","stage":"D","module":"task-management"}}
# {"timestamp":"2026-04-22T14:42:20.637Z","level":"info","service":"my-module","event":"stage_run.release_evidence_ok","correlation_id":"56ee70a4-a56f-46b5-8381-8b3b1804a383","request_id":"56ee70a4-a56f-46b5-8381-8b3b1804a383","stage":"D","module":"task-management"}
# {"timestamp":"2026-04-22T14:42:20.638Z","level":"info","service":"my-module","event":"span.end","trace_id":"bcd8a71b0f9c4ec9bdda8525399e2651","span_id":"deec9b8aaae94a8c","parent_span_id":"6253d71113f74f26","name":"planning_studio.stage_run","duration_ms":1,"status":"ok","attributes":{"http.route":"/api/planning-studio/stage-run","http.request.method":"POST","code.function":"createAppHandler","control_center.operation.duration_ms":1,"stage_run.stage":"D","stage_run.module":"task-management","stage_run.mode":"execute","stage_run.status":"pass","stage_run.report_saved":true,"stage_run.release_evidence.generated":true}}
# {"timestamp":"2026-04-22T14:42:20.638Z","level":"info","service":"my-module","event":"metric.histogram","name":"control_center_operation_duration_ms","value":1,"unit":"ms","attributes":{"operation":"planning_studio.stage_run","route":"/api/planning-studio/stage-run","method":"POST"}}
# {"timestamp":"2026-04-22T14:42:20.638Z","level":"info","service":"my-module","event":"control_center.operation","trace_id":"bcd8a71b0f9c4ec9bdda8525399e2651","parent_span_id":"6253d71113f74f26","span_id":"deec9b8aaae94a8c","correlation_id":"56ee70a4-a56f-46b5-8381-8b3b1804a383","request_id":"56ee70a4-a56f-46b5-8381-8b3b1804a383","operation":"planning_studio.stage_run","route":"/api/planning-studio/stage-run","method":"POST","duration_ms":1,"message":"ok","stage_run.stage":"D","stage_run.module":"task-management","stage_run.mode":"execute","stage_run.status":"pass","stage_run.report_saved":true,"stage_run.release_evidence.generated":true}
# {"timestamp":"2026-04-22T14:42:20.638Z","level":"info","service":"my-module","event":"metric.counter","name":"stage_run_report_saved_total","delta":1,"total":1,"attributes":{"route":"/api/planning-studio/stage-run","method":"POST","stage":"D","module":"task-management","mode":"execute"}}
# {"timestamp":"2026-04-22T14:42:20.638Z","level":"info","service":"my-module","event":"stage_run.save_ok","correlation_id":"56ee70a4-a56f-46b5-8381-8b3b1804a383","request_id":"56ee70a4-a56f-46b5-8381-8b3b1804a383","stage":"D","module":"task-management"}
# {"timestamp":"2026-04-22T14:42:20.796Z","level":"warn","service":"my-module","event":"server.draining","reason":"manual","drain_started_at":"2026-04-22T14:42:20.796Z"}
# Subtest: [stage run release evidence smoke] execute PASS auto-generates release evidence once and replays idempotently
not ok 155 - [stage run release evidence smoke] execute PASS auto-generates release evidence once and replays idempotently
  ---
  duration_ms: 209.01108
  type: 'test'
  location: '/root/workspace/my-module/src/tests/smoke/stageRunReleaseEvidence.smoke.test.js:174:1'
  failureType: 'testCodeFailure'
  error: |-
    Expected values to be strictly equal:
    
    false !== true
    
  code: 'ERR_ASSERTION'
  name: 'AssertionError'
  expected: true
  actual: false
  operator: 'strictEqual'
  stack: |-
    TestContext.<anonymous> (/root/workspace/my-module/src/tests/smoke/stageRunReleaseEvidence.smoke.test.js:215:12)
    process.processTicksAndRejections (node:internal/process/task_queues:103:5)
    async Test.run (node:internal/test_runner/test:1054:7)
    async startSubtestAfterBootstrap (node:internal/test_runner/harness:296:3)
  ...
# {"timestamp":"2026-04-22T14:42:20.804Z","level":"info","service":"my-module","event":"metric.counter","name":"stage_run_release_evidence_failures_total","delta":1,"total":1,"attributes":{"route":"/api/planning-studio/stage-run","method":"POST","stage":"D","module":"task-management"}}
# {"timestamp":"2026-04-22T14:42:20.804Z","level":"warn","service":"my-module","event":"stage_run.release_evidence_failed","correlation_id":"b508d369-a0f1-45de-af09-b74a3d71b72a","request_id":"b508d369-a0f1-45de-af09-b74a3d71b72a","stage":"D","module":"task-management","exit_code":17,"stderr":"simulated release evidence failure","error":null}
# {"timestamp":"2026-04-22T14:42:20.805Z","level":"info","service":"my-module","event":"span.end","trace_id":"a9d3ec4913184577bcdf355cbde1b49f","span_id":"5f0c63bc4d384645","parent_span_id":"7e9b678880074518","name":"planning_studio.stage_run","duration_ms":1,"status":"ok","attributes":{"http.route":"/api/planning-studio/stage-run","http.request.method":"POST","code.function":"createAppHandler","control_center.operation.duration_ms":1,"stage_run.stage":"D","stage_run.module":"task-management","stage_run.mode":"execute","stage_run.status":"pass","stage_run.report_saved":true,"stage_run.release_evidence.generated":false}}
# {"timestamp":"2026-04-22T14:42:20.805Z","level":"info","service":"my-module","event":"metric.histogram","name":"control_center_operation_duration_ms","value":1,"unit":"ms","attributes":{"operation":"planning_studio.stage_run","route":"/api/planning-studio/stage-run","method":"POST"}}
# {"timestamp":"2026-04-22T14:42:20.805Z","level":"info","service":"my-module","event":"control_center.operation","trace_id":"a9d3ec4913184577bcdf355cbde1b49f","parent_span_id":"7e9b678880074518","span_id":"5f0c63bc4d384645","correlation_id":"b508d369-a0f1-45de-af09-b74a3d71b72a","request_id":"b508d369-a0f1-45de-af09-b74a3d71b72a","operation":"planning_studio.stage_run","route":"/api/planning-studio/stage-run","method":"POST","duration_ms":1,"message":"ok","stage_run.stage":"D","stage_run.module":"task-management","stage_run.mode":"execute","stage_run.status":"pass","stage_run.report_saved":true,"stage_run.release_evidence.generated":false}
# {"timestamp":"2026-04-22T14:42:20.805Z","level":"info","service":"my-module","event":"metric.counter","name":"stage_run_report_saved_total","delta":1,"total":2,"attributes":{"route":"/api/planning-studio/stage-run","method":"POST","stage":"D","module":"task-management","mode":"execute"}}
# {"timestamp":"2026-04-22T14:42:20.805Z","level":"info","service":"my-module","event":"stage_run.save_ok","correlation_id":"b508d369-a0f1-45de-af09-b74a3d71b72a","request_id":"b508d369-a0f1-45de-af09-b74a3d71b72a","stage":"D","module":"task-management"}
# {"timestamp":"2026-04-22T14:42:20.973Z","level":"warn","service":"my-module","event":"server.draining","reason":"manual","drain_started_at":"2026-04-22T14:42:20.973Z"}
# Subtest: [stage run release evidence smoke] execute PASS keeps stage-run success even when release evidence generation fails
not ok 156 - [stage run release evidence smoke] execute PASS keeps stage-run success even when release evidence generation fails
  ---
  duration_ms: 177.924519
  type: 'test'
  location: '/root/workspace/my-module/src/tests/smoke/stageRunReleaseEvidence.smoke.test.js:242:1'
  failureType: 'testCodeFailure'
  error: |-
    Expected values to be strictly equal:
    + actual - expected
    
    + 'None'
    - 'simulated release evidence failure'
    
  code: 'ERR_ASSERTION'
  name: 'AssertionError'
  expected: 'simulated release evidence failure'
  actual: 'None'
  operator: 'strictEqual'
  stack: |-
    TestContext.<anonymous> (/root/workspace/my-module/src/tests/smoke/stageRunReleaseEvidence.smoke.test.js:279:12)
    process.processTicksAndRejections (node:internal/process/task_queues:103:5)
    async Test.run (node:internal/test_runner/test:1054:7)
    async Test.processPendingSubtests (node:internal/test_runner/test:744:7)
  ...
# (node:46476) ExperimentalWarning: SQLite is an experimental feature and might change at any time
# (Use `node --trace-warnings ...` to show where the warning was created)
# {"timestamp":"2026-04-22T14:42:21.048Z","level":"info","service":"my-module","event":"span.end","trace_id":"739d66573c194f95aa456d1d75c942e7","span_id":"898b48868ab7426b","parent_span_id":"2c240eb8ab3b4911","name":"planning_studio.stage_run","duration_ms":200,"status":"ok","attributes":{"http.route":"/api/planning-studio/stage-run","http.request.method":"POST","code.function":"createAppHandler","control_center.operation.duration_ms":200,"stage_run.stage":"D","stage_run.module":"task-management","stage_run.mode":"dry-run","stage_run.status":"ready","stage_run.report_saved":false,"stage_run.release_evidence.generated":false}}
# {"timestamp":"2026-04-22T14:42:21.048Z","level":"info","service":"my-module","event":"metric.histogram","name":"control_center_operation_duration_ms","value":200,"unit":"ms","attributes":{"operation":"planning_studio.stage_run","route":"/api/planning-studio/stage-run","method":"POST"}}
# {"timestamp":"2026-04-22T14:42:21.048Z","level":"info","service":"my-module","event":"control_center.operation","trace_id":"739d66573c194f95aa456d1d75c942e7","parent_span_id":"2c240eb8ab3b4911","span_id":"898b48868ab7426b","correlation_id":"50420bdf-97ad-4a8e-87da-35bbcc88e0ff","request_id":"50420bdf-97ad-4a8e-87da-35bbcc88e0ff","operation":"planning_studio.stage_run","route":"/api/planning-studio/stage-run","method":"POST","duration_ms":200,"message":"ok","stage_run.stage":"D","stage_run.module":"task-management","stage_run.mode":"dry-run","stage_run.status":"ready","stage_run.report_saved":false,"stage_run.release_evidence.generated":false}
# {"timestamp":"2026-04-22T14:42:21.048Z","level":"info","service":"my-module","event":"metric.counter","name":"stage_run_report_save_failures_total","delta":1,"total":1,"attributes":{"route":"/api/planning-studio/stage-run","method":"POST","stage":"D","module":"task-management","mode":"dry-run"}}
# {"timestamp":"2026-04-22T14:42:21.048Z","level":"warn","service":"my-module","event":"stage_run.save_failed","correlation_id":"50420bdf-97ad-4a8e-87da-35bbcc88e0ff","request_id":"50420bdf-97ad-4a8e-87da-35bbcc88e0ff","stage":"D","module":"task-management","exit_code":23,"stderr":"simulated save-stage-run failure","error":null}
# {"timestamp":"2026-04-22T14:42:21.053Z","level":"warn","service":"my-module","event":"server.draining","reason":"manual","drain_started_at":"2026-04-22T14:42:21.053Z"}
# Subtest: [stage run save failure smoke] stage-run responds with runtime observability when report persistence fails
ok 157 - [stage run save failure smoke] stage-run responds with runtime observability when report persistence fails
  ---
  duration_ms: 256.243845
  type: 'test'
  ...
# Subtest: [starter preset] goal-specific planning/routing/template preset is generated
ok 158 - [starter preset] goal-specific planning/routing/template preset is generated
  ---
  duration_ms: 91.091562
  type: 'test'
  ...
# Subtest: [startup diagnostic] shows env-absent hint when .env not found
ok 159 - [startup diagnostic] shows env-absent hint when .env not found
  ---
  duration_ms: 1.059285
  type: 'test'
  ...
# Subtest: [startup diagnostic] shows loaded flags when .env present with overrides
ok 160 - [startup diagnostic] shows loaded flags when .env present with overrides
  ---
  duration_ms: 0.372306
  type: 'test'
  ...
# Subtest: [startup diagnostic] shows hint when .env present but no WOS_FLAG_ vars
ok 161 - [startup diagnostic] shows hint when .env present but no WOS_FLAG_ vars
  ---
  duration_ms: 0.18222
  type: 'test'
  ...
# Subtest: [startup diagnostic] shows flags.yaml load failure warning
ok 162 - [startup diagnostic] shows flags.yaml load failure warning
  ---
  duration_ms: 0.119602
  type: 'test'
  ...
# Subtest: [startup diagnostic] separator lines present for terminal readability
ok 163 - [startup diagnostic] separator lines present for terminal readability
  ---
  duration_ms: 0.13083
  type: 'test'
  ...
# Subtest: [static analysis gate smoke] eslint reports zero errors across src/ domains/ scripts/
not ok 164 - [static analysis gate smoke] eslint reports zero errors across src/ domains/ scripts/
  ---
  duration_ms: 2506.146262
  type: 'test'
  location: '/root/workspace/my-module/src/tests/smoke/staticAnalysisGate.smoke.test.js:12:1'
  failureType: 'testCodeFailure'
  error: |-
    ESLint found lint errors or warnings — fix before releasing:
    
    /root/workspace/my-module/scripts/db-migrate.js
      51:5  warning  Unexpected console statement  no-console
      53:5  warning  Unexpected console statement  no-console
      59:1  warning  Unexpected console statement  no-console
    
    /root/workspace/my-module/src/server/createServer.js
      37:3   error  'PostgresInvoiceRepository' is assigned a value but never used           no-unused-vars
      38:3   error  'PostgresPaymentRepository' is assigned a value but never used           no-unused-vars
      39:3   error  'PostgresBillingExceptionRepository' is assigned a value but never used  no-unused-vars
      41:9   error  'SQLiteBillingRepository' is assigned a value but never used             no-unused-vars
      44:9   error  'PostgresVideoRepository' is assigned a value but never used             no-unused-vars
      44:34  error  'PostgresTranscodeJobRepository' is assigned a value but never used      no-unused-vars
      45:9   error  'SQLiteVideoRepository' is assigned a value but never used               no-unused-vars
      45:32  error  'SQLiteTranscodeJobRepository' is assigned a value but never used        no-unused-vars
    
    ✖ 11 problems (8 errors, 3 warnings)
    
    
    + actual - expected
    
    + '\n' +
    +   '/root/workspace/my-module/scripts/db-migrate.js\n' +
    +   '  51:5  warning  Unexpected console statement  no-console\n' +
    +   '  53:5  warning  Unexpected console statement  no-console\n' +
    +   '  59:1  warning  Unexpected console statement  no-console\n' +
    +   '\n' +
    +   '/root/workspace/my-module/src/server/createServer.js\n' +
    +   "  37:3   error  'PostgresInvoiceRepository' is assigned a value but never used           no-unused-vars\n" +
    +   "  38:3   error  'PostgresPaymentRepository' is assigned a value but never used           no-unused-vars\n" +
    +   "  39:3   error  'PostgresBillingExceptionRepository' is assigned a value but never used  no-unused-vars\n" +
    +   "  41:9   error  'SQLiteBillingRepository' is assigned a value but never used             no-unused-vars\n" +
    +   "  44:9   error  'PostgresVideoRepository' is assigned a value but never used             no-unused-vars\n" +
    +   "  44:34  error  'PostgresTranscodeJobRepository' is assigned a value but never used      no-unused-vars\n" +
    +   "  45:9   error  'SQLiteVideoRepository' is assigned a value but never used               no-unused-vars\n" +
    +   "  45:32  error  'SQLiteTranscodeJobRepository' is assigned a value but never used        no-unused-vars\n" +
    +   '\n' +
    +   '✖ 11 problems (8 errors, 3 warnings)\n' +
    +   '\n'
    - ''
    
  code: 'ERR_ASSERTION'
  name: 'AssertionError'
  expected: ''
  actual: |-
    
    /root/workspace/my-module/scripts/db-migrate.js
      51:5  warning  Unexpected console statement  no-console
      53:5  warning  Unexpected console statement  no-console
      59:1  warning  Unexpected console statement  no-console
    
    /root/workspace/my-module/src/server/createServer.js
      37:3   error  'PostgresInvoiceRepository' is assigned a value but never used           no-unused-vars
      38:3   error  'PostgresPaymentRepository' is assigned a value but never used           no-unused-vars
      39:3   error  'PostgresBillingExceptionRepository' is assigned a value but never used  no-unused-vars
      41:9   error  'SQLiteBillingRepository' is assigned a value but never used             no-unused-vars
      44:9   error  'PostgresVideoRepository' is assigned a value but never used             no-unused-vars
      44:34  error  'PostgresTranscodeJobRepository' is assigned a value but never used      no-unused-vars
      45:9   error  'SQLiteVideoRepository' is assigned a value but never used               no-unused-vars
      45:32  error  'SQLiteTranscodeJobRepository' is assigned a value but never used        no-unused-vars
    
    ✖ 11 problems (8 errors, 3 warnings)
    
    
  operator: 'strictEqual'
  stack: |-
    TestContext.<anonymous> (/root/workspace/my-module/src/tests/smoke/staticAnalysisGate.smoke.test.js:26:10)
    process.processTicksAndRejections (node:internal/process/task_queues:103:5)
    async Test.run (node:internal/test_runner/test:1054:7)
    async startSubtestAfterBootstrap (node:internal/test_runner/harness:296:3)
  ...
# Subtest: [static ui home] artifacts root home is generated with core navigation links
ok 165 - [static ui home] artifacts root home is generated with core navigation links
  ---
  duration_ms: 2220.001537
  type: 'test'
  ...
# (node:46632) ExperimentalWarning: SQLite is an experimental feature and might change at any time
# (Use `node --trace-warnings ...` to show where the warning was created)
# {"timestamp":"2026-04-22T14:42:21.238Z","level":"warn","service":"my-module","event":"server.draining","reason":"test","drain_started_at":"2026-04-22T14:42:21.238Z"}
# Subtest: [system api adversarial smoke] unauthorized admin actions return structured 403
ok 166 - [system api adversarial smoke] unauthorized admin actions return structured 403
  ---
  duration_ms: 50.401403
  type: 'test'
  ...
# {"timestamp":"2026-04-22T14:42:21.251Z","level":"warn","service":"my-module","event":"server.draining","reason":"test","drain_started_at":"2026-04-22T14:42:21.251Z"}
# Subtest: [system api adversarial smoke] SSE client can reconnect after disconnect with trace headers preserved
ok 167 - [system api adversarial smoke] SSE client can reconnect after disconnect with trace headers preserved
  ---
  duration_ms: 4012.088844
  type: 'test'
  ...
# (node:46883) ExperimentalWarning: SQLite is an experimental feature and might change at any time
# (Use `node --trace-warnings ...` to show where the warning was created)
# {"timestamp":"2026-04-22T14:42:22.012Z","level":"warn","service":"my-module","event":"server.draining","reason":"test","drain_started_at":"2026-04-22T14:42:22.012Z"}
# Subtest: [system api runtime smoke] system routes are mounted when system_api.enabled=true
ok 168 - [system api runtime smoke] system routes are mounted when system_api.enabled=true
  ---
  duration_ms: 69.414273
  type: 'test'
  ...
# {"timestamp":"2026-04-22T14:42:22.020Z","level":"warn","service":"my-module","event":"server.draining","reason":"test","drain_started_at":"2026-04-22T14:42:22.020Z"}
# Subtest: [system api runtime smoke] system routes return 404 when system_api.enabled=false
ok 169 - [system api runtime smoke] system routes return 404 when system_api.enabled=false
  ---
  duration_ms: 4.917327
  type: 'test'
  ...
# {"timestamp":"2026-04-22T14:42:22.024Z","level":"warn","service":"my-module","event":"server.draining","reason":"test","drain_started_at":"2026-04-22T14:42:22.024Z"}
# Subtest: [system api runtime smoke] sub-feature gates return 503 when disabled
not ok 170 - [system api runtime smoke] sub-feature gates return 503 when disabled
  ---
  duration_ms: 5004.270267
  type: 'test'
  location: '/root/workspace/my-module/src/tests/smoke/systemApiRuntime.smoke.test.js:126:1'
  failureType: 'testCodeFailure'
  error: |-
    Expected values to be strictly equal:
    
    200 !== 503
    
  code: 'ERR_ASSERTION'
  name: 'AssertionError'
  expected: 503
  actual: 200
  operator: 'strictEqual'
  stack: |-
    TestContext.<anonymous> (/root/workspace/my-module/src/tests/smoke/systemApiRuntime.smoke.test.js:135:12)
    process.processTicksAndRejections (node:internal/process/task_queues:103:5)
    async Test.run (node:internal/test_runner/test:1054:7)
    async Test.processPendingSubtests (node:internal/test_runner/test:744:7)
  ...
# (node:47362) ExperimentalWarning: SQLite is an experimental feature and might change at any time
# (Use `node --trace-warnings ...` to show where the warning was created)
# Subtest: [Stage E] 7개 System OS 아티팩트 파일 존재
ok 171 - [Stage E] 7개 System OS 아티팩트 파일 존재
  ---
  duration_ms: 0.969439
  type: 'test'
  ...
# Subtest: [Stage E] 모든 아티팩트에 shell.js + data-sse-connect 통합 확인
ok 172 - [Stage E] 모든 아티팩트에 shell.js + data-sse-connect 통합 확인
  ---
  duration_ms: 1.94308
  type: 'test'
  ...
# Subtest: [Stage E] shared 자산 파일 존재 및 최소 크기
ok 173 - [Stage E] shared 자산 파일 존재 및 최소 크기
  ---
  duration_ms: 0.291591
  type: 'test'
  ...
# Subtest: [Stage E] ui-shell.js 모듈 API 계약
ok 174 - [Stage E] ui-shell.js 모듈 API 계약
  ---
  duration_ms: 1.588297
  type: 'test'
  ...
# Subtest: [Stage E] SystemApiClient file mode 6개 메서드 응답 형태
ok 175 - [Stage E] SystemApiClient file mode 6개 메서드 응답 형태
  ---
  duration_ms: 2.664383
  type: 'test'
  ...
# {"timestamp":"2026-04-22T14:42:23.477Z","level":"warn","service":"my-module","event":"server.draining","reason":"test","drain_started_at":"2026-04-22T14:42:23.477Z"}
# Subtest: [Stage E] INV-SYS-001: toggleFlag — system.admin 없음 → 403
ok 176 - [Stage E] INV-SYS-001: toggleFlag — system.admin 없음 → 403
  ---
  duration_ms: 48.401775
  type: 'test'
  ...
# {"timestamp":"2026-04-22T14:42:23.488Z","level":"warn","service":"my-module","event":"server.draining","reason":"test","drain_started_at":"2026-04-22T14:42:23.488Z"}
# Subtest: [Stage E] INV-SYS-002: triggerRollback — system.admin 없음 → 403
ok 177 - [Stage E] INV-SYS-002: triggerRollback — system.admin 없음 → 403
  ---
  duration_ms: 10.28879
  type: 'test'
  ...
# {"timestamp":"2026-04-22T14:42:23.493Z","level":"warn","service":"my-module","event":"server.draining","reason":"test","drain_started_at":"2026-04-22T14:42:23.493Z"}
# Subtest: [Stage E] INV-SYS-003: system_api.enabled=false → GET /health → 404
ok 178 - [Stage E] INV-SYS-003: system_api.enabled=false → GET /health → 404
  ---
  duration_ms: 4.676199
  type: 'test'
  ...
# {"timestamp":"2026-04-22T14:42:23.499Z","level":"warn","service":"my-module","event":"server.draining","reason":"test","drain_started_at":"2026-04-22T14:42:23.499Z"}
# Subtest: [Stage E] INV-SYS-004: flag_toggle_ui=false → PATCH /flags/:id → 503
ok 179 - [Stage E] INV-SYS-004: flag_toggle_ui=false → PATCH /flags/:id → 503
  ---
  duration_ms: 5.710324
  type: 'test'
  ...
# {"timestamp":"2026-04-22T14:42:23.504Z","level":"warn","service":"my-module","event":"server.draining","reason":"test","drain_started_at":"2026-04-22T14:42:23.504Z"}
# Subtest: [Stage E] INV-SYS-005: rollback_ui=false → POST /rollback → 503
ok 180 - [Stage E] INV-SYS-005: rollback_ui=false → POST /rollback → 503
  ---
  duration_ms: 4.580962
  type: 'test'
  ...
# {"timestamp":"2026-04-22T14:42:23.508Z","level":"warn","service":"my-module","event":"server.draining","reason":"test","drain_started_at":"2026-04-22T14:42:23.508Z"}
# Subtest: [Stage E] GET /api/v1/system/events → text/event-stream (SSE 연결 확인)
ok 181 - [Stage E] GET /api/v1/system/events → text/event-stream (SSE 연결 확인)
  ---
  duration_ms: 5.51928
  type: 'test'
  ...
# Subtest: [token roi] context lock and exception routing produce token ROI guidance
ok 182 - [token roi] context lock and exception routing produce token ROI guidance
  ---
  duration_ms: 67.722126
  type: 'test'
  ...
# Subtest: [token roi routing] token ROI turns into a concrete routing patch
ok 183 - [token roi routing] token ROI turns into a concrete routing patch
  ---
  duration_ms: 61.236125
  type: 'test'
  ...
# Subtest: [validation profiles smoke] packet type and stage resolve to a stable minimum command bundle
ok 184 - [validation profiles smoke] packet type and stage resolve to a stable minimum command bundle
  ---
  duration_ms: 120.107384
  type: 'test'
  ...
# Subtest: [verified auto commit guard smoke] dry-run summary exposes commit candidate and validation bundle
ok 185 - [verified auto commit guard smoke] dry-run summary exposes commit candidate and validation bundle
  ---
  duration_ms: 122.738331
  type: 'test'
  ...
# Subtest: [verified auto commit guard smoke] guard blocks protected branches and failed validation
ok 186 - [verified auto commit guard smoke] guard blocks protected branches and failed validation
  ---
  duration_ms: 0.253125
  type: 'test'
  ...
# Subtest: [wp scheduler readiness] json output includes promotion pipeline readiness
ok 187 - [wp scheduler readiness] json output includes promotion pipeline readiness
  ---
  duration_ms: 234.147967
  type: 'test'
  ...
1..187
# tests 192
# suites 2
# pass 186
# fail 6
# cancelled 0
# skipped 0
# todo 0
# duration_ms 29959.064552